bench,bpred,size,frmt,metric,value
gcc,tscl,128KB,0,lookups,2423636
gcc,tscl,128KB,0,updates,2060509
gcc,tscl,128KB,0,addr_hits,1851196
gcc,tscl,128KB,0,dir_hits,1913482
gcc,tscl,128KB,0,misses,147027
gcc,tscl,128KB,0,jr_hits,134541
gcc,tscl,128KB,0,jr_seen,174463
gcc,tscl,128KB,0,jr_non_ras_hits.PP,17128
gcc,tscl,128KB,0,jr_non_ras_seen.PP,53074
gcc,tscl,128KB,0,bpred_addr_rate,0.8984
gcc,tscl,128KB,0,bpred_dir_rate,0.9286
gcc,tscl,128KB,0,bpred_jr_rate,0.7712
gcc,tscl,128KB,0,bpred_jr_non_ras_rate.PP,0.3227
gcc,tscl,128KB,0,retstack_pushes,148330
gcc,tscl,128KB,0,retstack_pops,135998
gcc,tscl,128KB,0,used_ras.PP,121389
gcc,tscl,128KB,0,ras_hits.PP,117413
gcc,tscl,128KB,0,ras_rate.PP,0.9672
gcc,tscl,128KB,0,reverse_lookups,2060509
gcc,tscl,128KB,0,reverse_updates,2060509
gcc,tscl,128KB,0,reverse_addr_hits,1780845
gcc,tscl,128KB,0,reverse_dir_hits,1841073
gcc,tscl,128KB,0,reverse_misses,219436
gcc,tscl,128KB,0,reverse_jr_hits,138539
gcc,tscl,128KB,0,reverse_jr_seen,174463
gcc,tscl,128KB,0,reverse_jr_non_ras_hits.PP,17150
gcc,tscl,128KB,0,reverse_jr_non_ras_seen.PP,53074
gcc,tscl,128KB,0,reverse_bpred_addr_rate,0.8643
gcc,tscl,128KB,0,reverse_bpred_dir_rate,0.8935
gcc,tscl,128KB,0,reverse_bpred_jr_rate,0.7941
gcc,tscl,128KB,0,reverse_bpred_jr_non_ras_rate.PP,0.3231
gcc,tscl,128KB,0,reverse_retstack_pushes,121389
gcc,tscl,128KB,0,reverse_retstack_pops,121402
gcc,tscl,128KB,0,reverse_used_ras.PP,121389
gcc,tscl,128KB,0,reverse_ras_hits.PP,121389
gcc,tscl,128KB,0,reverse_ras_rate.PP,1.0000
gcc,tscl,128KB,0,ob_fwd_lookups,0
gcc,tscl,128KB,0,ob_fwd_hits,0
gcc,tscl,128KB,0,ob_fwd_chosen,0
gcc,tscl,128KB,0,ob_fwd_correct,0
gcc,tscl,128KB,0,ob_rev_lookups,5083360
gcc,tscl,128KB,0,ob_rev_hits,262144
gcc,tscl,128KB,0,ob_rev_chosen,0
gcc,tscl,128KB,0,ob_rev_correct,126831
gcc,tscl,128KB,0,fhb_fwd_lookups,0
gcc,tscl,128KB,0,fhb_rev_lookups,5083360
gcc,tscl,128KB,0,fhb_fwd_valid_out,1598765
gcc,tscl,128KB,0,fhb_rev_valid_out,1598782
gcc,tscl,128KB,0,fhb_fwd_pred_uses,0
gcc,tscl,128KB,0,fhb_rev_pred_uses,0
gcc,tscl,128KB,0,fhb_fwd_update_uses,9592590
gcc,tscl,128KB,0,fhb_rev_update_uses,19185180
gcc,tscl,128KB,0,fhb_fwd_writes,1598782
gcc,tscl,128KB,0,fhb_rev_writes,1598782
gcc,tscl,128KB,0,fhb_fwd_ob_bypassed,0
gcc,tscl,128KB,0,fhb_rev_ob_bypassed,262144
gcc,tscl,128KB,0,fhb_fwd_oht_bypassed,0
gcc,tscl,128KB,0,fhb_rev_oht_bypassed,262144
gcc,tscl,128KB,0,oht_fwd_lookups,0
gcc,tscl,128KB,0,oht_fwd_hits,0
gcc,tscl,128KB,0,oht_fwd_chosen,0
gcc,tscl,128KB,0,oht_fwd_correct,0
gcc,tscl,128KB,0,oht_rev_lookups,5083360
gcc,tscl,128KB,0,oht_rev_hits,1467710
gcc,tscl,128KB,0,oht_rev_chosen,0
gcc,tscl,128KB,0,oht_rev_correct,1241239
gcc,tscl,128KB,0,frmt_fwd_lookups,0
gcc,tscl,128KB,0,frmt_fwd_hits,0
gcc,tscl,128KB,0,frmt_fwd_misses,0
gcc,tscl,128KB,0,frmt_rev_lookups,0
gcc,tscl,128KB,0,frmt_rev_hits,0
gcc,tscl,128KB,0,frmt_rev_misses,0
gcc,tscl,128KB,0,tage_fwd_lookups,12367503
gcc,tscl,128KB,0,tage_rev_lookups,0
gcc,tscl,128KB,0,tage_fwd_tag_matches,823721
gcc,tscl,128KB,0,tage_rev_tag_matches,0
gcc,tscl,128KB,0,sc_fwd_lookups,13938312
gcc,tscl,128KB,0,sc_rev_lookups,0
gcc,tscl,128KB,0,sc_fwd_inversions,31836
gcc,tscl,128KB,0,sc_rev_inversions,0
gcc,tscl,128KB,0,sc_fwd_threshold_checks,3484073
gcc,tscl,128KB,0,sc_rev_threshold_checks,0
gcc,tscl,128KB,0,sc_fwd_threshold_pass,31836
gcc,tscl,128KB,0,sc_rev_threshold_pass,0
gcc,tscl,128KB,0,sc_fwd_updates,6395060
gcc,tscl,128KB,0,sc_rev_updates,1598765
gcc,tscl,128KB,0,loop_fwd_lookups,3484578
gcc,tscl,128KB,0,loop_rev_lookups,3484578
gcc,tscl,128KB,0,loop_fwd_hits,505
gcc,tscl,128KB,0,loop_rev_hits,381
gcc,tscl,128KB,0,loop_fwd_chosen,505
gcc,tscl,128KB,0,loop_rev_chosen,381
gcc,tscl,128KB,0,llbp_fwd_lookups,0
gcc,tscl,128KB,0,llbp_rev_lookups,0
gcc,tscl,128KB,0,llbp_fwd_hits,0
gcc,tscl,128KB,0,llbp_rev_hits,0
gcc,tscl,128KB,0,llbp_fwd_chosen,0
gcc,tscl,128KB,0,llbp_rev_chosen,0
gcc,tscl,128KB,1,lookups,2425002
gcc,tscl,128KB,1,updates,2060509
gcc,tscl,128KB,1,addr_hits,1846898
gcc,tscl,128KB,1,dir_hits,1909271
gcc,tscl,128KB,1,misses,151238
gcc,tscl,128KB,1,jr_hits,134413
gcc,tscl,128KB,1,jr_seen,174463
gcc,tscl,128KB,1,jr_non_ras_hits.PP,17128
gcc,tscl,128KB,1,jr_non_ras_seen.PP,53074
gcc,tscl,128KB,1,bpred_addr_rate,0.8963
gcc,tscl,128KB,1,bpred_dir_rate,0.9266
gcc,tscl,128KB,1,bpred_jr_rate,0.7704
gcc,tscl,128KB,1,bpred_jr_non_ras_rate.PP,0.3227
gcc,tscl,128KB,1,retstack_pushes,148415
gcc,tscl,128KB,1,retstack_pops,135980
gcc,tscl,128KB,1,used_ras.PP,121389
gcc,tscl,128KB,1,ras_hits.PP,117285
gcc,tscl,128KB,1,ras_rate.PP,0.9662
gcc,tscl,128KB,1,reverse_lookups,2060509
gcc,tscl,128KB,1,reverse_updates,2060509
gcc,tscl,128KB,1,reverse_addr_hits,1870349
gcc,tscl,128KB,1,reverse_dir_hits,1930328
gcc,tscl,128KB,1,reverse_misses,130181
gcc,tscl,128KB,1,reverse_jr_hits,138539
gcc,tscl,128KB,1,reverse_jr_seen,174463
gcc,tscl,128KB,1,reverse_jr_non_ras_hits.PP,17150
gcc,tscl,128KB,1,reverse_jr_non_ras_seen.PP,53074
gcc,tscl,128KB,1,reverse_bpred_addr_rate,0.9077
gcc,tscl,128KB,1,reverse_bpred_dir_rate,0.9368
gcc,tscl,128KB,1,reverse_bpred_jr_rate,0.7941
gcc,tscl,128KB,1,reverse_bpred_jr_non_ras_rate.PP,0.3231
gcc,tscl,128KB,1,reverse_retstack_pushes,121389
gcc,tscl,128KB,1,reverse_retstack_pops,121402
gcc,tscl,128KB,1,reverse_used_ras.PP,121389
gcc,tscl,128KB,1,reverse_ras_hits.PP,121389
gcc,tscl,128KB,1,reverse_ras_rate.PP,1.0000
gcc,tscl,128KB,1,ob_fwd_lookups,0
gcc,tscl,128KB,1,ob_fwd_hits,0
gcc,tscl,128KB,1,ob_fwd_chosen,0
gcc,tscl,128KB,1,ob_fwd_correct,0
gcc,tscl,128KB,1,ob_rev_lookups,5084616
gcc,tscl,128KB,1,ob_rev_hits,262144
gcc,tscl,128KB,1,ob_rev_chosen,0
gcc,tscl,128KB,1,ob_rev_correct,126831
gcc,tscl,128KB,1,fhb_fwd_lookups,0
gcc,tscl,128KB,1,fhb_rev_lookups,5084616
gcc,tscl,128KB,1,fhb_fwd_valid_out,1598765
gcc,tscl,128KB,1,fhb_rev_valid_out,1598782
gcc,tscl,128KB,1,fhb_fwd_pred_uses,0
gcc,tscl,128KB,1,fhb_rev_pred_uses,0
gcc,tscl,128KB,1,fhb_fwd_update_uses,0
gcc,tscl,128KB,1,fhb_rev_update_uses,0
gcc,tscl,128KB,1,fhb_fwd_writes,1598782
gcc,tscl,128KB,1,fhb_rev_writes,1598782
gcc,tscl,128KB,1,fhb_fwd_ob_bypassed,0
gcc,tscl,128KB,1,fhb_rev_ob_bypassed,925328
gcc,tscl,128KB,1,fhb_fwd_oht_bypassed,0
gcc,tscl,128KB,1,fhb_rev_oht_bypassed,925328
gcc,tscl,128KB,1,oht_fwd_lookups,0
gcc,tscl,128KB,1,oht_fwd_hits,0
gcc,tscl,128KB,1,oht_fwd_chosen,0
gcc,tscl,128KB,1,oht_fwd_correct,0
gcc,tscl,128KB,1,oht_rev_lookups,5084616
gcc,tscl,128KB,1,oht_rev_hits,663184
gcc,tscl,128KB,1,oht_rev_chosen,0
gcc,tscl,128KB,1,oht_rev_correct,547061
gcc,tscl,128KB,1,frmt_fwd_lookups,0
gcc,tscl,128KB,1,frmt_fwd_hits,0
gcc,tscl,128KB,1,frmt_fwd_misses,0
gcc,tscl,128KB,1,frmt_rev_lookups,8606529
gcc,tscl,128KB,1,frmt_rev_hits,7310491
gcc,tscl,128KB,1,frmt_rev_misses,1296038
gcc,tscl,128KB,1,tage_fwd_lookups,11699213
gcc,tscl,128KB,1,tage_rev_lookups,0
gcc,tscl,128KB,1,tage_fwd_tag_matches,1167861
gcc,tscl,128KB,1,tage_rev_tag_matches,0
gcc,tscl,128KB,1,sc_fwd_lookups,13943336
gcc,tscl,128KB,1,sc_rev_lookups,0
gcc,tscl,128KB,1,sc_fwd_inversions,39009
gcc,tscl,128KB,1,sc_rev_inversions,0
gcc,tscl,128KB,1,sc_fwd_threshold_checks,3485323
gcc,tscl,128KB,1,sc_rev_threshold_checks,0
gcc,tscl,128KB,1,sc_fwd_threshold_pass,39009
gcc,tscl,128KB,1,sc_rev_threshold_pass,0
gcc,tscl,128KB,1,sc_fwd_updates,0
gcc,tscl,128KB,1,sc_rev_updates,0
gcc,tscl,128KB,1,loop_fwd_lookups,3485834
gcc,tscl,128KB,1,loop_rev_lookups,3485834
gcc,tscl,128KB,1,loop_fwd_hits,511
gcc,tscl,128KB,1,loop_rev_hits,505
gcc,tscl,128KB,1,loop_fwd_chosen,511
gcc,tscl,128KB,1,loop_rev_chosen,505
gcc,tscl,128KB,1,llbp_fwd_lookups,0
gcc,tscl,128KB,1,llbp_rev_lookups,0
gcc,tscl,128KB,1,llbp_fwd_hits,0
gcc,tscl,128KB,1,llbp_rev_hits,0
gcc,tscl,128KB,1,llbp_fwd_chosen,0
gcc,tscl,128KB,1,llbp_rev_chosen,0
gcc,tscl,16KB,0,lookups,2434524
gcc,tscl,16KB,0,updates,2060509
gcc,tscl,16KB,0,addr_hits,1840367
gcc,tscl,16KB,0,dir_hits,1902340
gcc,tscl,16KB,0,misses,158169
gcc,tscl,16KB,0,jr_hits,134403
gcc,tscl,16KB,0,jr_seen,174463
gcc,tscl,16KB,0,jr_non_ras_hits.PP,17128
gcc,tscl,16KB,0,jr_non_ras_seen.PP,53074
gcc,tscl,16KB,0,bpred_addr_rate,0.8932
gcc,tscl,16KB,0,bpred_dir_rate,0.9232
gcc,tscl,16KB,0,bpred_jr_rate,0.7704
gcc,tscl,16KB,0,bpred_jr_non_ras_rate.PP,0.3227
gcc,tscl,16KB,0,retstack_pushes,150253
gcc,tscl,16KB,0,retstack_pops,135382
gcc,tscl,16KB,0,used_ras.PP,121389
gcc,tscl,16KB,0,ras_hits.PP,117275
gcc,tscl,16KB,0,ras_rate.PP,0.9661
gcc,tscl,16KB,0,reverse_lookups,2060509
gcc,tscl,16KB,0,reverse_updates,2060509
gcc,tscl,16KB,0,reverse_addr_hits,1452541
gcc,tscl,16KB,0,reverse_dir_hits,1507275
gcc,tscl,16KB,0,reverse_misses,553234
gcc,tscl,16KB,0,reverse_jr_hits,138539
gcc,tscl,16KB,0,reverse_jr_seen,174463
gcc,tscl,16KB,0,reverse_jr_non_ras_hits.PP,17150
gcc,tscl,16KB,0,reverse_jr_non_ras_seen.PP,53074
gcc,tscl,16KB,0,reverse_bpred_addr_rate,0.7049
gcc,tscl,16KB,0,reverse_bpred_dir_rate,0.7315
gcc,tscl,16KB,0,reverse_bpred_jr_rate,0.7941
gcc,tscl,16KB,0,reverse_bpred_jr_non_ras_rate.PP,0.3231
gcc,tscl,16KB,0,reverse_retstack_pushes,121389
gcc,tscl,16KB,0,reverse_retstack_pops,121402
gcc,tscl,16KB,0,reverse_used_ras.PP,121389
gcc,tscl,16KB,0,reverse_ras_hits.PP,121389
gcc,tscl,16KB,0,reverse_ras_rate.PP,1.0000
gcc,tscl,16KB,0,ob_fwd_lookups,0
gcc,tscl,16KB,0,ob_fwd_hits,0
gcc,tscl,16KB,0,ob_fwd_chosen,0
gcc,tscl,16KB,0,ob_fwd_correct,0
gcc,tscl,16KB,0,ob_rev_lookups,5094495
gcc,tscl,16KB,0,ob_rev_hits,32768
gcc,tscl,16KB,0,ob_rev_chosen,0
gcc,tscl,16KB,0,ob_rev_correct,16136
gcc,tscl,16KB,0,fhb_fwd_lookups,0
gcc,tscl,16KB,0,fhb_rev_lookups,5094495
gcc,tscl,16KB,0,fhb_fwd_valid_out,1598765
gcc,tscl,16KB,0,fhb_rev_valid_out,1598782
gcc,tscl,16KB,0,fhb_fwd_pred_uses,0
gcc,tscl,16KB,0,fhb_rev_pred_uses,0
gcc,tscl,16KB,0,fhb_fwd_update_uses,9592590
gcc,tscl,16KB,0,fhb_rev_update_uses,19185180
gcc,tscl,16KB,0,fhb_fwd_writes,1598782
gcc,tscl,16KB,0,fhb_rev_writes,1598782
gcc,tscl,16KB,0,fhb_fwd_ob_bypassed,0
gcc,tscl,16KB,0,fhb_rev_ob_bypassed,32768
gcc,tscl,16KB,0,fhb_fwd_oht_bypassed,0
gcc,tscl,16KB,0,fhb_rev_oht_bypassed,32768
gcc,tscl,16KB,0,oht_fwd_lookups,0
gcc,tscl,16KB,0,oht_fwd_hits,0
gcc,tscl,16KB,0,oht_fwd_chosen,0
gcc,tscl,16KB,0,oht_fwd_correct,0
gcc,tscl,16KB,0,oht_rev_lookups,5094495
gcc,tscl,16KB,0,oht_rev_hits,1582394
gcc,tscl,16KB,0,oht_rev_chosen,0
gcc,tscl,16KB,0,oht_rev_correct,1023628
gcc,tscl,16KB,0,frmt_fwd_lookups,0
gcc,tscl,16KB,0,frmt_fwd_hits,0
gcc,tscl,16KB,0,frmt_fwd_misses,0
gcc,tscl,16KB,0,frmt_rev_lookups,0
gcc,tscl,16KB,0,frmt_rev_hits,0
gcc,tscl,16KB,0,frmt_rev_misses,0
gcc,tscl,16KB,0,tage_fwd_lookups,12577683
gcc,tscl,16KB,0,tage_rev_lookups,0
gcc,tscl,16KB,0,tage_fwd_tag_matches,1107440
gcc,tscl,16KB,0,tage_rev_tag_matches,0
gcc,tscl,16KB,0,sc_fwd_lookups,13982852
gcc,tscl,16KB,0,sc_rev_lookups,0
gcc,tscl,16KB,0,sc_fwd_inversions,23189
gcc,tscl,16KB,0,sc_rev_inversions,0
gcc,tscl,16KB,0,sc_fwd_threshold_checks,3495208
gcc,tscl,16KB,0,sc_rev_threshold_checks,0
gcc,tscl,16KB,0,sc_fwd_threshold_pass,23189
gcc,tscl,16KB,0,sc_rev_threshold_pass,0
gcc,tscl,16KB,0,sc_fwd_updates,6395060
gcc,tscl,16KB,0,sc_rev_updates,1598765
gcc,tscl,16KB,0,loop_fwd_lookups,3495713
gcc,tscl,16KB,0,loop_rev_lookups,3495713
gcc,tscl,16KB,0,loop_fwd_hits,505
gcc,tscl,16KB,0,loop_rev_hits,381
gcc,tscl,16KB,0,loop_fwd_chosen,505
gcc,tscl,16KB,0,loop_rev_chosen,381
gcc,tscl,16KB,0,llbp_fwd_lookups,0
gcc,tscl,16KB,0,llbp_rev_lookups,0
gcc,tscl,16KB,0,llbp_fwd_hits,0
gcc,tscl,16KB,0,llbp_rev_hits,0
gcc,tscl,16KB,0,llbp_fwd_chosen,0
gcc,tscl,16KB,0,llbp_rev_chosen,0
gcc,tscl,16KB,1,lookups,2435952
gcc,tscl,16KB,1,updates,2060509
gcc,tscl,16KB,1,addr_hits,1822747
gcc,tscl,16KB,1,dir_hits,1884534
gcc,tscl,16KB,1,misses,175975
gcc,tscl,16KB,1,jr_hits,134429
gcc,tscl,16KB,1,jr_seen,174463
gcc,tscl,16KB,1,jr_non_ras_hits.PP,17128
gcc,tscl,16KB,1,jr_non_ras_seen.PP,53074
gcc,tscl,16KB,1,bpred_addr_rate,0.8846
gcc,tscl,16KB,1,bpred_dir_rate,0.9146
gcc,tscl,16KB,1,bpred_jr_rate,0.7705
gcc,tscl,16KB,1,bpred_jr_non_ras_rate.PP,0.3227
gcc,tscl,16KB,1,retstack_pushes,149901
gcc,tscl,16KB,1,retstack_pops,135776
gcc,tscl,16KB,1,used_ras.PP,121389
gcc,tscl,16KB,1,ras_hits.PP,117301
gcc,tscl,16KB,1,ras_rate.PP,0.9663
gcc,tscl,16KB,1,reverse_lookups,2060509
gcc,tscl,16KB,1,reverse_updates,2060509
gcc,tscl,16KB,1,reverse_addr_hits,1918286
gcc,tscl,16KB,1,reverse_dir_hits,1974748
gcc,tscl,16KB,1,reverse_misses,85761
gcc,tscl,16KB,1,reverse_jr_hits,138539
gcc,tscl,16KB,1,reverse_jr_seen,174463
gcc,tscl,16KB,1,reverse_jr_non_ras_hits.PP,17150
gcc,tscl,16KB,1,reverse_jr_non_ras_seen.PP,53074
gcc,tscl,16KB,1,reverse_bpred_addr_rate,0.9310
gcc,tscl,16KB,1,reverse_bpred_dir_rate,0.9584
gcc,tscl,16KB,1,reverse_bpred_jr_rate,0.7941
gcc,tscl,16KB,1,reverse_bpred_jr_non_ras_rate.PP,0.3231
gcc,tscl,16KB,1,reverse_retstack_pushes,121389
gcc,tscl,16KB,1,reverse_retstack_pops,121402
gcc,tscl,16KB,1,reverse_used_ras.PP,121389
gcc,tscl,16KB,1,reverse_ras_hits.PP,121389
gcc,tscl,16KB,1,reverse_ras_rate.PP,1.0000
gcc,tscl,16KB,1,ob_fwd_lookups,0
gcc,tscl,16KB,1,ob_fwd_hits,0
gcc,tscl,16KB,1,ob_fwd_chosen,0
gcc,tscl,16KB,1,ob_fwd_correct,0
gcc,tscl,16KB,1,ob_rev_lookups,5094837
gcc,tscl,16KB,1,ob_rev_hits,32768
gcc,tscl,16KB,1,ob_rev_chosen,0
gcc,tscl,16KB,1,ob_rev_correct,16136
gcc,tscl,16KB,1,fhb_fwd_lookups,0
gcc,tscl,16KB,1,fhb_rev_lookups,5094837
gcc,tscl,16KB,1,fhb_fwd_valid_out,1598765
gcc,tscl,16KB,1,fhb_rev_valid_out,1598782
gcc,tscl,16KB,1,fhb_fwd_pred_uses,0
gcc,tscl,16KB,1,fhb_rev_pred_uses,0
gcc,tscl,16KB,1,fhb_fwd_update_uses,0
gcc,tscl,16KB,1,fhb_rev_update_uses,0
gcc,tscl,16KB,1,fhb_fwd_writes,1598782
gcc,tscl,16KB,1,fhb_rev_writes,1598782
gcc,tscl,16KB,1,fhb_fwd_ob_bypassed,0
gcc,tscl,16KB,1,fhb_rev_ob_bypassed,102045
gcc,tscl,16KB,1,fhb_fwd_oht_bypassed,0
gcc,tscl,16KB,1,fhb_rev_oht_bypassed,102045
gcc,tscl,16KB,1,oht_fwd_lookups,0
gcc,tscl,16KB,1,oht_fwd_hits,0
gcc,tscl,16KB,1,oht_fwd_chosen,0
gcc,tscl,16KB,1,oht_fwd_correct,0
gcc,tscl,16KB,1,oht_rev_lookups,5094837
gcc,tscl,16KB,1,oht_rev_hits,69277
gcc,tscl,16KB,1,oht_rev_chosen,0
gcc,tscl,16KB,1,oht_rev_correct,40656
gcc,tscl,16KB,1,frmt_fwd_lookups,0
gcc,tscl,16KB,1,frmt_fwd_hits,0
gcc,tscl,16KB,1,frmt_fwd_misses,0
gcc,tscl,16KB,1,frmt_rev_lookups,8617479
gcc,tscl,16KB,1,frmt_rev_hits,8357322
gcc,tscl,16KB,1,frmt_rev_misses,260157
gcc,tscl,16KB,1,tage_fwd_lookups,12462002
gcc,tscl,16KB,1,tage_rev_lookups,0
gcc,tscl,16KB,1,tage_fwd_tag_matches,1214723
gcc,tscl,16KB,1,tage_rev_tag_matches,0
gcc,tscl,16KB,1,sc_fwd_lookups,13984220
gcc,tscl,16KB,1,sc_rev_lookups,0
gcc,tscl,16KB,1,sc_fwd_inversions,52630
gcc,tscl,16KB,1,sc_rev_inversions,0
gcc,tscl,16KB,1,sc_fwd_threshold_checks,3495544
gcc,tscl,16KB,1,sc_rev_threshold_checks,0
gcc,tscl,16KB,1,sc_fwd_threshold_pass,52630
gcc,tscl,16KB,1,sc_rev_threshold_pass,0
gcc,tscl,16KB,1,sc_fwd_updates,0
gcc,tscl,16KB,1,sc_rev_updates,0
gcc,tscl,16KB,1,loop_fwd_lookups,3496055
gcc,tscl,16KB,1,loop_rev_lookups,3496055
gcc,tscl,16KB,1,loop_fwd_hits,511
gcc,tscl,16KB,1,loop_rev_hits,505
gcc,tscl,16KB,1,loop_fwd_chosen,511
gcc,tscl,16KB,1,loop_rev_chosen,505
gcc,tscl,16KB,1,llbp_fwd_lookups,0
gcc,tscl,16KB,1,llbp_rev_lookups,0
gcc,tscl,16KB,1,llbp_fwd_hits,0
gcc,tscl,16KB,1,llbp_rev_hits,0
gcc,tscl,16KB,1,llbp_fwd_chosen,0
gcc,tscl,16KB,1,llbp_rev_chosen,0
gcc,tscl,1MB,0,lookups,2425129
gcc,tscl,1MB,0,updates,2060509
gcc,tscl,1MB,0,addr_hits,1851234
gcc,tscl,1MB,0,dir_hits,1913652
gcc,tscl,1MB,0,misses,146857
gcc,tscl,1MB,0,jr_hits,134387
gcc,tscl,1MB,0,jr_seen,174463
gcc,tscl,1MB,0,jr_non_ras_hits.PP,17128
gcc,tscl,1MB,0,jr_non_ras_seen.PP,53074
gcc,tscl,1MB,0,bpred_addr_rate,0.8984
gcc,tscl,1MB,0,bpred_dir_rate,0.9287
gcc,tscl,1MB,0,bpred_jr_rate,0.7703
gcc,tscl,1MB,0,bpred_jr_non_ras_rate.PP,0.3227
gcc,tscl,1MB,0,retstack_pushes,148381
gcc,tscl,1MB,0,retstack_pops,136105
gcc,tscl,1MB,0,used_ras.PP,121389
gcc,tscl,1MB,0,ras_hits.PP,117259
gcc,tscl,1MB,0,ras_rate.PP,0.9660
gcc,tscl,1MB,0,reverse_lookups,2060509
gcc,tscl,1MB,0,reverse_updates,2060509
gcc,tscl,1MB,0,reverse_addr_hits,1967425
gcc,tscl,1MB,0,reverse_dir_hits,2030220
gcc,tscl,1MB,0,reverse_misses,30289
gcc,tscl,1MB,0,reverse_jr_hits,138539
gcc,tscl,1MB,0,reverse_jr_seen,174463
gcc,tscl,1MB,0,reverse_jr_non_ras_hits.PP,17150
gcc,tscl,1MB,0,reverse_jr_non_ras_seen.PP,53074
gcc,tscl,1MB,0,reverse_bpred_addr_rate,0.9548
gcc,tscl,1MB,0,reverse_bpred_dir_rate,0.9853
gcc,tscl,1MB,0,reverse_bpred_jr_rate,0.7941
gcc,tscl,1MB,0,reverse_bpred_jr_non_ras_rate.PP,0.3231
gcc,tscl,1MB,0,reverse_retstack_pushes,121389
gcc,tscl,1MB,0,reverse_retstack_pops,121402
gcc,tscl,1MB,0,reverse_used_ras.PP,121389
gcc,tscl,1MB,0,reverse_ras_hits.PP,121389
gcc,tscl,1MB,0,reverse_ras_rate.PP,1.0000
gcc,tscl,1MB,0,ob_fwd_lookups,0
gcc,tscl,1MB,0,ob_fwd_hits,0
gcc,tscl,1MB,0,ob_fwd_chosen,0
gcc,tscl,1MB,0,ob_fwd_correct,0
gcc,tscl,1MB,0,ob_rev_lookups,5084361
gcc,tscl,1MB,0,ob_rev_hits,2097152
gcc,tscl,1MB,0,ob_rev_chosen,0
gcc,tscl,1MB,0,ob_rev_correct,1029397
gcc,tscl,1MB,0,fhb_fwd_lookups,0
gcc,tscl,1MB,0,fhb_rev_lookups,5084361
gcc,tscl,1MB,0,fhb_fwd_valid_out,1598765
gcc,tscl,1MB,0,fhb_rev_valid_out,1598782
gcc,tscl,1MB,0,fhb_fwd_pred_uses,0
gcc,tscl,1MB,0,fhb_rev_pred_uses,0
gcc,tscl,1MB,0,fhb_fwd_update_uses,9592590
gcc,tscl,1MB,0,fhb_rev_update_uses,19185180
gcc,tscl,1MB,0,fhb_fwd_writes,1598782
gcc,tscl,1MB,0,fhb_rev_writes,1598782
gcc,tscl,1MB,0,fhb_fwd_ob_bypassed,0
gcc,tscl,1MB,0,fhb_rev_ob_bypassed,2097152
gcc,tscl,1MB,0,fhb_fwd_oht_bypassed,0
gcc,tscl,1MB,0,fhb_rev_oht_bypassed,2097152
gcc,tscl,1MB,0,oht_fwd_lookups,0
gcc,tscl,1MB,0,oht_fwd_hits,0
gcc,tscl,1MB,0,oht_fwd_chosen,0
gcc,tscl,1MB,0,oht_fwd_correct,0
gcc,tscl,1MB,0,oht_rev_lookups,5084361
gcc,tscl,1MB,0,oht_rev_hits,550206
gcc,tscl,1MB,0,oht_rev_chosen,0
gcc,tscl,1MB,0,oht_rev_correct,525253
gcc,tscl,1MB,0,frmt_fwd_lookups,0
gcc,tscl,1MB,0,frmt_fwd_hits,0
gcc,tscl,1MB,0,frmt_fwd_misses,0
gcc,tscl,1MB,0,frmt_rev_lookups,0
gcc,tscl,1MB,0,frmt_rev_hits,0
gcc,tscl,1MB,0,frmt_rev_misses,0
gcc,tscl,1MB,0,tage_fwd_lookups,12373422
gcc,tscl,1MB,0,tage_rev_lookups,0
gcc,tscl,1MB,0,tage_fwd_tag_matches,654025
gcc,tscl,1MB,0,tage_rev_tag_matches,0
gcc,tscl,1MB,0,sc_fwd_lookups,13942316
gcc,tscl,1MB,0,sc_rev_lookups,0
gcc,tscl,1MB,0,sc_fwd_inversions,54322
gcc,tscl,1MB,0,sc_rev_inversions,0
gcc,tscl,1MB,0,sc_fwd_threshold_checks,3485073
gcc,tscl,1MB,0,sc_rev_threshold_checks,0
gcc,tscl,1MB,0,sc_fwd_threshold_pass,54322
gcc,tscl,1MB,0,sc_rev_threshold_pass,0
gcc,tscl,1MB,0,sc_fwd_updates,6395060
gcc,tscl,1MB,0,sc_rev_updates,1598765
gcc,tscl,1MB,0,loop_fwd_lookups,3485579
gcc,tscl,1MB,0,loop_rev_lookups,3485579
gcc,tscl,1MB,0,loop_fwd_hits,506
gcc,tscl,1MB,0,loop_rev_hits,381
gcc,tscl,1MB,0,loop_fwd_chosen,506
gcc,tscl,1MB,0,loop_rev_chosen,381
gcc,tscl,1MB,0,llbp_fwd_lookups,0
gcc,tscl,1MB,0,llbp_rev_lookups,0
gcc,tscl,1MB,0,llbp_fwd_hits,0
gcc,tscl,1MB,0,llbp_rev_hits,0
gcc,tscl,1MB,0,llbp_fwd_chosen,0
gcc,tscl,1MB,0,llbp_rev_chosen,0
gcc,tscl,1MB,1,lookups,2424132
gcc,tscl,1MB,1,updates,2060509
gcc,tscl,1MB,1,addr_hits,1853310
gcc,tscl,1MB,1,dir_hits,1915759
gcc,tscl,1MB,1,misses,144750
gcc,tscl,1MB,1,jr_hits,134363
gcc,tscl,1MB,1,jr_seen,174463
gcc,tscl,1MB,1,jr_non_ras_hits.PP,17128
gcc,tscl,1MB,1,jr_non_ras_seen.PP,53074
gcc,tscl,1MB,1,bpred_addr_rate,0.8994
gcc,tscl,1MB,1,bpred_dir_rate,0.9298
gcc,tscl,1MB,1,bpred_jr_rate,0.7702
gcc,tscl,1MB,1,bpred_jr_non_ras_rate.PP,0.3227
gcc,tscl,1MB,1,retstack_pushes,148371
gcc,tscl,1MB,1,retstack_pops,136366
gcc,tscl,1MB,1,used_ras.PP,121389
gcc,tscl,1MB,1,ras_hits.PP,117235
gcc,tscl,1MB,1,ras_rate.PP,0.9658
gcc,tscl,1MB,1,reverse_lookups,2060509
gcc,tscl,1MB,1,reverse_updates,2060509
gcc,tscl,1MB,1,reverse_addr_hits,1973156
gcc,tscl,1MB,1,reverse_dir_hits,2035926
gcc,tscl,1MB,1,reverse_misses,24583
gcc,tscl,1MB,1,reverse_jr_hits,138539
gcc,tscl,1MB,1,reverse_jr_seen,174463
gcc,tscl,1MB,1,reverse_jr_non_ras_hits.PP,17150
gcc,tscl,1MB,1,reverse_jr_non_ras_seen.PP,53074
gcc,tscl,1MB,1,reverse_bpred_addr_rate,0.9576
gcc,tscl,1MB,1,reverse_bpred_dir_rate,0.9881
gcc,tscl,1MB,1,reverse_bpred_jr_rate,0.7941
gcc,tscl,1MB,1,reverse_bpred_jr_non_ras_rate.PP,0.3231
gcc,tscl,1MB,1,reverse_retstack_pushes,121389
gcc,tscl,1MB,1,reverse_retstack_pops,121402
gcc,tscl,1MB,1,reverse_used_ras.PP,121389
gcc,tscl,1MB,1,reverse_ras_hits.PP,121389
gcc,tscl,1MB,1,reverse_ras_rate.PP,1.0000
gcc,tscl,1MB,1,ob_fwd_lookups,0
gcc,tscl,1MB,1,ob_fwd_hits,0
gcc,tscl,1MB,1,ob_fwd_chosen,0
gcc,tscl,1MB,1,ob_fwd_correct,0
gcc,tscl,1MB,1,ob_rev_lookups,5082952
gcc,tscl,1MB,1,ob_rev_hits,2097152
gcc,tscl,1MB,1,ob_rev_chosen,0
gcc,tscl,1MB,1,ob_rev_correct,1029397
gcc,tscl,1MB,1,fhb_fwd_lookups,0
gcc,tscl,1MB,1,fhb_rev_lookups,5082952
gcc,tscl,1MB,1,fhb_fwd_valid_out,1598765
gcc,tscl,1MB,1,fhb_rev_valid_out,1598782
gcc,tscl,1MB,1,fhb_fwd_pred_uses,0
gcc,tscl,1MB,1,fhb_rev_pred_uses,0
gcc,tscl,1MB,1,fhb_fwd_update_uses,0
gcc,tscl,1MB,1,fhb_rev_update_uses,0
gcc,tscl,1MB,1,fhb_fwd_writes,1598782
gcc,tscl,1MB,1,fhb_rev_writes,1598782
gcc,tscl,1MB,1,fhb_fwd_ob_bypassed,0
gcc,tscl,1MB,1,fhb_rev_ob_bypassed,2522223
gcc,tscl,1MB,1,fhb_fwd_oht_bypassed,0
gcc,tscl,1MB,1,fhb_rev_oht_bypassed,2522223
gcc,tscl,1MB,1,oht_fwd_lookups,0
gcc,tscl,1MB,1,oht_fwd_hits,0
gcc,tscl,1MB,1,oht_fwd_chosen,0
gcc,tscl,1MB,1,oht_fwd_correct,0
gcc,tscl,1MB,1,oht_rev_lookups,5082952
gcc,tscl,1MB,1,oht_rev_hits,425071
gcc,tscl,1MB,1,oht_rev_chosen,0
gcc,tscl,1MB,1,oht_rev_correct,407013
gcc,tscl,1MB,1,frmt_fwd_lookups,0
gcc,tscl,1MB,1,frmt_fwd_hits,0
gcc,tscl,1MB,1,frmt_fwd_misses,0
gcc,tscl,1MB,1,frmt_rev_lookups,8605659
gcc,tscl,1MB,1,frmt_rev_hits,6777473
gcc,tscl,1MB,1,frmt_rev_misses,1828186
gcc,tscl,1MB,1,tage_fwd_lookups,11511842
gcc,tscl,1MB,1,tage_rev_lookups,0
gcc,tscl,1MB,1,tage_fwd_tag_matches,1027028
gcc,tscl,1MB,1,tage_rev_tag_matches,0
gcc,tscl,1MB,1,sc_fwd_lookups,13936680
gcc,tscl,1MB,1,sc_rev_lookups,0
gcc,tscl,1MB,1,sc_fwd_inversions,38841
gcc,tscl,1MB,1,sc_rev_inversions,0
gcc,tscl,1MB,1,sc_fwd_threshold_checks,3483658
gcc,tscl,1MB,1,sc_rev_threshold_checks,0
gcc,tscl,1MB,1,sc_fwd_threshold_pass,38841
gcc,tscl,1MB,1,sc_rev_threshold_pass,0
gcc,tscl,1MB,1,sc_fwd_updates,0
gcc,tscl,1MB,1,sc_rev_updates,0
gcc,tscl,1MB,1,loop_fwd_lookups,3484170
gcc,tscl,1MB,1,loop_rev_lookups,3484170
gcc,tscl,1MB,1,loop_fwd_hits,512
gcc,tscl,1MB,1,loop_rev_hits,512
gcc,tscl,1MB,1,loop_fwd_chosen,512
gcc,tscl,1MB,1,loop_rev_chosen,512
gcc,tscl,1MB,1,llbp_fwd_lookups,0
gcc,tscl,1MB,1,llbp_rev_lookups,0
gcc,tscl,1MB,1,llbp_fwd_hits,0
gcc,tscl,1MB,1,llbp_rev_hits,0
gcc,tscl,1MB,1,llbp_fwd_chosen,0
gcc,tscl,1MB,1,llbp_rev_chosen,0
gcc,tscl,256KB,0,lookups,2424203
gcc,tscl,256KB,0,updates,2060509
gcc,tscl,256KB,0,addr_hits,1851351
gcc,tscl,256KB,0,dir_hits,1913694
gcc,tscl,256KB,0,misses,146815
gcc,tscl,256KB,0,jr_hits,134479
gcc,tscl,256KB,0,jr_seen,174463
gcc,tscl,256KB,0,jr_non_ras_hits.PP,17128
gcc,tscl,256KB,0,jr_non_ras_seen.PP,53074
gcc,tscl,256KB,0,bpred_addr_rate,0.8985
gcc,tscl,256KB,0,bpred_dir_rate,0.9287
gcc,tscl,256KB,0,bpred_jr_rate,0.7708
gcc,tscl,256KB,0,bpred_jr_non_ras_rate.PP,0.3227
gcc,tscl,256KB,0,retstack_pushes,148470
gcc,tscl,256KB,0,retstack_pops,135928
gcc,tscl,256KB,0,used_ras.PP,121389
gcc,tscl,256KB,0,ras_hits.PP,117351
gcc,tscl,256KB,0,ras_rate.PP,0.9667
gcc,tscl,256KB,0,reverse_lookups,2060509
gcc,tscl,256KB,0,reverse_updates,2060509
gcc,tscl,256KB,0,reverse_addr_hits,1874221
gcc,tscl,256KB,0,reverse_dir_hits,1935816
gcc,tscl,256KB,0,reverse_misses,124693
gcc,tscl,256KB,0,reverse_jr_hits,138539
gcc,tscl,256KB,0,reverse_jr_seen,174463
gcc,tscl,256KB,0,reverse_jr_non_ras_hits.PP,17150
gcc,tscl,256KB,0,reverse_jr_non_ras_seen.PP,53074
gcc,tscl,256KB,0,reverse_bpred_addr_rate,0.9096
gcc,tscl,256KB,0,reverse_bpred_dir_rate,0.9395
gcc,tscl,256KB,0,reverse_bpred_jr_rate,0.7941
gcc,tscl,256KB,0,reverse_bpred_jr_non_ras_rate.PP,0.3231
gcc,tscl,256KB,0,reverse_retstack_pushes,121389
gcc,tscl,256KB,0,reverse_retstack_pops,121402
gcc,tscl,256KB,0,reverse_used_ras.PP,121389
gcc,tscl,256KB,0,reverse_ras_hits.PP,121389
gcc,tscl,256KB,0,reverse_ras_rate.PP,1.0000
gcc,tscl,256KB,0,ob_fwd_lookups,0
gcc,tscl,256KB,0,ob_fwd_hits,0
gcc,tscl,256KB,0,ob_fwd_chosen,0
gcc,tscl,256KB,0,ob_fwd_correct,0
gcc,tscl,256KB,0,ob_rev_lookups,5083463
gcc,tscl,256KB,0,ob_rev_hits,524288
gcc,tscl,256KB,0,ob_rev_chosen,0
gcc,tscl,256KB,0,ob_rev_correct,253732
gcc,tscl,256KB,0,fhb_fwd_lookups,0
gcc,tscl,256KB,0,fhb_rev_lookups,5083463
gcc,tscl,256KB,0,fhb_fwd_valid_out,1598765
gcc,tscl,256KB,0,fhb_rev_valid_out,1598782
gcc,tscl,256KB,0,fhb_fwd_pred_uses,0
gcc,tscl,256KB,0,fhb_rev_pred_uses,0
gcc,tscl,256KB,0,fhb_fwd_update_uses,9592590
gcc,tscl,256KB,0,fhb_rev_update_uses,19185180
gcc,tscl,256KB,0,fhb_fwd_writes,1598782
gcc,tscl,256KB,0,fhb_rev_writes,1598782
gcc,tscl,256KB,0,fhb_fwd_ob_bypassed,0
gcc,tscl,256KB,0,fhb_rev_ob_bypassed,524288
gcc,tscl,256KB,0,fhb_fwd_oht_bypassed,0
gcc,tscl,256KB,0,fhb_rev_oht_bypassed,524288
gcc,tscl,256KB,0,oht_fwd_lookups,0
gcc,tscl,256KB,0,oht_fwd_hits,0
gcc,tscl,256KB,0,oht_fwd_chosen,0
gcc,tscl,256KB,0,oht_fwd_correct,0
gcc,tscl,256KB,0,oht_rev_lookups,5083463
gcc,tscl,256KB,0,oht_rev_hits,1336638
gcc,tscl,256KB,0,oht_rev_chosen,0
gcc,tscl,256KB,0,oht_rev_correct,1207714
gcc,tscl,256KB,0,frmt_fwd_lookups,0
gcc,tscl,256KB,0,frmt_fwd_hits,0
gcc,tscl,256KB,0,frmt_fwd_misses,0
gcc,tscl,256KB,0,frmt_rev_lookups,0
gcc,tscl,256KB,0,frmt_rev_hits,0
gcc,tscl,256KB,0,frmt_rev_misses,0
gcc,tscl,256KB,0,tage_fwd_lookups,12350990
gcc,tscl,256KB,0,tage_rev_lookups,0
gcc,tscl,256KB,0,tage_fwd_tag_matches,736776
gcc,tscl,256KB,0,tage_rev_tag_matches,0
gcc,tscl,256KB,0,sc_fwd_lookups,13938724
gcc,tscl,256KB,0,sc_rev_lookups,0
gcc,tscl,256KB,0,sc_fwd_inversions,35710
gcc,tscl,256KB,0,sc_rev_inversions,0
gcc,tscl,256KB,0,sc_fwd_threshold_checks,3484176
gcc,tscl,256KB,0,sc_rev_threshold_checks,0
gcc,tscl,256KB,0,sc_fwd_threshold_pass,35710
gcc,tscl,256KB,0,sc_rev_threshold_pass,0
gcc,tscl,256KB,0,sc_fwd_updates,6395060
gcc,tscl,256KB,0,sc_rev_updates,1598765
gcc,tscl,256KB,0,loop_fwd_lookups,3484681
gcc,tscl,256KB,0,loop_rev_lookups,3484681
gcc,tscl,256KB,0,loop_fwd_hits,505
gcc,tscl,256KB,0,loop_rev_hits,381
gcc,tscl,256KB,0,loop_fwd_chosen,505
gcc,tscl,256KB,0,loop_rev_chosen,381
gcc,tscl,256KB,0,llbp_fwd_lookups,0
gcc,tscl,256KB,0,llbp_rev_lookups,0
gcc,tscl,256KB,0,llbp_fwd_hits,0
gcc,tscl,256KB,0,llbp_rev_hits,0
gcc,tscl,256KB,0,llbp_fwd_chosen,0
gcc,tscl,256KB,0,llbp_rev_chosen,0
gcc,tscl,256KB,1,lookups,2425121
gcc,tscl,256KB,1,updates,2060509
gcc,tscl,256KB,1,addr_hits,1847649
gcc,tscl,256KB,1,dir_hits,1909963
gcc,tscl,256KB,1,misses,150546
gcc,tscl,256KB,1,jr_hits,134447
gcc,tscl,256KB,1,jr_seen,174463
gcc,tscl,256KB,1,jr_non_ras_hits.PP,17128
gcc,tscl,256KB,1,jr_non_ras_seen.PP,53074
gcc,tscl,256KB,1,bpred_addr_rate,0.8967
gcc,tscl,256KB,1,bpred_dir_rate,0.9269
gcc,tscl,256KB,1,bpred_jr_rate,0.7706
gcc,tscl,256KB,1,bpred_jr_non_ras_rate.PP,0.3227
gcc,tscl,256KB,1,retstack_pushes,148241
gcc,tscl,256KB,1,retstack_pops,135947
gcc,tscl,256KB,1,used_ras.PP,121389
gcc,tscl,256KB,1,ras_hits.PP,117319
gcc,tscl,256KB,1,ras_rate.PP,0.9665
gcc,tscl,256KB,1,reverse_lookups,2060509
gcc,tscl,256KB,1,reverse_updates,2060509
gcc,tscl,256KB,1,reverse_addr_hits,1907568
gcc,tscl,256KB,1,reverse_dir_hits,1969095
gcc,tscl,256KB,1,reverse_misses,91414
gcc,tscl,256KB,1,reverse_jr_hits,138539
gcc,tscl,256KB,1,reverse_jr_seen,174463
gcc,tscl,256KB,1,reverse_jr_non_ras_hits.PP,17150
gcc,tscl,256KB,1,reverse_jr_non_ras_seen.PP,53074
gcc,tscl,256KB,1,reverse_bpred_addr_rate,0.9258
gcc,tscl,256KB,1,reverse_bpred_dir_rate,0.9556
gcc,tscl,256KB,1,reverse_bpred_jr_rate,0.7941
gcc,tscl,256KB,1,reverse_bpred_jr_non_ras_rate.PP,0.3231
gcc,tscl,256KB,1,reverse_retstack_pushes,121389
gcc,tscl,256KB,1,reverse_retstack_pops,121402
gcc,tscl,256KB,1,reverse_used_ras.PP,121389
gcc,tscl,256KB,1,reverse_ras_hits.PP,121389
gcc,tscl,256KB,1,reverse_ras_rate.PP,1.0000
gcc,tscl,256KB,1,ob_fwd_lookups,0
gcc,tscl,256KB,1,ob_fwd_hits,0
gcc,tscl,256KB,1,ob_fwd_chosen,0
gcc,tscl,256KB,1,ob_fwd_correct,0
gcc,tscl,256KB,1,ob_rev_lookups,5084692
gcc,tscl,256KB,1,ob_rev_hits,524288
gcc,tscl,256KB,1,ob_rev_chosen,0
gcc,tscl,256KB,1,ob_rev_correct,253732
gcc,tscl,256KB,1,fhb_fwd_lookups,0
gcc,tscl,256KB,1,fhb_rev_lookups,5084692
gcc,tscl,256KB,1,fhb_fwd_valid_out,1598765
gcc,tscl,256KB,1,fhb_rev_valid_out,1598782
gcc,tscl,256KB,1,fhb_fwd_pred_uses,0
gcc,tscl,256KB,1,fhb_rev_pred_uses,0
gcc,tscl,256KB,1,fhb_fwd_update_uses,0
gcc,tscl,256KB,1,fhb_rev_update_uses,0
gcc,tscl,256KB,1,fhb_fwd_writes,1598782
gcc,tscl,256KB,1,fhb_rev_writes,1598782
gcc,tscl,256KB,1,fhb_fwd_ob_bypassed,0
gcc,tscl,256KB,1,fhb_rev_ob_bypassed,1329063
gcc,tscl,256KB,1,fhb_fwd_oht_bypassed,0
gcc,tscl,256KB,1,fhb_rev_oht_bypassed,1329063
gcc,tscl,256KB,1,oht_fwd_lookups,0
gcc,tscl,256KB,1,oht_fwd_hits,0
gcc,tscl,256KB,1,oht_fwd_chosen,0
gcc,tscl,256KB,1,oht_fwd_correct,0
gcc,tscl,256KB,1,oht_rev_lookups,5084692
gcc,tscl,256KB,1,oht_rev_hits,804775
gcc,tscl,256KB,1,oht_rev_chosen,0
gcc,tscl,256KB,1,oht_rev_correct,718881
gcc,tscl,256KB,1,frmt_fwd_lookups,0
gcc,tscl,256KB,1,frmt_fwd_hits,0
gcc,tscl,256KB,1,frmt_fwd_misses,0
gcc,tscl,256KB,1,frmt_rev_lookups,8606648
gcc,tscl,256KB,1,frmt_rev_hits,7096971
gcc,tscl,256KB,1,frmt_rev_misses,1509677
gcc,tscl,256KB,1,tage_fwd_lookups,11623831
gcc,tscl,256KB,1,tage_rev_lookups,0
gcc,tscl,256KB,1,tage_fwd_tag_matches,1089247
gcc,tscl,256KB,1,tage_rev_tag_matches,0
gcc,tscl,256KB,1,sc_fwd_lookups,13943640
gcc,tscl,256KB,1,sc_rev_lookups,0
gcc,tscl,256KB,1,sc_fwd_inversions,44369
gcc,tscl,256KB,1,sc_rev_inversions,0
gcc,tscl,256KB,1,sc_fwd_threshold_checks,3485399
gcc,tscl,256KB,1,sc_rev_threshold_checks,0
gcc,tscl,256KB,1,sc_fwd_threshold_pass,44369
gcc,tscl,256KB,1,sc_rev_threshold_pass,0
gcc,tscl,256KB,1,sc_fwd_updates,0
gcc,tscl,256KB,1,sc_rev_updates,0
gcc,tscl,256KB,1,loop_fwd_lookups,3485910
gcc,tscl,256KB,1,loop_rev_lookups,3485910
gcc,tscl,256KB,1,loop_fwd_hits,511
gcc,tscl,256KB,1,loop_rev_hits,505
gcc,tscl,256KB,1,loop_fwd_chosen,511
gcc,tscl,256KB,1,loop_rev_chosen,505
gcc,tscl,256KB,1,llbp_fwd_lookups,0
gcc,tscl,256KB,1,llbp_rev_lookups,0
gcc,tscl,256KB,1,llbp_fwd_hits,0
gcc,tscl,256KB,1,llbp_rev_hits,0
gcc,tscl,256KB,1,llbp_fwd_chosen,0
gcc,tscl,256KB,1,llbp_rev_chosen,0
gcc,tscl,32KB,0,lookups,2429418
gcc,tscl,32KB,0,updates,2060509
gcc,tscl,32KB,0,addr_hits,1844024
gcc,tscl,32KB,0,dir_hits,1906122
gcc,tscl,32KB,0,misses,154387
gcc,tscl,32KB,0,jr_hits,134490
gcc,tscl,32KB,0,jr_seen,174463
gcc,tscl,32KB,0,jr_non_ras_hits.PP,17128
gcc,tscl,32KB,0,jr_non_ras_seen.PP,53074
gcc,tscl,32KB,0,bpred_addr_rate,0.8949
gcc,tscl,32KB,0,bpred_dir_rate,0.9251
gcc,tscl,32KB,0,bpred_jr_rate,0.7709
gcc,tscl,32KB,0,bpred_jr_non_ras_rate.PP,0.3227
gcc,tscl,32KB,0,retstack_pushes,149685
gcc,tscl,32KB,0,retstack_pops,135556
gcc,tscl,32KB,0,used_ras.PP,121389
gcc,tscl,32KB,0,ras_hits.PP,117362
gcc,tscl,32KB,0,ras_rate.PP,0.9668
gcc,tscl,32KB,0,reverse_lookups,2060509
gcc,tscl,32KB,0,reverse_updates,2060509
gcc,tscl,32KB,0,reverse_addr_hits,1545568
gcc,tscl,32KB,0,reverse_dir_hits,1601894
gcc,tscl,32KB,0,reverse_misses,458615
gcc,tscl,32KB,0,reverse_jr_hits,138539
gcc,tscl,32KB,0,reverse_jr_seen,174463
gcc,tscl,32KB,0,reverse_jr_non_ras_hits.PP,17150
gcc,tscl,32KB,0,reverse_jr_non_ras_seen.PP,53074
gcc,tscl,32KB,0,reverse_bpred_addr_rate,0.7501
gcc,tscl,32KB,0,reverse_bpred_dir_rate,0.7774
gcc,tscl,32KB,0,reverse_bpred_jr_rate,0.7941
gcc,tscl,32KB,0,reverse_bpred_jr_non_ras_rate.PP,0.3231
gcc,tscl,32KB,0,reverse_retstack_pushes,121389
gcc,tscl,32KB,0,reverse_retstack_pops,121402
gcc,tscl,32KB,0,reverse_used_ras.PP,121389
gcc,tscl,32KB,0,reverse_ras_hits.PP,121389
gcc,tscl,32KB,0,reverse_ras_rate.PP,1.0000
gcc,tscl,32KB,0,ob_fwd_lookups,0
gcc,tscl,32KB,0,ob_fwd_hits,0
gcc,tscl,32KB,0,ob_fwd_chosen,0
gcc,tscl,32KB,0,ob_fwd_correct,0
gcc,tscl,32KB,0,ob_rev_lookups,5089401
gcc,tscl,32KB,0,ob_rev_hits,65536
gcc,tscl,32KB,0,ob_rev_chosen,0
gcc,tscl,32KB,0,ob_rev_correct,32266
gcc,tscl,32KB,0,fhb_fwd_lookups,0
gcc,tscl,32KB,0,fhb_rev_lookups,5089401
gcc,tscl,32KB,0,fhb_fwd_valid_out,1598765
gcc,tscl,32KB,0,fhb_rev_valid_out,1598782
gcc,tscl,32KB,0,fhb_fwd_pred_uses,0
gcc,tscl,32KB,0,fhb_rev_pred_uses,0
gcc,tscl,32KB,0,fhb_fwd_update_uses,9592590
gcc,tscl,32KB,0,fhb_rev_update_uses,19185180
gcc,tscl,32KB,0,fhb_fwd_writes,1598782
gcc,tscl,32KB,0,fhb_rev_writes,1598782
gcc,tscl,32KB,0,fhb_fwd_ob_bypassed,0
gcc,tscl,32KB,0,fhb_rev_ob_bypassed,65536
gcc,tscl,32KB,0,fhb_fwd_oht_bypassed,0
gcc,tscl,32KB,0,fhb_rev_oht_bypassed,65536
gcc,tscl,32KB,0,oht_fwd_lookups,0
gcc,tscl,32KB,0,oht_fwd_hits,0
gcc,tscl,32KB,0,oht_fwd_chosen,0
gcc,tscl,32KB,0,oht_fwd_correct,0
gcc,tscl,32KB,0,oht_rev_lookups,5089401
gcc,tscl,32KB,0,oht_rev_hits,1566013
gcc,tscl,32KB,0,oht_rev_chosen,0
gcc,tscl,32KB,0,oht_rev_correct,1100527
gcc,tscl,32KB,0,frmt_fwd_lookups,0
gcc,tscl,32KB,0,frmt_fwd_hits,0
gcc,tscl,32KB,0,frmt_fwd_misses,0
gcc,tscl,32KB,0,frmt_rev_lookups,0
gcc,tscl,32KB,0,frmt_rev_hits,0
gcc,tscl,32KB,0,frmt_rev_misses,0
gcc,tscl,32KB,0,tage_fwd_lookups,12428068
gcc,tscl,32KB,0,tage_rev_lookups,0
gcc,tscl,32KB,0,tage_fwd_tag_matches,1046923
gcc,tscl,32KB,0,tage_rev_tag_matches,0
gcc,tscl,32KB,0,sc_fwd_lookups,13962476
gcc,tscl,32KB,0,sc_rev_lookups,0
gcc,tscl,32KB,0,sc_fwd_inversions,24924
gcc,tscl,32KB,0,sc_rev_inversions,0
gcc,tscl,32KB,0,sc_fwd_threshold_checks,3490114
gcc,tscl,32KB,0,sc_rev_threshold_checks,0
gcc,tscl,32KB,0,sc_fwd_threshold_pass,24924
gcc,tscl,32KB,0,sc_rev_threshold_pass,0
gcc,tscl,32KB,0,sc_fwd_updates,6395060
gcc,tscl,32KB,0,sc_rev_updates,1598765
gcc,tscl,32KB,0,loop_fwd_lookups,3490619
gcc,tscl,32KB,0,loop_rev_lookups,3490619
gcc,tscl,32KB,0,loop_fwd_hits,505
gcc,tscl,32KB,0,loop_rev_hits,381
gcc,tscl,32KB,0,loop_fwd_chosen,505
gcc,tscl,32KB,0,loop_rev_chosen,381
gcc,tscl,32KB,0,llbp_fwd_lookups,0
gcc,tscl,32KB,0,llbp_rev_lookups,0
gcc,tscl,32KB,0,llbp_fwd_hits,0
gcc,tscl,32KB,0,llbp_rev_hits,0
gcc,tscl,32KB,0,llbp_fwd_chosen,0
gcc,tscl,32KB,0,llbp_rev_chosen,0
gcc,tscl,32KB,1,lookups,2433926
gcc,tscl,32KB,1,updates,2060509
gcc,tscl,32KB,1,addr_hits,1830177
gcc,tscl,32KB,1,dir_hits,1892234
gcc,tscl,32KB,1,misses,168275
gcc,tscl,32KB,1,jr_hits,134398
gcc,tscl,32KB,1,jr_seen,174463
gcc,tscl,32KB,1,jr_non_ras_hits.PP,17128
gcc,tscl,32KB,1,jr_non_ras_seen.PP,53074
gcc,tscl,32KB,1,bpred_addr_rate,0.8882
gcc,tscl,32KB,1,bpred_dir_rate,0.9183
gcc,tscl,32KB,1,bpred_jr_rate,0.7704
gcc,tscl,32KB,1,bpred_jr_non_ras_rate.PP,0.3227
gcc,tscl,32KB,1,retstack_pushes,149258
gcc,tscl,32KB,1,retstack_pops,135749
gcc,tscl,32KB,1,used_ras.PP,121389
gcc,tscl,32KB,1,ras_hits.PP,117270
gcc,tscl,32KB,1,ras_rate.PP,0.9661
gcc,tscl,32KB,1,reverse_lookups,2060509
gcc,tscl,32KB,1,reverse_updates,2060509
gcc,tscl,32KB,1,reverse_addr_hits,1898290
gcc,tscl,32KB,1,reverse_dir_hits,1955775
gcc,tscl,32KB,1,reverse_misses,104734
gcc,tscl,32KB,1,reverse_jr_hits,138539
gcc,tscl,32KB,1,reverse_jr_seen,174463
gcc,tscl,32KB,1,reverse_jr_non_ras_hits.PP,17150
gcc,tscl,32KB,1,reverse_jr_non_ras_seen.PP,53074
gcc,tscl,32KB,1,reverse_bpred_addr_rate,0.9213
gcc,tscl,32KB,1,reverse_bpred_dir_rate,0.9492
gcc,tscl,32KB,1,reverse_bpred_jr_rate,0.7941
gcc,tscl,32KB,1,reverse_bpred_jr_non_ras_rate.PP,0.3231
gcc,tscl,32KB,1,reverse_retstack_pushes,121389
gcc,tscl,32KB,1,reverse_retstack_pops,121402
gcc,tscl,32KB,1,reverse_used_ras.PP,121389
gcc,tscl,32KB,1,reverse_ras_hits.PP,121389
gcc,tscl,32KB,1,reverse_ras_rate.PP,1.0000
gcc,tscl,32KB,1,ob_fwd_lookups,0
gcc,tscl,32KB,1,ob_fwd_hits,0
gcc,tscl,32KB,1,ob_fwd_chosen,0
gcc,tscl,32KB,1,ob_fwd_correct,0
gcc,tscl,32KB,1,ob_rev_lookups,5093892
gcc,tscl,32KB,1,ob_rev_hits,65536
gcc,tscl,32KB,1,ob_rev_chosen,0
gcc,tscl,32KB,1,ob_rev_correct,32266
gcc,tscl,32KB,1,fhb_fwd_lookups,0
gcc,tscl,32KB,1,fhb_rev_lookups,5093892
gcc,tscl,32KB,1,fhb_fwd_valid_out,1598765
gcc,tscl,32KB,1,fhb_rev_valid_out,1598782
gcc,tscl,32KB,1,fhb_fwd_pred_uses,0
gcc,tscl,32KB,1,fhb_rev_pred_uses,0
gcc,tscl,32KB,1,fhb_fwd_update_uses,0
gcc,tscl,32KB,1,fhb_rev_update_uses,0
gcc,tscl,32KB,1,fhb_fwd_writes,1598782
gcc,tscl,32KB,1,fhb_rev_writes,1598782
gcc,tscl,32KB,1,fhb_fwd_ob_bypassed,0
gcc,tscl,32KB,1,fhb_rev_ob_bypassed,240619
gcc,tscl,32KB,1,fhb_fwd_oht_bypassed,0
gcc,tscl,32KB,1,fhb_rev_oht_bypassed,240619
gcc,tscl,32KB,1,oht_fwd_lookups,0
gcc,tscl,32KB,1,oht_fwd_hits,0
gcc,tscl,32KB,1,oht_fwd_chosen,0
gcc,tscl,32KB,1,oht_fwd_correct,0
gcc,tscl,32KB,1,oht_rev_lookups,5093892
gcc,tscl,32KB,1,oht_rev_hits,175083
gcc,tscl,32KB,1,oht_rev_chosen,0
gcc,tscl,32KB,1,oht_rev_correct,113490
gcc,tscl,32KB,1,frmt_fwd_lookups,0
gcc,tscl,32KB,1,frmt_fwd_hits,0
gcc,tscl,32KB,1,frmt_fwd_misses,0
gcc,tscl,32KB,1,frmt_rev_lookups,8615453
gcc,tscl,32KB,1,frmt_rev_hits,8164581
gcc,tscl,32KB,1,frmt_rev_misses,450872
gcc,tscl,32KB,1,tage_fwd_lookups,12217626
gcc,tscl,32KB,1,tage_rev_lookups,0
gcc,tscl,32KB,1,tage_fwd_tag_matches,1189459
gcc,tscl,32KB,1,tage_rev_tag_matches,0
gcc,tscl,32KB,1,sc_fwd_lookups,13980440
gcc,tscl,32KB,1,sc_rev_lookups,0
gcc,tscl,32KB,1,sc_fwd_inversions,41315
gcc,tscl,32KB,1,sc_rev_inversions,0
gcc,tscl,32KB,1,sc_fwd_threshold_checks,3494599
gcc,tscl,32KB,1,sc_rev_threshold_checks,0
gcc,tscl,32KB,1,sc_fwd_threshold_pass,41315
gcc,tscl,32KB,1,sc_rev_threshold_pass,0
gcc,tscl,32KB,1,sc_fwd_updates,0
gcc,tscl,32KB,1,sc_rev_updates,0
gcc,tscl,32KB,1,loop_fwd_lookups,3495110
gcc,tscl,32KB,1,loop_rev_lookups,3495110
gcc,tscl,32KB,1,loop_fwd_hits,511
gcc,tscl,32KB,1,loop_rev_hits,505
gcc,tscl,32KB,1,loop_fwd_chosen,511
gcc,tscl,32KB,1,loop_rev_chosen,505
gcc,tscl,32KB,1,llbp_fwd_lookups,0
gcc,tscl,32KB,1,llbp_rev_lookups,0
gcc,tscl,32KB,1,llbp_fwd_hits,0
gcc,tscl,32KB,1,llbp_rev_hits,0
gcc,tscl,32KB,1,llbp_fwd_chosen,0
gcc,tscl,32KB,1,llbp_rev_chosen,0
gcc,tscl,512KB,0,lookups,2421674
gcc,tscl,512KB,0,updates,2060509
gcc,tscl,512KB,0,addr_hits,1852583
gcc,tscl,512KB,0,dir_hits,1914890
gcc,tscl,512KB,0,misses,145619
gcc,tscl,512KB,0,jr_hits,134504
gcc,tscl,512KB,0,jr_seen,174463
gcc,tscl,512KB,0,jr_non_ras_hits.PP,17128
gcc,tscl,512KB,0,jr_non_ras_seen.PP,53074
gcc,tscl,512KB,0,bpred_addr_rate,0.8991
gcc,tscl,512KB,0,bpred_dir_rate,0.9293
gcc,tscl,512KB,0,bpred_jr_rate,0.7710
gcc,tscl,512KB,0,bpred_jr_non_ras_rate.PP,0.3227
gcc,tscl,512KB,0,retstack_pushes,148301
gcc,tscl,512KB,0,retstack_pops,135848
gcc,tscl,512KB,0,used_ras.PP,121389
gcc,tscl,512KB,0,ras_hits.PP,117376
gcc,tscl,512KB,0,ras_rate.PP,0.9669
gcc,tscl,512KB,0,reverse_lookups,2060509
gcc,tscl,512KB,0,reverse_updates,2060509
gcc,tscl,512KB,0,reverse_addr_hits,1931052
gcc,tscl,512KB,0,reverse_dir_hits,1993550
gcc,tscl,512KB,0,reverse_misses,66959
gcc,tscl,512KB,0,reverse_jr_hits,138539
gcc,tscl,512KB,0,reverse_jr_seen,174463
gcc,tscl,512KB,0,reverse_jr_non_ras_hits.PP,17150
gcc,tscl,512KB,0,reverse_jr_non_ras_seen.PP,53074
gcc,tscl,512KB,0,reverse_bpred_addr_rate,0.9372
gcc,tscl,512KB,0,reverse_bpred_dir_rate,0.9675
gcc,tscl,512KB,0,reverse_bpred_jr_rate,0.7941
gcc,tscl,512KB,0,reverse_bpred_jr_non_ras_rate.PP,0.3231
gcc,tscl,512KB,0,reverse_retstack_pushes,121389
gcc,tscl,512KB,0,reverse_retstack_pops,121402
gcc,tscl,512KB,0,reverse_used_ras.PP,121389
gcc,tscl,512KB,0,reverse_ras_hits.PP,121389
gcc,tscl,512KB,0,reverse_ras_rate.PP,1.0000
gcc,tscl,512KB,0,ob_fwd_lookups,0
gcc,tscl,512KB,0,ob_fwd_hits,0
gcc,tscl,512KB,0,ob_fwd_chosen,0
gcc,tscl,512KB,0,ob_fwd_correct,0
gcc,tscl,512KB,0,ob_rev_lookups,5081415
gcc,tscl,512KB,0,ob_rev_hits,1048576
gcc,tscl,512KB,0,ob_rev_chosen,0
gcc,tscl,512KB,0,ob_rev_correct,508693
gcc,tscl,512KB,0,fhb_fwd_lookups,0
gcc,tscl,512KB,0,fhb_rev_lookups,5081415
gcc,tscl,512KB,0,fhb_fwd_valid_out,1598765
gcc,tscl,512KB,0,fhb_rev_valid_out,1598782
gcc,tscl,512KB,0,fhb_fwd_pred_uses,0
gcc,tscl,512KB,0,fhb_rev_pred_uses,0
gcc,tscl,512KB,0,fhb_fwd_update_uses,9592590
gcc,tscl,512KB,0,fhb_rev_update_uses,19185180
gcc,tscl,512KB,0,fhb_fwd_writes,1598782
gcc,tscl,512KB,0,fhb_rev_writes,1598782
gcc,tscl,512KB,0,fhb_fwd_ob_bypassed,0
gcc,tscl,512KB,0,fhb_rev_ob_bypassed,1048576
gcc,tscl,512KB,0,fhb_fwd_oht_bypassed,0
gcc,tscl,512KB,0,fhb_rev_oht_bypassed,1048576
gcc,tscl,512KB,0,oht_fwd_lookups,0
gcc,tscl,512KB,0,oht_fwd_hits,0
gcc,tscl,512KB,0,oht_fwd_chosen,0
gcc,tscl,512KB,0,oht_fwd_correct,0
gcc,tscl,512KB,0,oht_rev_lookups,5081415
gcc,tscl,512KB,0,oht_rev_hits,1074494
gcc,tscl,512KB,0,oht_rev_chosen,0
gcc,tscl,512KB,0,oht_rev_correct,1009584
gcc,tscl,512KB,0,frmt_fwd_lookups,0
gcc,tscl,512KB,0,frmt_fwd_hits,0
gcc,tscl,512KB,0,frmt_fwd_misses,0
gcc,tscl,512KB,0,frmt_rev_lookups,0
gcc,tscl,512KB,0,frmt_rev_hits,0
gcc,tscl,512KB,0,frmt_rev_misses,0
gcc,tscl,512KB,0,tage_fwd_lookups,12366928
gcc,tscl,512KB,0,tage_rev_lookups,0
gcc,tscl,512KB,0,tage_fwd_tag_matches,685399
gcc,tscl,512KB,0,tage_rev_tag_matches,0
gcc,tscl,512KB,0,sc_fwd_lookups,13930532
gcc,tscl,512KB,0,sc_rev_lookups,0
gcc,tscl,512KB,0,sc_fwd_inversions,39460
gcc,tscl,512KB,0,sc_rev_inversions,0
gcc,tscl,512KB,0,sc_fwd_threshold_checks,3482128
gcc,tscl,512KB,0,sc_rev_threshold_checks,0
gcc,tscl,512KB,0,sc_fwd_threshold_pass,39460
gcc,tscl,512KB,0,sc_rev_threshold_pass,0
gcc,tscl,512KB,0,sc_fwd_updates,6395060
gcc,tscl,512KB,0,sc_rev_updates,1598765
gcc,tscl,512KB,0,loop_fwd_lookups,3482633
gcc,tscl,512KB,0,loop_rev_lookups,3482633
gcc,tscl,512KB,0,loop_fwd_hits,505
gcc,tscl,512KB,0,loop_rev_hits,381
gcc,tscl,512KB,0,loop_fwd_chosen,505
gcc,tscl,512KB,0,loop_rev_chosen,381
gcc,tscl,512KB,0,llbp_fwd_lookups,0
gcc,tscl,512KB,0,llbp_rev_lookups,0
gcc,tscl,512KB,0,llbp_fwd_hits,0
gcc,tscl,512KB,0,llbp_rev_hits,0
gcc,tscl,512KB,0,llbp_fwd_chosen,0
gcc,tscl,512KB,0,llbp_rev_chosen,0
gcc,tscl,512KB,1,lookups,2420107
gcc,tscl,512KB,1,updates,2060509
gcc,tscl,512KB,1,addr_hits,1854348
gcc,tscl,512KB,1,dir_hits,1916680
gcc,tscl,512KB,1,misses,143829
gcc,tscl,512KB,1,jr_hits,134474
gcc,tscl,512KB,1,jr_seen,174463
gcc,tscl,512KB,1,jr_non_ras_hits.PP,17128
gcc,tscl,512KB,1,jr_non_ras_seen.PP,53074
gcc,tscl,512KB,1,bpred_addr_rate,0.8999
gcc,tscl,512KB,1,bpred_dir_rate,0.9302
gcc,tscl,512KB,1,bpred_jr_rate,0.7708
gcc,tscl,512KB,1,bpred_jr_non_ras_rate.PP,0.3227
gcc,tscl,512KB,1,retstack_pushes,148350
gcc,tscl,512KB,1,retstack_pops,135906
gcc,tscl,512KB,1,used_ras.PP,121389
gcc,tscl,512KB,1,ras_hits.PP,117346
gcc,tscl,512KB,1,ras_rate.PP,0.9667
gcc,tscl,512KB,1,reverse_lookups,2060509
gcc,tscl,512KB,1,reverse_updates,2060509
gcc,tscl,512KB,1,reverse_addr_hits,1945145
gcc,tscl,512KB,1,reverse_dir_hits,2007600
gcc,tscl,512KB,1,reverse_misses,52909
gcc,tscl,512KB,1,reverse_jr_hits,138539
gcc,tscl,512KB,1,reverse_jr_seen,174463
gcc,tscl,512KB,1,reverse_jr_non_ras_hits.PP,17150
gcc,tscl,512KB,1,reverse_jr_non_ras_seen.PP,53074
gcc,tscl,512KB,1,reverse_bpred_addr_rate,0.9440
gcc,tscl,512KB,1,reverse_bpred_dir_rate,0.9743
gcc,tscl,512KB,1,reverse_bpred_jr_rate,0.7941
gcc,tscl,512KB,1,reverse_bpred_jr_non_ras_rate.PP,0.3231
gcc,tscl,512KB,1,reverse_retstack_pushes,121389
gcc,tscl,512KB,1,reverse_retstack_pops,121402
gcc,tscl,512KB,1,reverse_used_ras.PP,121389
gcc,tscl,512KB,1,reverse_ras_hits.PP,121389
gcc,tscl,512KB,1,reverse_ras_rate.PP,1.0000
gcc,tscl,512KB,1,ob_fwd_lookups,0
gcc,tscl,512KB,1,ob_fwd_hits,0
gcc,tscl,512KB,1,ob_fwd_chosen,0
gcc,tscl,512KB,1,ob_fwd_correct,0
gcc,tscl,512KB,1,ob_rev_lookups,5080494
gcc,tscl,512KB,1,ob_rev_hits,1048576
gcc,tscl,512KB,1,ob_rev_chosen,0
gcc,tscl,512KB,1,ob_rev_correct,508693
gcc,tscl,512KB,1,fhb_fwd_lookups,0
gcc,tscl,512KB,1,fhb_rev_lookups,5080494
gcc,tscl,512KB,1,fhb_fwd_valid_out,1598765
gcc,tscl,512KB,1,fhb_rev_valid_out,1598782
gcc,tscl,512KB,1,fhb_fwd_pred_uses,0
gcc,tscl,512KB,1,fhb_rev_pred_uses,0
gcc,tscl,512KB,1,fhb_fwd_update_uses,0
gcc,tscl,512KB,1,fhb_rev_update_uses,0
gcc,tscl,512KB,1,fhb_fwd_writes,1598782
gcc,tscl,512KB,1,fhb_rev_writes,1598782
gcc,tscl,512KB,1,fhb_fwd_ob_bypassed,0
gcc,tscl,512KB,1,fhb_rev_ob_bypassed,1838164
gcc,tscl,512KB,1,fhb_fwd_oht_bypassed,0
gcc,tscl,512KB,1,fhb_rev_oht_bypassed,1838164
gcc,tscl,512KB,1,oht_fwd_lookups,0
gcc,tscl,512KB,1,oht_fwd_hits,0
gcc,tscl,512KB,1,oht_fwd_chosen,0
gcc,tscl,512KB,1,oht_fwd_correct,0
gcc,tscl,512KB,1,oht_rev_lookups,5080494
gcc,tscl,512KB,1,oht_rev_hits,789588
gcc,tscl,512KB,1,oht_rev_chosen,0
gcc,tscl,512KB,1,oht_rev_correct,741364
gcc,tscl,512KB,1,frmt_fwd_lookups,0
gcc,tscl,512KB,1,frmt_fwd_hits,0
gcc,tscl,512KB,1,frmt_fwd_misses,0
gcc,tscl,512KB,1,frmt_rev_lookups,8601634
gcc,tscl,512KB,1,frmt_rev_hits,6868136
gcc,tscl,512KB,1,frmt_rev_misses,1733498
gcc,tscl,512KB,1,tage_fwd_lookups,11556966
gcc,tscl,512KB,1,tage_rev_lookups,0
gcc,tscl,512KB,1,tage_fwd_tag_matches,1017835
gcc,tscl,512KB,1,tage_rev_tag_matches,0
gcc,tscl,512KB,1,sc_fwd_lookups,13926848
gcc,tscl,512KB,1,sc_rev_lookups,0
gcc,tscl,512KB,1,sc_fwd_inversions,36810
gcc,tscl,512KB,1,sc_rev_inversions,0
gcc,tscl,512KB,1,sc_fwd_threshold_checks,3481201
gcc,tscl,512KB,1,sc_rev_threshold_checks,0
gcc,tscl,512KB,1,sc_fwd_threshold_pass,36810
gcc,tscl,512KB,1,sc_rev_threshold_pass,0
gcc,tscl,512KB,1,sc_fwd_updates,0
gcc,tscl,512KB,1,sc_rev_updates,0
gcc,tscl,512KB,1,loop_fwd_lookups,3481712
gcc,tscl,512KB,1,loop_rev_lookups,3481712
gcc,tscl,512KB,1,loop_fwd_hits,511
gcc,tscl,512KB,1,loop_rev_hits,511
gcc,tscl,512KB,1,loop_fwd_chosen,511
gcc,tscl,512KB,1,loop_rev_chosen,511
gcc,tscl,512KB,1,llbp_fwd_lookups,0
gcc,tscl,512KB,1,llbp_rev_lookups,0
gcc,tscl,512KB,1,llbp_fwd_hits,0
gcc,tscl,512KB,1,llbp_rev_hits,0
gcc,tscl,512KB,1,llbp_fwd_chosen,0
gcc,tscl,512KB,1,llbp_rev_chosen,0
gcc,tscl,64KB,0,lookups,2431748
gcc,tscl,64KB,0,updates,2060509
gcc,tscl,64KB,0,addr_hits,1847202
gcc,tscl,64KB,0,dir_hits,1909586
gcc,tscl,64KB,0,misses,150923
gcc,tscl,64KB,0,jr_hits,134359
gcc,tscl,64KB,0,jr_seen,174463
gcc,tscl,64KB,0,jr_non_ras_hits.PP,17128
gcc,tscl,64KB,0,jr_non_ras_seen.PP,53074
gcc,tscl,64KB,0,bpred_addr_rate,0.8965
gcc,tscl,64KB,0,bpred_dir_rate,0.9268
gcc,tscl,64KB,0,bpred_jr_rate,0.7701
gcc,tscl,64KB,0,bpred_jr_non_ras_rate.PP,0.3227
gcc,tscl,64KB,0,retstack_pushes,149634
gcc,tscl,64KB,0,retstack_pops,135981
gcc,tscl,64KB,0,used_ras.PP,121389
gcc,tscl,64KB,0,ras_hits.PP,117231
gcc,tscl,64KB,0,ras_rate.PP,0.9657
gcc,tscl,64KB,0,reverse_lookups,2060509
gcc,tscl,64KB,0,reverse_updates,2060509
gcc,tscl,64KB,0,reverse_addr_hits,1653441
gcc,tscl,64KB,0,reverse_dir_hits,1711800
gcc,tscl,64KB,0,reverse_misses,348709
gcc,tscl,64KB,0,reverse_jr_hits,138539
gcc,tscl,64KB,0,reverse_jr_seen,174463
gcc,tscl,64KB,0,reverse_jr_non_ras_hits.PP,17150
gcc,tscl,64KB,0,reverse_jr_non_ras_seen.PP,53074
gcc,tscl,64KB,0,reverse_bpred_addr_rate,0.8024
gcc,tscl,64KB,0,reverse_bpred_dir_rate,0.8308
gcc,tscl,64KB,0,reverse_bpred_jr_rate,0.7941
gcc,tscl,64KB,0,reverse_bpred_jr_non_ras_rate.PP,0.3231
gcc,tscl,64KB,0,reverse_retstack_pushes,121389
gcc,tscl,64KB,0,reverse_retstack_pops,121402
gcc,tscl,64KB,0,reverse_used_ras.PP,121389
gcc,tscl,64KB,0,reverse_ras_hits.PP,121389
gcc,tscl,64KB,0,reverse_ras_rate.PP,1.0000
gcc,tscl,64KB,0,ob_fwd_lookups,0
gcc,tscl,64KB,0,ob_fwd_hits,0
gcc,tscl,64KB,0,ob_fwd_chosen,0
gcc,tscl,64KB,0,ob_fwd_correct,0
gcc,tscl,64KB,0,ob_rev_lookups,5090629
gcc,tscl,64KB,0,ob_rev_hits,131072
gcc,tscl,64KB,0,ob_rev_chosen,0
gcc,tscl,64KB,0,ob_rev_correct,63611
gcc,tscl,64KB,0,fhb_fwd_lookups,0
gcc,tscl,64KB,0,fhb_rev_lookups,5090629
gcc,tscl,64KB,0,fhb_fwd_valid_out,1598765
gcc,tscl,64KB,0,fhb_rev_valid_out,1598782
gcc,tscl,64KB,0,fhb_fwd_pred_uses,0
gcc,tscl,64KB,0,fhb_rev_pred_uses,0
gcc,tscl,64KB,0,fhb_fwd_update_uses,9592590
gcc,tscl,64KB,0,fhb_rev_update_uses,19185180
gcc,tscl,64KB,0,fhb_fwd_writes,1598782
gcc,tscl,64KB,0,fhb_rev_writes,1598782
gcc,tscl,64KB,0,fhb_fwd_ob_bypassed,0
gcc,tscl,64KB,0,fhb_rev_ob_bypassed,131072
gcc,tscl,64KB,0,fhb_fwd_oht_bypassed,0
gcc,tscl,64KB,0,fhb_rev_oht_bypassed,131072
gcc,tscl,64KB,0,oht_fwd_lookups,0
gcc,tscl,64KB,0,oht_fwd_hits,0
gcc,tscl,64KB,0,oht_fwd_chosen,0
gcc,tscl,64KB,0,oht_fwd_correct,0
gcc,tscl,64KB,0,oht_rev_lookups,5090629
gcc,tscl,64KB,0,oht_rev_hits,1533246
gcc,tscl,64KB,0,oht_rev_chosen,0
gcc,tscl,64KB,0,oht_rev_correct,1177055
gcc,tscl,64KB,0,frmt_fwd_lookups,0
gcc,tscl,64KB,0,frmt_fwd_hits,0
gcc,tscl,64KB,0,frmt_fwd_misses,0
gcc,tscl,64KB,0,frmt_rev_lookups,0
gcc,tscl,64KB,0,frmt_rev_hits,0
gcc,tscl,64KB,0,frmt_rev_misses,0
gcc,tscl,64KB,0,tage_fwd_lookups,12396356
gcc,tscl,64KB,0,tage_rev_lookups,0
gcc,tscl,64KB,0,tage_fwd_tag_matches,945247
gcc,tscl,64KB,0,tage_rev_tag_matches,0
gcc,tscl,64KB,0,sc_fwd_lookups,13967388
gcc,tscl,64KB,0,sc_rev_lookups,0
gcc,tscl,64KB,0,sc_fwd_inversions,29201
gcc,tscl,64KB,0,sc_rev_inversions,0
gcc,tscl,64KB,0,sc_fwd_threshold_checks,3491342
gcc,tscl,64KB,0,sc_rev_threshold_checks,0
gcc,tscl,64KB,0,sc_fwd_threshold_pass,29201
gcc,tscl,64KB,0,sc_rev_threshold_pass,0
gcc,tscl,64KB,0,sc_fwd_updates,6395060
gcc,tscl,64KB,0,sc_rev_updates,1598765
gcc,tscl,64KB,0,loop_fwd_lookups,3491847
gcc,tscl,64KB,0,loop_rev_lookups,3491847
gcc,tscl,64KB,0,loop_fwd_hits,505
gcc,tscl,64KB,0,loop_rev_hits,381
gcc,tscl,64KB,0,loop_fwd_chosen,505
gcc,tscl,64KB,0,loop_rev_chosen,381
gcc,tscl,64KB,0,llbp_fwd_lookups,0
gcc,tscl,64KB,0,llbp_rev_lookups,0
gcc,tscl,64KB,0,llbp_fwd_hits,0
gcc,tscl,64KB,0,llbp_rev_hits,0
gcc,tscl,64KB,0,llbp_fwd_chosen,0
gcc,tscl,64KB,0,llbp_rev_chosen,0
gcc,tscl,64KB,1,lookups,2429942
gcc,tscl,64KB,1,updates,2060509
gcc,tscl,64KB,1,addr_hits,1840988
gcc,tscl,64KB,1,dir_hits,1903289
gcc,tscl,64KB,1,misses,157220
gcc,tscl,64KB,1,jr_hits,134364
gcc,tscl,64KB,1,jr_seen,174463
gcc,tscl,64KB,1,jr_non_ras_hits.PP,17128
gcc,tscl,64KB,1,jr_non_ras_seen.PP,53074
gcc,tscl,64KB,1,bpred_addr_rate,0.8935
gcc,tscl,64KB,1,bpred_dir_rate,0.9237
gcc,tscl,64KB,1,bpred_jr_rate,0.7702
gcc,tscl,64KB,1,bpred_jr_non_ras_rate.PP,0.3227
gcc,tscl,64KB,1,retstack_pushes,149096
gcc,tscl,64KB,1,retstack_pops,136049
gcc,tscl,64KB,1,used_ras.PP,121389
gcc,tscl,64KB,1,ras_hits.PP,117236
gcc,tscl,64KB,1,ras_rate.PP,0.9658
gcc,tscl,64KB,1,reverse_lookups,2060509
gcc,tscl,64KB,1,reverse_updates,2060509
gcc,tscl,64KB,1,reverse_addr_hits,1846569
gcc,tscl,64KB,1,reverse_dir_hits,1904990
gcc,tscl,64KB,1,reverse_misses,155519
gcc,tscl,64KB,1,reverse_jr_hits,138539
gcc,tscl,64KB,1,reverse_jr_seen,174463
gcc,tscl,64KB,1,reverse_jr_non_ras_hits.PP,17150
gcc,tscl,64KB,1,reverse_jr_non_ras_seen.PP,53074
gcc,tscl,64KB,1,reverse_bpred_addr_rate,0.8962
gcc,tscl,64KB,1,reverse_bpred_dir_rate,0.9245
gcc,tscl,64KB,1,reverse_bpred_jr_rate,0.7941
gcc,tscl,64KB,1,reverse_bpred_jr_non_ras_rate.PP,0.3231
gcc,tscl,64KB,1,reverse_retstack_pushes,121389
gcc,tscl,64KB,1,reverse_retstack_pops,121402
gcc,tscl,64KB,1,reverse_used_ras.PP,121389
gcc,tscl,64KB,1,reverse_ras_hits.PP,121389
gcc,tscl,64KB,1,reverse_ras_rate.PP,1.0000
gcc,tscl,64KB,1,ob_fwd_lookups,0
gcc,tscl,64KB,1,ob_fwd_hits,0
gcc,tscl,64KB,1,ob_fwd_chosen,0
gcc,tscl,64KB,1,ob_fwd_correct,0
gcc,tscl,64KB,1,ob_rev_lookups,5089121
gcc,tscl,64KB,1,ob_rev_hits,131072
gcc,tscl,64KB,1,ob_rev_chosen,0
gcc,tscl,64KB,1,ob_rev_correct,63611
gcc,tscl,64KB,1,fhb_fwd_lookups,0
gcc,tscl,64KB,1,fhb_rev_lookups,5089121
gcc,tscl,64KB,1,fhb_fwd_valid_out,1598765
gcc,tscl,64KB,1,fhb_rev_valid_out,1598782
gcc,tscl,64KB,1,fhb_fwd_pred_uses,0
gcc,tscl,64KB,1,fhb_rev_pred_uses,0
gcc,tscl,64KB,1,fhb_fwd_update_uses,0
gcc,tscl,64KB,1,fhb_rev_update_uses,0
gcc,tscl,64KB,1,fhb_fwd_writes,1598782
gcc,tscl,64KB,1,fhb_rev_writes,1598782
gcc,tscl,64KB,1,fhb_fwd_ob_bypassed,0
gcc,tscl,64KB,1,fhb_rev_ob_bypassed,545487
gcc,tscl,64KB,1,fhb_fwd_oht_bypassed,0
gcc,tscl,64KB,1,fhb_rev_oht_bypassed,545487
gcc,tscl,64KB,1,oht_fwd_lookups,0
gcc,tscl,64KB,1,oht_fwd_hits,0
gcc,tscl,64KB,1,oht_fwd_chosen,0
gcc,tscl,64KB,1,oht_fwd_correct,0
gcc,tscl,64KB,1,oht_rev_lookups,5089121
gcc,tscl,64KB,1,oht_rev_hits,414415
gcc,tscl,64KB,1,oht_rev_chosen,0
gcc,tscl,64KB,1,oht_rev_correct,286745
gcc,tscl,64KB,1,frmt_fwd_lookups,0
gcc,tscl,64KB,1,frmt_fwd_hits,0
gcc,tscl,64KB,1,frmt_fwd_misses,0
gcc,tscl,64KB,1,frmt_rev_lookups,8611469
gcc,tscl,64KB,1,frmt_rev_hits,7782059
gcc,tscl,64KB,1,frmt_rev_misses,829410
gcc,tscl,64KB,1,tage_fwd_lookups,11960003
gcc,tscl,64KB,1,tage_rev_lookups,0
gcc,tscl,64KB,1,tage_fwd_tag_matches,1189107
gcc,tscl,64KB,1,tage_rev_tag_matches,0
gcc,tscl,64KB,1,sc_fwd_lookups,13961356
gcc,tscl,64KB,1,sc_rev_lookups,0
gcc,tscl,64KB,1,sc_fwd_inversions,40826
gcc,tscl,64KB,1,sc_rev_inversions,0
gcc,tscl,64KB,1,sc_fwd_threshold_checks,3489828
gcc,tscl,64KB,1,sc_rev_threshold_checks,0
gcc,tscl,64KB,1,sc_fwd_threshold_pass,40826
gcc,tscl,64KB,1,sc_rev_threshold_pass,0
gcc,tscl,64KB,1,sc_fwd_updates,0
gcc,tscl,64KB,1,sc_rev_updates,0
gcc,tscl,64KB,1,loop_fwd_lookups,3490339
gcc,tscl,64KB,1,loop_rev_lookups,3490339
gcc,tscl,64KB,1,loop_fwd_hits,511
gcc,tscl,64KB,1,loop_rev_hits,505
gcc,tscl,64KB,1,loop_fwd_chosen,511
gcc,tscl,64KB,1,loop_rev_chosen,505
gcc,tscl,64KB,1,llbp_fwd_lookups,0
gcc,tscl,64KB,1,llbp_rev_lookups,0
gcc,tscl,64KB,1,llbp_fwd_hits,0
gcc,tscl,64KB,1,llbp_rev_hits,0
gcc,tscl,64KB,1,llbp_fwd_chosen,0
gcc,tscl,64KB,1,llbp_rev_chosen,0
go,tscl,128KB,0,lookups,2224655
go,tscl,128KB,0,updates,1810309
go,tscl,128KB,0,addr_hits,1636422
go,tscl,128KB,0,dir_hits,1643156
go,tscl,128KB,0,misses,167153
go,tscl,128KB,0,jr_hits,74881
go,tscl,128KB,0,jr_seen,79559
go,tscl,128KB,0,jr_non_ras_hits.PP,7379
go,tscl,128KB,0,jr_non_ras_seen.PP,11442
go,tscl,128KB,0,bpred_addr_rate,0.9039
go,tscl,128KB,0,bpred_dir_rate,0.9077
go,tscl,128KB,0,bpred_jr_rate,0.9412
go,tscl,128KB,0,bpred_jr_non_ras_rate.PP,0.6449
go,tscl,128KB,0,retstack_pushes,77302
go,tscl,128KB,0,retstack_pops,74592
go,tscl,128KB,0,used_ras.PP,68117
go,tscl,128KB,0,ras_hits.PP,67502
go,tscl,128KB,0,ras_rate.PP,0.9910
go,tscl,128KB,0,reverse_lookups,1810309
go,tscl,128KB,0,reverse_updates,1810309
go,tscl,128KB,0,reverse_addr_hits,1646268
go,tscl,128KB,0,reverse_dir_hits,1651803
go,tscl,128KB,0,reverse_misses,158506
go,tscl,128KB,0,reverse_jr_hits,75501
go,tscl,128KB,0,reverse_jr_seen,79559
go,tscl,128KB,0,reverse_jr_non_ras_hits.PP,7384
go,tscl,128KB,0,reverse_jr_non_ras_seen.PP,11442
go,tscl,128KB,0,reverse_bpred_addr_rate,0.9094
go,tscl,128KB,0,reverse_bpred_dir_rate,0.9124
go,tscl,128KB,0,reverse_bpred_jr_rate,0.9490
go,tscl,128KB,0,reverse_bpred_jr_non_ras_rate.PP,0.6453
go,tscl,128KB,0,reverse_retstack_pushes,68117
go,tscl,128KB,0,reverse_retstack_pops,68124
go,tscl,128KB,0,reverse_used_ras.PP,68117
go,tscl,128KB,0,reverse_ras_hits.PP,68117
go,tscl,128KB,0,reverse_ras_rate.PP,1.0000
go,tscl,128KB,0,ob_fwd_lookups,0
go,tscl,128KB,0,ob_fwd_hits,0
go,tscl,128KB,0,ob_fwd_chosen,0
go,tscl,128KB,0,ob_fwd_correct,0
go,tscl,128KB,0,ob_rev_lookups,5172464
go,tscl,128KB,0,ob_rev_hits,262144
go,tscl,128KB,0,ob_rev_chosen,0
go,tscl,128KB,0,ob_rev_correct,130753
go,tscl,128KB,0,fhb_fwd_lookups,0
go,tscl,128KB,0,fhb_rev_lookups,5172464
go,tscl,128KB,0,fhb_fwd_valid_out,1597012
go,tscl,128KB,0,fhb_rev_valid_out,1597029
go,tscl,128KB,0,fhb_fwd_pred_uses,0
go,tscl,128KB,0,fhb_rev_pred_uses,0
go,tscl,128KB,0,fhb_fwd_update_uses,9582072
go,tscl,128KB,0,fhb_rev_update_uses,19164144
go,tscl,128KB,0,fhb_fwd_writes,1597029
go,tscl,128KB,0,fhb_rev_writes,1597029
go,tscl,128KB,0,fhb_fwd_ob_bypassed,0
go,tscl,128KB,0,fhb_rev_ob_bypassed,262144
go,tscl,128KB,0,fhb_fwd_oht_bypassed,0
go,tscl,128KB,0,fhb_rev_oht_bypassed,262144
go,tscl,128KB,0,oht_fwd_lookups,0
go,tscl,128KB,0,oht_fwd_hits,0
go,tscl,128KB,0,oht_fwd_chosen,0
go,tscl,128KB,0,oht_fwd_correct,0
go,tscl,128KB,0,oht_rev_lookups,5172464
go,tscl,128KB,0,oht_rev_hits,1465954
go,tscl,128KB,0,oht_rev_chosen,0
go,tscl,128KB,0,oht_rev_correct,1307567
go,tscl,128KB,0,frmt_fwd_lookups,0
go,tscl,128KB,0,frmt_fwd_hits,0
go,tscl,128KB,0,frmt_fwd_misses,0
go,tscl,128KB,0,frmt_rev_lookups,0
go,tscl,128KB,0,frmt_rev_hits,0
go,tscl,128KB,0,frmt_rev_misses,0
go,tscl,128KB,0,tage_fwd_lookups,12462488
go,tscl,128KB,0,tage_rev_lookups,0
go,tscl,128KB,0,tage_fwd_tag_matches,1036782
go,tscl,128KB,0,tage_rev_tag_matches,0
go,tscl,128KB,0,sc_fwd_lookups,14301740
go,tscl,128KB,0,sc_rev_lookups,0
go,tscl,128KB,0,sc_fwd_inversions,43919
go,tscl,128KB,0,sc_rev_inversions,0
go,tscl,128KB,0,sc_fwd_threshold_checks,3575318
go,tscl,128KB,0,sc_rev_threshold_checks,0
go,tscl,128KB,0,sc_fwd_threshold_pass,43919
go,tscl,128KB,0,sc_rev_threshold_pass,0
go,tscl,128KB,0,sc_fwd_updates,6388048
go,tscl,128KB,0,sc_rev_updates,1597012
go,tscl,128KB,0,loop_fwd_lookups,3575435
go,tscl,128KB,0,loop_rev_lookups,3575435
go,tscl,128KB,0,loop_fwd_hits,117
go,tscl,128KB,0,loop_rev_hits,103
go,tscl,128KB,0,loop_fwd_chosen,117
go,tscl,128KB,0,loop_rev_chosen,103
go,tscl,128KB,0,llbp_fwd_lookups,0
go,tscl,128KB,0,llbp_rev_lookups,0
go,tscl,128KB,0,llbp_fwd_hits,0
go,tscl,128KB,0,llbp_rev_hits,0
go,tscl,128KB,0,llbp_fwd_chosen,0
go,tscl,128KB,0,llbp_rev_chosen,0
go,tscl,128KB,1,lookups,2225756
go,tscl,128KB,1,updates,1810309
go,tscl,128KB,1,addr_hits,1635959
go,tscl,128KB,1,dir_hits,1642771
go,tscl,128KB,1,misses,167538
go,tscl,128KB,1,jr_hits,74782
go,tscl,128KB,1,jr_seen,79559
go,tscl,128KB,1,jr_non_ras_hits.PP,7379
go,tscl,128KB,1,jr_non_ras_seen.PP,11442
go,tscl,128KB,1,bpred_addr_rate,0.9037
go,tscl,128KB,1,bpred_dir_rate,0.9075
go,tscl,128KB,1,bpred_jr_rate,0.9400
go,tscl,128KB,1,bpred_jr_non_ras_rate.PP,0.6449
go,tscl,128KB,1,retstack_pushes,77174
go,tscl,128KB,1,retstack_pops,75022
go,tscl,128KB,1,used_ras.PP,68117
go,tscl,128KB,1,ras_hits.PP,67403
go,tscl,128KB,1,ras_rate.PP,0.9895
go,tscl,128KB,1,reverse_lookups,1810309
go,tscl,128KB,1,reverse_updates,1810309
go,tscl,128KB,1,reverse_addr_hits,1714040
go,tscl,128KB,1,reverse_dir_hits,1719527
go,tscl,128KB,1,reverse_misses,90782
go,tscl,128KB,1,reverse_jr_hits,75501
go,tscl,128KB,1,reverse_jr_seen,79559
go,tscl,128KB,1,reverse_jr_non_ras_hits.PP,7384
go,tscl,128KB,1,reverse_jr_non_ras_seen.PP,11442
go,tscl,128KB,1,reverse_bpred_addr_rate,0.9468
go,tscl,128KB,1,reverse_bpred_dir_rate,0.9499
go,tscl,128KB,1,reverse_bpred_jr_rate,0.9490
go,tscl,128KB,1,reverse_bpred_jr_non_ras_rate.PP,0.6453
go,tscl,128KB,1,reverse_retstack_pushes,68117
go,tscl,128KB,1,reverse_retstack_pops,68124
go,tscl,128KB,1,reverse_used_ras.PP,68117
go,tscl,128KB,1,reverse_ras_hits.PP,68117
go,tscl,128KB,1,reverse_ras_rate.PP,1.0000
go,tscl,128KB,1,ob_fwd_lookups,0
go,tscl,128KB,1,ob_fwd_hits,0
go,tscl,128KB,1,ob_fwd_chosen,0
go,tscl,128KB,1,ob_fwd_correct,0
go,tscl,128KB,1,ob_rev_lookups,5173014
go,tscl,128KB,1,ob_rev_hits,262144
go,tscl,128KB,1,ob_rev_chosen,0
go,tscl,128KB,1,ob_rev_correct,130753
go,tscl,128KB,1,fhb_fwd_lookups,0
go,tscl,128KB,1,fhb_rev_lookups,5173014
go,tscl,128KB,1,fhb_fwd_valid_out,1597012
go,tscl,128KB,1,fhb_rev_valid_out,1597029
go,tscl,128KB,1,fhb_fwd_pred_uses,0
go,tscl,128KB,1,fhb_rev_pred_uses,0
go,tscl,128KB,1,fhb_fwd_update_uses,0
go,tscl,128KB,1,fhb_rev_update_uses,0
go,tscl,128KB,1,fhb_fwd_writes,1597029
go,tscl,128KB,1,fhb_rev_writes,1597029
go,tscl,128KB,1,fhb_fwd_ob_bypassed,0
go,tscl,128KB,1,fhb_rev_ob_bypassed,1125628
go,tscl,128KB,1,fhb_fwd_oht_bypassed,0
go,tscl,128KB,1,fhb_rev_oht_bypassed,1125628
go,tscl,128KB,1,oht_fwd_lookups,0
go,tscl,128KB,1,oht_fwd_hits,0
go,tscl,128KB,1,oht_fwd_chosen,0
go,tscl,128KB,1,oht_fwd_correct,0
go,tscl,128KB,1,oht_rev_lookups,5173014
go,tscl,128KB,1,oht_rev_hits,863484
go,tscl,128KB,1,oht_rev_chosen,0
go,tscl,128KB,1,oht_rev_correct,786469
go,tscl,128KB,1,frmt_fwd_lookups,0
go,tscl,128KB,1,frmt_fwd_hits,0
go,tscl,128KB,1,frmt_fwd_misses,0
go,tscl,128KB,1,frmt_rev_lookups,7656683
go,tscl,128KB,1,frmt_rev_hits,6901859
go,tscl,128KB,1,frmt_rev_misses,754824
go,tscl,128KB,1,tage_fwd_lookups,11738136
go,tscl,128KB,1,tage_rev_lookups,0
go,tscl,128KB,1,tage_fwd_tag_matches,1253001
go,tscl,128KB,1,tage_rev_tag_matches,0
go,tscl,128KB,1,sc_fwd_lookups,14303940
go,tscl,128KB,1,sc_rev_lookups,0
go,tscl,128KB,1,sc_fwd_inversions,66838
go,tscl,128KB,1,sc_rev_inversions,0
go,tscl,128KB,1,sc_fwd_threshold_checks,3575968
go,tscl,128KB,1,sc_rev_threshold_checks,0
go,tscl,128KB,1,sc_fwd_threshold_pass,66838
go,tscl,128KB,1,sc_rev_threshold_pass,0
go,tscl,128KB,1,sc_fwd_updates,0
go,tscl,128KB,1,sc_rev_updates,0
go,tscl,128KB,1,loop_fwd_lookups,3575985
go,tscl,128KB,1,loop_rev_lookups,3575985
go,tscl,128KB,1,loop_fwd_hits,17
go,tscl,128KB,1,loop_rev_hits,17
go,tscl,128KB,1,loop_fwd_chosen,17
go,tscl,128KB,1,loop_rev_chosen,17
go,tscl,128KB,1,llbp_fwd_lookups,0
go,tscl,128KB,1,llbp_rev_lookups,0
go,tscl,128KB,1,llbp_fwd_hits,0
go,tscl,128KB,1,llbp_rev_hits,0
go,tscl,128KB,1,llbp_fwd_chosen,0
go,tscl,128KB,1,llbp_rev_chosen,0
go,tscl,16KB,0,lookups,2221756
go,tscl,16KB,0,updates,1810309
go,tscl,16KB,0,addr_hits,1635431
go,tscl,16KB,0,dir_hits,1642234
go,tscl,16KB,0,misses,168075
go,tscl,16KB,0,jr_hits,74831
go,tscl,16KB,0,jr_seen,79559
go,tscl,16KB,0,jr_non_ras_hits.PP,7379
go,tscl,16KB,0,jr_non_ras_seen.PP,11442
go,tscl,16KB,0,bpred_addr_rate,0.9034
go,tscl,16KB,0,bpred_dir_rate,0.9072
go,tscl,16KB,0,bpred_jr_rate,0.9406
go,tscl,16KB,0,bpred_jr_non_ras_rate.PP,0.6449
go,tscl,16KB,0,retstack_pushes,76259
go,tscl,16KB,0,retstack_pops,76245
go,tscl,16KB,0,used_ras.PP,68117
go,tscl,16KB,0,ras_hits.PP,67452
go,tscl,16KB,0,ras_rate.PP,0.9902
go,tscl,16KB,0,reverse_lookups,1810309
go,tscl,16KB,0,reverse_updates,1810309
go,tscl,16KB,0,reverse_addr_hits,1394556
go,tscl,16KB,0,reverse_dir_hits,1399646
go,tscl,16KB,0,reverse_misses,410663
go,tscl,16KB,0,reverse_jr_hits,75501
go,tscl,16KB,0,reverse_jr_seen,79559
go,tscl,16KB,0,reverse_jr_non_ras_hits.PP,7384
go,tscl,16KB,0,reverse_jr_non_ras_seen.PP,11442
go,tscl,16KB,0,reverse_bpred_addr_rate,0.7703
go,tscl,16KB,0,reverse_bpred_dir_rate,0.7732
go,tscl,16KB,0,reverse_bpred_jr_rate,0.9490
go,tscl,16KB,0,reverse_bpred_jr_non_ras_rate.PP,0.6453
go,tscl,16KB,0,reverse_retstack_pushes,68117
go,tscl,16KB,0,reverse_retstack_pops,68124
go,tscl,16KB,0,reverse_used_ras.PP,68117
go,tscl,16KB,0,reverse_ras_hits.PP,68117
go,tscl,16KB,0,reverse_ras_rate.PP,1.0000
go,tscl,16KB,0,ob_fwd_lookups,0
go,tscl,16KB,0,ob_fwd_hits,0
go,tscl,16KB,0,ob_fwd_chosen,0
go,tscl,16KB,0,ob_fwd_correct,0
go,tscl,16KB,0,ob_rev_lookups,5170126
go,tscl,16KB,0,ob_rev_hits,32768
go,tscl,16KB,0,ob_rev_chosen,0
go,tscl,16KB,0,ob_rev_correct,16368
go,tscl,16KB,0,fhb_fwd_lookups,0
go,tscl,16KB,0,fhb_rev_lookups,5170126
go,tscl,16KB,0,fhb_fwd_valid_out,1597012
go,tscl,16KB,0,fhb_rev_valid_out,1597029
go,tscl,16KB,0,fhb_fwd_pred_uses,0
go,tscl,16KB,0,fhb_rev_pred_uses,0
go,tscl,16KB,0,fhb_fwd_update_uses,9582072
go,tscl,16KB,0,fhb_rev_update_uses,19164144
go,tscl,16KB,0,fhb_fwd_writes,1597029
go,tscl,16KB,0,fhb_rev_writes,1597029
go,tscl,16KB,0,fhb_fwd_ob_bypassed,0
go,tscl,16KB,0,fhb_rev_ob_bypassed,32768
go,tscl,16KB,0,fhb_fwd_oht_bypassed,0
go,tscl,16KB,0,fhb_rev_oht_bypassed,32768
go,tscl,16KB,0,oht_fwd_lookups,0
go,tscl,16KB,0,oht_fwd_hits,0
go,tscl,16KB,0,oht_fwd_chosen,0
go,tscl,16KB,0,oht_fwd_correct,0
go,tscl,16KB,0,oht_rev_lookups,5170126
go,tscl,16KB,0,oht_rev_hits,1580641
go,tscl,16KB,0,oht_rev_chosen,0
go,tscl,16KB,0,oht_rev_correct,1170239
go,tscl,16KB,0,frmt_fwd_lookups,0
go,tscl,16KB,0,frmt_fwd_hits,0
go,tscl,16KB,0,frmt_fwd_misses,0
go,tscl,16KB,0,frmt_rev_lookups,0
go,tscl,16KB,0,frmt_rev_hits,0
go,tscl,16KB,0,frmt_rev_misses,0
go,tscl,16KB,0,tage_fwd_lookups,12292884
go,tscl,16KB,0,tage_rev_lookups,0
go,tscl,16KB,0,tage_fwd_tag_matches,1479405
go,tscl,16KB,0,tage_rev_tag_matches,0
go,tscl,16KB,0,sc_fwd_lookups,14292388
go,tscl,16KB,0,sc_rev_lookups,0
go,tscl,16KB,0,sc_fwd_inversions,31541
go,tscl,16KB,0,sc_rev_inversions,0
go,tscl,16KB,0,sc_fwd_threshold_checks,3572980
go,tscl,16KB,0,sc_rev_threshold_checks,0
go,tscl,16KB,0,sc_fwd_threshold_pass,31541
go,tscl,16KB,0,sc_rev_threshold_pass,0
go,tscl,16KB,0,sc_fwd_updates,6388048
go,tscl,16KB,0,sc_rev_updates,1597012
go,tscl,16KB,0,loop_fwd_lookups,3573097
go,tscl,16KB,0,loop_rev_lookups,3573097
go,tscl,16KB,0,loop_fwd_hits,117
go,tscl,16KB,0,loop_rev_hits,123
go,tscl,16KB,0,loop_fwd_chosen,117
go,tscl,16KB,0,loop_rev_chosen,123
go,tscl,16KB,0,llbp_fwd_lookups,0
go,tscl,16KB,0,llbp_rev_lookups,0
go,tscl,16KB,0,llbp_fwd_hits,0
go,tscl,16KB,0,llbp_rev_hits,0
go,tscl,16KB,0,llbp_fwd_chosen,0
go,tscl,16KB,0,llbp_rev_chosen,0
go,tscl,16KB,1,lookups,2227228
go,tscl,16KB,1,updates,1810309
go,tscl,16KB,1,addr_hits,1632371
go,tscl,16KB,1,dir_hits,1639184
go,tscl,16KB,1,misses,171125
go,tscl,16KB,1,jr_hits,74811
go,tscl,16KB,1,jr_seen,79559
go,tscl,16KB,1,jr_non_ras_hits.PP,7379
go,tscl,16KB,1,jr_non_ras_seen.PP,11442
go,tscl,16KB,1,bpred_addr_rate,0.9017
go,tscl,16KB,1,bpred_dir_rate,0.9055
go,tscl,16KB,1,bpred_jr_rate,0.9403
go,tscl,16KB,1,bpred_jr_non_ras_rate.PP,0.6449
go,tscl,16KB,1,retstack_pushes,76384
go,tscl,16KB,1,retstack_pops,75547
go,tscl,16KB,1,used_ras.PP,68117
go,tscl,16KB,1,ras_hits.PP,67432
go,tscl,16KB,1,ras_rate.PP,0.9899
go,tscl,16KB,1,reverse_lookups,1810309
go,tscl,16KB,1,reverse_updates,1810309
go,tscl,16KB,1,reverse_addr_hits,1710127
go,tscl,16KB,1,reverse_dir_hits,1715339
go,tscl,16KB,1,reverse_misses,94970
go,tscl,16KB,1,reverse_jr_hits,75501
go,tscl,16KB,1,reverse_jr_seen,79559
go,tscl,16KB,1,reverse_jr_non_ras_hits.PP,7384
go,tscl,16KB,1,reverse_jr_non_ras_seen.PP,11442
go,tscl,16KB,1,reverse_bpred_addr_rate,0.9447
go,tscl,16KB,1,reverse_bpred_dir_rate,0.9475
go,tscl,16KB,1,reverse_bpred_jr_rate,0.9490
go,tscl,16KB,1,reverse_bpred_jr_non_ras_rate.PP,0.6453
go,tscl,16KB,1,reverse_retstack_pushes,68117
go,tscl,16KB,1,reverse_retstack_pops,68124
go,tscl,16KB,1,reverse_used_ras.PP,68117
go,tscl,16KB,1,reverse_ras_hits.PP,68117
go,tscl,16KB,1,reverse_ras_rate.PP,1.0000
go,tscl,16KB,1,ob_fwd_lookups,0
go,tscl,16KB,1,ob_fwd_hits,0
go,tscl,16KB,1,ob_fwd_chosen,0
go,tscl,16KB,1,ob_fwd_correct,0
go,tscl,16KB,1,ob_rev_lookups,5175601
go,tscl,16KB,1,ob_rev_hits,32768
go,tscl,16KB,1,ob_rev_chosen,0
go,tscl,16KB,1,ob_rev_correct,16368
go,tscl,16KB,1,fhb_fwd_lookups,0
go,tscl,16KB,1,fhb_rev_lookups,5175601
go,tscl,16KB,1,fhb_fwd_valid_out,1597012
go,tscl,16KB,1,fhb_rev_valid_out,1597029
go,tscl,16KB,1,fhb_fwd_pred_uses,0
go,tscl,16KB,1,fhb_rev_pred_uses,0
go,tscl,16KB,1,fhb_fwd_update_uses,0
go,tscl,16KB,1,fhb_rev_update_uses,0
go,tscl,16KB,1,fhb_fwd_writes,1597029
go,tscl,16KB,1,fhb_rev_writes,1597029
go,tscl,16KB,1,fhb_fwd_ob_bypassed,0
go,tscl,16KB,1,fhb_rev_ob_bypassed,289185
go,tscl,16KB,1,fhb_fwd_oht_bypassed,0
go,tscl,16KB,1,fhb_rev_oht_bypassed,289185
go,tscl,16KB,1,oht_fwd_lookups,0
go,tscl,16KB,1,oht_fwd_hits,0
go,tscl,16KB,1,oht_fwd_chosen,0
go,tscl,16KB,1,oht_fwd_correct,0
go,tscl,16KB,1,oht_rev_lookups,5175601
go,tscl,16KB,1,oht_rev_hits,256417
go,tscl,16KB,1,oht_rev_chosen,0
go,tscl,16KB,1,oht_rev_correct,198186
go,tscl,16KB,1,frmt_fwd_lookups,0
go,tscl,16KB,1,frmt_fwd_hits,0
go,tscl,16KB,1,frmt_fwd_misses,0
go,tscl,16KB,1,frmt_rev_lookups,7658155
go,tscl,16KB,1,frmt_rev_hits,7416926
go,tscl,16KB,1,frmt_rev_misses,241229
go,tscl,16KB,1,tage_fwd_lookups,12280707
go,tscl,16KB,1,tage_rev_lookups,0
go,tscl,16KB,1,tage_fwd_tag_matches,1426022
go,tscl,16KB,1,tage_rev_tag_matches,0
go,tscl,16KB,1,sc_fwd_lookups,14314288
go,tscl,16KB,1,sc_rev_lookups,0
go,tscl,16KB,1,sc_fwd_inversions,89517
go,tscl,16KB,1,sc_rev_inversions,0
go,tscl,16KB,1,sc_fwd_threshold_checks,3578555
go,tscl,16KB,1,sc_rev_threshold_checks,0
go,tscl,16KB,1,sc_fwd_threshold_pass,89517
go,tscl,16KB,1,sc_rev_threshold_pass,0
go,tscl,16KB,1,sc_fwd_updates,0
go,tscl,16KB,1,sc_rev_updates,0
go,tscl,16KB,1,loop_fwd_lookups,3578572
go,tscl,16KB,1,loop_rev_lookups,3578572
go,tscl,16KB,1,loop_fwd_hits,17
go,tscl,16KB,1,loop_rev_hits,17
go,tscl,16KB,1,loop_fwd_chosen,17
go,tscl,16KB,1,loop_rev_chosen,17
go,tscl,16KB,1,llbp_fwd_lookups,0
go,tscl,16KB,1,llbp_rev_lookups,0
go,tscl,16KB,1,llbp_fwd_hits,0
go,tscl,16KB,1,llbp_rev_hits,0
go,tscl,16KB,1,llbp_fwd_chosen,0
go,tscl,16KB,1,llbp_rev_chosen,0
go,tscl,1MB,0,lookups,2227147
go,tscl,1MB,0,updates,1810309
go,tscl,1MB,0,addr_hits,1635943
go,tscl,1MB,0,dir_hits,1642648
go,tscl,1MB,0,misses,167661
go,tscl,1MB,0,jr_hits,74883
go,tscl,1MB,0,jr_seen,79559
go,tscl,1MB,0,jr_non_ras_hits.PP,7379
go,tscl,1MB,0,jr_non_ras_seen.PP,11442
go,tscl,1MB,0,bpred_addr_rate,0.9037
go,tscl,1MB,0,bpred_dir_rate,0.9074
go,tscl,1MB,0,bpred_jr_rate,0.9412
go,tscl,1MB,0,bpred_jr_non_ras_rate.PP,0.6449
go,tscl,1MB,0,retstack_pushes,76715
go,tscl,1MB,0,retstack_pops,75535
go,tscl,1MB,0,used_ras.PP,68117
go,tscl,1MB,0,ras_hits.PP,67504
go,tscl,1MB,0,ras_rate.PP,0.9910
go,tscl,1MB,0,reverse_lookups,1810309
go,tscl,1MB,0,reverse_updates,1810309
go,tscl,1MB,0,reverse_addr_hits,1756228
go,tscl,1MB,0,reverse_dir_hits,1761902
go,tscl,1MB,0,reverse_misses,48407
go,tscl,1MB,0,reverse_jr_hits,75501
go,tscl,1MB,0,reverse_jr_seen,79559
go,tscl,1MB,0,reverse_jr_non_ras_hits.PP,7384
go,tscl,1MB,0,reverse_jr_non_ras_seen.PP,11442
go,tscl,1MB,0,reverse_bpred_addr_rate,0.9701
go,tscl,1MB,0,reverse_bpred_dir_rate,0.9733
go,tscl,1MB,0,reverse_bpred_jr_rate,0.9490
go,tscl,1MB,0,reverse_bpred_jr_non_ras_rate.PP,0.6453
go,tscl,1MB,0,reverse_retstack_pushes,68117
go,tscl,1MB,0,reverse_retstack_pops,68124
go,tscl,1MB,0,reverse_used_ras.PP,68117
go,tscl,1MB,0,reverse_ras_hits.PP,68117
go,tscl,1MB,0,reverse_ras_rate.PP,1.0000
go,tscl,1MB,0,ob_fwd_lookups,0
go,tscl,1MB,0,ob_fwd_hits,0
go,tscl,1MB,0,ob_fwd_chosen,0
go,tscl,1MB,0,ob_fwd_correct,0
go,tscl,1MB,0,ob_rev_lookups,5173484
go,tscl,1MB,0,ob_rev_hits,2097152
go,tscl,1MB,0,ob_rev_chosen,0
go,tscl,1MB,0,ob_rev_correct,1046529
go,tscl,1MB,0,fhb_fwd_lookups,0
go,tscl,1MB,0,fhb_rev_lookups,5173484
go,tscl,1MB,0,fhb_fwd_valid_out,1597012
go,tscl,1MB,0,fhb_rev_valid_out,1597029
go,tscl,1MB,0,fhb_fwd_pred_uses,0
go,tscl,1MB,0,fhb_rev_pred_uses,0
go,tscl,1MB,0,fhb_fwd_update_uses,9582072
go,tscl,1MB,0,fhb_rev_update_uses,19164144
go,tscl,1MB,0,fhb_fwd_writes,1597029
go,tscl,1MB,0,fhb_rev_writes,1597029
go,tscl,1MB,0,fhb_fwd_ob_bypassed,0
go,tscl,1MB,0,fhb_rev_ob_bypassed,2097152
go,tscl,1MB,0,fhb_fwd_oht_bypassed,0
go,tscl,1MB,0,fhb_rev_oht_bypassed,2097152
go,tscl,1MB,0,oht_fwd_lookups,0
go,tscl,1MB,0,oht_fwd_hits,0
go,tscl,1MB,0,oht_fwd_chosen,0
go,tscl,1MB,0,oht_fwd_correct,0
go,tscl,1MB,0,oht_rev_lookups,5173484
go,tscl,1MB,0,oht_rev_hits,548453
go,tscl,1MB,0,oht_rev_chosen,0
go,tscl,1MB,0,oht_rev_correct,501754
go,tscl,1MB,0,frmt_fwd_lookups,0
go,tscl,1MB,0,frmt_fwd_hits,0
go,tscl,1MB,0,frmt_fwd_misses,0
go,tscl,1MB,0,frmt_rev_lookups,0
go,tscl,1MB,0,frmt_rev_hits,0
go,tscl,1MB,0,frmt_rev_misses,0
go,tscl,1MB,0,tage_fwd_lookups,12362462
go,tscl,1MB,0,tage_rev_lookups,0
go,tscl,1MB,0,tage_fwd_tag_matches,856942
go,tscl,1MB,0,tage_rev_tag_matches,0
go,tscl,1MB,0,sc_fwd_lookups,14305820
go,tscl,1MB,0,sc_rev_lookups,0
go,tscl,1MB,0,sc_fwd_inversions,71975
go,tscl,1MB,0,sc_rev_inversions,0
go,tscl,1MB,0,sc_fwd_threshold_checks,3576338
go,tscl,1MB,0,sc_rev_threshold_checks,0
go,tscl,1MB,0,sc_fwd_threshold_pass,71975
go,tscl,1MB,0,sc_rev_threshold_pass,0
go,tscl,1MB,0,sc_fwd_updates,6388048
go,tscl,1MB,0,sc_rev_updates,1597012
go,tscl,1MB,0,loop_fwd_lookups,3576455
go,tscl,1MB,0,loop_rev_lookups,3576455
go,tscl,1MB,0,loop_fwd_hits,117
go,tscl,1MB,0,loop_rev_hits,103
go,tscl,1MB,0,loop_fwd_chosen,117
go,tscl,1MB,0,loop_rev_chosen,103
go,tscl,1MB,0,llbp_fwd_lookups,0
go,tscl,1MB,0,llbp_rev_lookups,0
go,tscl,1MB,0,llbp_fwd_hits,0
go,tscl,1MB,0,llbp_rev_hits,0
go,tscl,1MB,0,llbp_fwd_chosen,0
go,tscl,1MB,0,llbp_rev_chosen,0
go,tscl,1MB,1,lookups,2225899
go,tscl,1MB,1,updates,1810309
go,tscl,1MB,1,addr_hits,1637243
go,tscl,1MB,1,dir_hits,1643951
go,tscl,1MB,1,misses,166358
go,tscl,1MB,1,jr_hits,74864
go,tscl,1MB,1,jr_seen,79559
go,tscl,1MB,1,jr_non_ras_hits.PP,7379
go,tscl,1MB,1,jr_non_ras_seen.PP,11442
go,tscl,1MB,1,bpred_addr_rate,0.9044
go,tscl,1MB,1,bpred_dir_rate,0.9081
go,tscl,1MB,1,bpred_jr_rate,0.9410
go,tscl,1MB,1,bpred_jr_non_ras_rate.PP,0.6449
go,tscl,1MB,1,retstack_pushes,76724
go,tscl,1MB,1,retstack_pops,75202
go,tscl,1MB,1,used_ras.PP,68117
go,tscl,1MB,1,ras_hits.PP,67485
go,tscl,1MB,1,ras_rate.PP,0.9907
go,tscl,1MB,1,reverse_lookups,1810309
go,tscl,1MB,1,reverse_updates,1810309
go,tscl,1MB,1,reverse_addr_hits,1776492
go,tscl,1MB,1,reverse_dir_hits,1782162
go,tscl,1MB,1,reverse_misses,28147
go,tscl,1MB,1,reverse_jr_hits,75501
go,tscl,1MB,1,reverse_jr_seen,79559
go,tscl,1MB,1,reverse_jr_non_ras_hits.PP,7384
go,tscl,1MB,1,reverse_jr_non_ras_seen.PP,11442
go,tscl,1MB,1,reverse_bpred_addr_rate,0.9813
go,tscl,1MB,1,reverse_bpred_dir_rate,0.9845
go,tscl,1MB,1,reverse_bpred_jr_rate,0.9490
go,tscl,1MB,1,reverse_bpred_jr_non_ras_rate.PP,0.6453
go,tscl,1MB,1,reverse_retstack_pushes,68117
go,tscl,1MB,1,reverse_retstack_pops,68124
go,tscl,1MB,1,reverse_used_ras.PP,68117
go,tscl,1MB,1,reverse_ras_hits.PP,68117
go,tscl,1MB,1,reverse_ras_rate.PP,1.0000
go,tscl,1MB,1,ob_fwd_lookups,0
go,tscl,1MB,1,ob_fwd_hits,0
go,tscl,1MB,1,ob_fwd_chosen,0
go,tscl,1MB,1,ob_fwd_correct,0
go,tscl,1MB,1,ob_rev_lookups,5172888
go,tscl,1MB,1,ob_rev_hits,2097152
go,tscl,1MB,1,ob_rev_chosen,0
go,tscl,1MB,1,ob_rev_correct,1046529
go,tscl,1MB,1,fhb_fwd_lookups,0
go,tscl,1MB,1,fhb_rev_lookups,5172888
go,tscl,1MB,1,fhb_fwd_valid_out,1597012
go,tscl,1MB,1,fhb_rev_valid_out,1597029
go,tscl,1MB,1,fhb_fwd_pred_uses,0
go,tscl,1MB,1,fhb_rev_pred_uses,0
go,tscl,1MB,1,fhb_fwd_update_uses,0
go,tscl,1MB,1,fhb_rev_update_uses,0
go,tscl,1MB,1,fhb_fwd_writes,1597029
go,tscl,1MB,1,fhb_rev_writes,1597029
go,tscl,1MB,1,fhb_fwd_ob_bypassed,0
go,tscl,1MB,1,fhb_rev_ob_bypassed,2513246
go,tscl,1MB,1,fhb_fwd_oht_bypassed,0
go,tscl,1MB,1,fhb_rev_oht_bypassed,2513246
go,tscl,1MB,1,oht_fwd_lookups,0
go,tscl,1MB,1,oht_fwd_hits,0
go,tscl,1MB,1,oht_fwd_chosen,0
go,tscl,1MB,1,oht_fwd_correct,0
go,tscl,1MB,1,oht_rev_lookups,5172888
go,tscl,1MB,1,oht_rev_hits,416094
go,tscl,1MB,1,oht_rev_chosen,0
go,tscl,1MB,1,oht_rev_correct,393028
go,tscl,1MB,1,frmt_fwd_lookups,0
go,tscl,1MB,1,frmt_fwd_hits,0
go,tscl,1MB,1,frmt_fwd_misses,0
go,tscl,1MB,1,frmt_rev_lookups,7656826
go,tscl,1MB,1,frmt_rev_hits,6766735
go,tscl,1MB,1,frmt_rev_misses,890091
go,tscl,1MB,1,tage_fwd_lookups,11400326
go,tscl,1MB,1,tage_rev_lookups,0
go,tscl,1MB,1,tage_fwd_tag_matches,1207947
go,tscl,1MB,1,tage_rev_tag_matches,0
go,tscl,1MB,1,sc_fwd_lookups,14303436
go,tscl,1MB,1,sc_rev_lookups,0
go,tscl,1MB,1,sc_fwd_inversions,56988
go,tscl,1MB,1,sc_rev_inversions,0
go,tscl,1MB,1,sc_fwd_threshold_checks,3575842
go,tscl,1MB,1,sc_rev_threshold_checks,0
go,tscl,1MB,1,sc_fwd_threshold_pass,56988
go,tscl,1MB,1,sc_rev_threshold_pass,0
go,tscl,1MB,1,sc_fwd_updates,0
go,tscl,1MB,1,sc_rev_updates,0
go,tscl,1MB,1,loop_fwd_lookups,3575859
go,tscl,1MB,1,loop_rev_lookups,3575859
go,tscl,1MB,1,loop_fwd_hits,17
go,tscl,1MB,1,loop_rev_hits,17
go,tscl,1MB,1,loop_fwd_chosen,17
go,tscl,1MB,1,loop_rev_chosen,17
go,tscl,1MB,1,llbp_fwd_lookups,0
go,tscl,1MB,1,llbp_rev_lookups,0
go,tscl,1MB,1,llbp_fwd_hits,0
go,tscl,1MB,1,llbp_rev_hits,0
go,tscl,1MB,1,llbp_fwd_chosen,0
go,tscl,1MB,1,llbp_rev_chosen,0
go,tscl,256KB,0,lookups,2224271
go,tscl,256KB,0,updates,1810309
go,tscl,256KB,0,addr_hits,1637113
go,tscl,256KB,0,dir_hits,1643824
go,tscl,256KB,0,misses,166485
go,tscl,256KB,0,jr_hits,74882
go,tscl,256KB,0,jr_seen,79559
go,tscl,256KB,0,jr_non_ras_hits.PP,7379
go,tscl,256KB,0,jr_non_ras_seen.PP,11442
go,tscl,256KB,0,bpred_addr_rate,0.9043
go,tscl,256KB,0,bpred_dir_rate,0.9080
go,tscl,256KB,0,bpred_jr_rate,0.9412
go,tscl,256KB,0,bpred_jr_non_ras_rate.PP,0.6449
go,tscl,256KB,0,retstack_pushes,76892
go,tscl,256KB,0,retstack_pops,75242
go,tscl,256KB,0,used_ras.PP,68117
go,tscl,256KB,0,ras_hits.PP,67503
go,tscl,256KB,0,ras_rate.PP,0.9910
go,tscl,256KB,0,reverse_lookups,1810309
go,tscl,256KB,0,reverse_updates,1810309
go,tscl,256KB,0,reverse_addr_hits,1702322
go,tscl,256KB,0,reverse_dir_hits,1707930
go,tscl,256KB,0,reverse_misses,102379
go,tscl,256KB,0,reverse_jr_hits,75501
go,tscl,256KB,0,reverse_jr_seen,79559
go,tscl,256KB,0,reverse_jr_non_ras_hits.PP,7384
go,tscl,256KB,0,reverse_jr_non_ras_seen.PP,11442
go,tscl,256KB,0,reverse_bpred_addr_rate,0.9403
go,tscl,256KB,0,reverse_bpred_dir_rate,0.9434
go,tscl,256KB,0,reverse_bpred_jr_rate,0.9490
go,tscl,256KB,0,reverse_bpred_jr_non_ras_rate.PP,0.6453
go,tscl,256KB,0,reverse_retstack_pushes,68117
go,tscl,256KB,0,reverse_retstack_pops,68124
go,tscl,256KB,0,reverse_used_ras.PP,68117
go,tscl,256KB,0,reverse_ras_hits.PP,68117
go,tscl,256KB,0,reverse_ras_rate.PP,1.0000
go,tscl,256KB,0,ob_fwd_lookups,0
go,tscl,256KB,0,ob_fwd_hits,0
go,tscl,256KB,0,ob_fwd_chosen,0
go,tscl,256KB,0,ob_fwd_correct,0
go,tscl,256KB,0,ob_rev_lookups,5171029
go,tscl,256KB,0,ob_rev_hits,524288
go,tscl,256KB,0,ob_rev_chosen,0
go,tscl,256KB,0,ob_rev_correct,261587
go,tscl,256KB,0,fhb_fwd_lookups,0
go,tscl,256KB,0,fhb_rev_lookups,5171029
go,tscl,256KB,0,fhb_fwd_valid_out,1597012
go,tscl,256KB,0,fhb_rev_valid_out,1597029
go,tscl,256KB,0,fhb_fwd_pred_uses,0
go,tscl,256KB,0,fhb_rev_pred_uses,0
go,tscl,256KB,0,fhb_fwd_update_uses,9582072
go,tscl,256KB,0,fhb_rev_update_uses,19164144
go,tscl,256KB,0,fhb_fwd_writes,1597029
go,tscl,256KB,0,fhb_rev_writes,1597029
go,tscl,256KB,0,fhb_fwd_ob_bypassed,0
go,tscl,256KB,0,fhb_rev_ob_bypassed,524288
go,tscl,256KB,0,fhb_fwd_oht_bypassed,0
go,tscl,256KB,0,fhb_rev_oht_bypassed,524288
go,tscl,256KB,0,oht_fwd_lookups,0
go,tscl,256KB,0,oht_fwd_hits,0
go,tscl,256KB,0,oht_fwd_chosen,0
go,tscl,256KB,0,oht_fwd_correct,0
go,tscl,256KB,0,oht_rev_lookups,5171029
go,tscl,256KB,0,oht_rev_hits,1334885
go,tscl,256KB,0,oht_rev_chosen,0
go,tscl,256KB,0,oht_rev_correct,1232790
go,tscl,256KB,0,frmt_fwd_lookups,0
go,tscl,256KB,0,frmt_fwd_hits,0
go,tscl,256KB,0,frmt_fwd_misses,0
go,tscl,256KB,0,frmt_rev_lookups,0
go,tscl,256KB,0,frmt_rev_hits,0
go,tscl,256KB,0,frmt_rev_misses,0
go,tscl,256KB,0,tage_fwd_lookups,12226289
go,tscl,256KB,0,tage_rev_lookups,0
go,tscl,256KB,0,tage_fwd_tag_matches,1083781
go,tscl,256KB,0,tage_rev_tag_matches,0
go,tscl,256KB,0,sc_fwd_lookups,14296000
go,tscl,256KB,0,sc_rev_lookups,0
go,tscl,256KB,0,sc_fwd_inversions,48672
go,tscl,256KB,0,sc_rev_inversions,0
go,tscl,256KB,0,sc_fwd_threshold_checks,3573883
go,tscl,256KB,0,sc_rev_threshold_checks,0
go,tscl,256KB,0,sc_fwd_threshold_pass,48672
go,tscl,256KB,0,sc_rev_threshold_pass,0
go,tscl,256KB,0,sc_fwd_updates,6388048
go,tscl,256KB,0,sc_rev_updates,1597012
go,tscl,256KB,0,loop_fwd_lookups,3574000
go,tscl,256KB,0,loop_rev_lookups,3574000
go,tscl,256KB,0,loop_fwd_hits,117
go,tscl,256KB,0,loop_rev_hits,103
go,tscl,256KB,0,loop_fwd_chosen,117
go,tscl,256KB,0,loop_rev_chosen,103
go,tscl,256KB,0,llbp_fwd_lookups,0
go,tscl,256KB,0,llbp_rev_lookups,0
go,tscl,256KB,0,llbp_fwd_hits,0
go,tscl,256KB,0,llbp_rev_hits,0
go,tscl,256KB,0,llbp_fwd_chosen,0
go,tscl,256KB,0,llbp_rev_chosen,0
go,tscl,256KB,1,lookups,2230093
go,tscl,256KB,1,updates,1810309
go,tscl,256KB,1,addr_hits,1635324
go,tscl,256KB,1,dir_hits,1642018
go,tscl,256KB,1,misses,168291
go,tscl,256KB,1,jr_hits,74896
go,tscl,256KB,1,jr_seen,79559
go,tscl,256KB,1,jr_non_ras_hits.PP,7379
go,tscl,256KB,1,jr_non_ras_seen.PP,11442
go,tscl,256KB,1,bpred_addr_rate,0.9033
go,tscl,256KB,1,bpred_dir_rate,0.9070
go,tscl,256KB,1,bpred_jr_rate,0.9414
go,tscl,256KB,1,bpred_jr_non_ras_rate.PP,0.6449
go,tscl,256KB,1,retstack_pushes,76919
go,tscl,256KB,1,retstack_pops,75066
go,tscl,256KB,1,used_ras.PP,68117
go,tscl,256KB,1,ras_hits.PP,67517
go,tscl,256KB,1,ras_rate.PP,0.9912
go,tscl,256KB,1,reverse_lookups,1810309
go,tscl,256KB,1,reverse_updates,1810309
go,tscl,256KB,1,reverse_addr_hits,1738562
go,tscl,256KB,1,reverse_dir_hits,1744124
go,tscl,256KB,1,reverse_misses,66185
go,tscl,256KB,1,reverse_jr_hits,75501
go,tscl,256KB,1,reverse_jr_seen,79559
go,tscl,256KB,1,reverse_jr_non_ras_hits.PP,7384
go,tscl,256KB,1,reverse_jr_non_ras_seen.PP,11442
go,tscl,256KB,1,reverse_bpred_addr_rate,0.9604
go,tscl,256KB,1,reverse_bpred_dir_rate,0.9634
go,tscl,256KB,1,reverse_bpred_jr_rate,0.9490
go,tscl,256KB,1,reverse_bpred_jr_non_ras_rate.PP,0.6453
go,tscl,256KB,1,reverse_retstack_pushes,68117
go,tscl,256KB,1,reverse_retstack_pops,68124
go,tscl,256KB,1,reverse_used_ras.PP,68117
go,tscl,256KB,1,reverse_ras_hits.PP,68117
go,tscl,256KB,1,reverse_ras_rate.PP,1.0000
go,tscl,256KB,1,ob_fwd_lookups,0
go,tscl,256KB,1,ob_fwd_hits,0
go,tscl,256KB,1,ob_fwd_chosen,0
go,tscl,256KB,1,ob_fwd_correct,0
go,tscl,256KB,1,ob_rev_lookups,5176813
go,tscl,256KB,1,ob_rev_hits,524288
go,tscl,256KB,1,ob_rev_chosen,0
go,tscl,256KB,1,ob_rev_correct,261587
go,tscl,256KB,1,fhb_fwd_lookups,0
go,tscl,256KB,1,fhb_rev_lookups,5176813
go,tscl,256KB,1,fhb_fwd_valid_out,1597012
go,tscl,256KB,1,fhb_rev_valid_out,1597029
go,tscl,256KB,1,fhb_fwd_pred_uses,0
go,tscl,256KB,1,fhb_rev_pred_uses,0
go,tscl,256KB,1,fhb_fwd_update_uses,0
go,tscl,256KB,1,fhb_rev_update_uses,0
go,tscl,256KB,1,fhb_fwd_writes,1597029
go,tscl,256KB,1,fhb_rev_writes,1597029
go,tscl,256KB,1,fhb_fwd_ob_bypassed,0
go,tscl,256KB,1,fhb_rev_ob_bypassed,1442452
go,tscl,256KB,1,fhb_fwd_oht_bypassed,0
go,tscl,256KB,1,fhb_rev_oht_bypassed,1442452
go,tscl,256KB,1,oht_fwd_lookups,0
go,tscl,256KB,1,oht_fwd_hits,0
go,tscl,256KB,1,oht_fwd_chosen,0
go,tscl,256KB,1,oht_fwd_correct,0
go,tscl,256KB,1,oht_rev_lookups,5176813
go,tscl,256KB,1,oht_rev_hits,918164
go,tscl,256KB,1,oht_rev_chosen,0
go,tscl,256KB,1,oht_rev_correct,862347
go,tscl,256KB,1,frmt_fwd_lookups,0
go,tscl,256KB,1,frmt_fwd_hits,0
go,tscl,256KB,1,frmt_fwd_misses,0
go,tscl,256KB,1,frmt_rev_lookups,7661020
go,tscl,256KB,1,frmt_rev_hits,6811870
go,tscl,256KB,1,frmt_rev_misses,849150
go,tscl,256KB,1,tage_fwd_lookups,11638514
go,tscl,256KB,1,tage_rev_lookups,0
go,tscl,256KB,1,tage_fwd_tag_matches,1250644
go,tscl,256KB,1,tage_rev_tag_matches,0
go,tscl,256KB,1,sc_fwd_lookups,14319136
go,tscl,256KB,1,sc_rev_lookups,0
go,tscl,256KB,1,sc_fwd_inversions,67075
go,tscl,256KB,1,sc_rev_inversions,0
go,tscl,256KB,1,sc_fwd_threshold_checks,3579767
go,tscl,256KB,1,sc_rev_threshold_checks,0
go,tscl,256KB,1,sc_fwd_threshold_pass,67075
go,tscl,256KB,1,sc_rev_threshold_pass,0
go,tscl,256KB,1,sc_fwd_updates,0
go,tscl,256KB,1,sc_rev_updates,0
go,tscl,256KB,1,loop_fwd_lookups,3579784
go,tscl,256KB,1,loop_rev_lookups,3579784
go,tscl,256KB,1,loop_fwd_hits,17
go,tscl,256KB,1,loop_rev_hits,17
go,tscl,256KB,1,loop_fwd_chosen,17
go,tscl,256KB,1,loop_rev_chosen,17
go,tscl,256KB,1,llbp_fwd_lookups,0
go,tscl,256KB,1,llbp_rev_lookups,0
go,tscl,256KB,1,llbp_fwd_hits,0
go,tscl,256KB,1,llbp_rev_hits,0
go,tscl,256KB,1,llbp_fwd_chosen,0
go,tscl,256KB,1,llbp_rev_chosen,0
go,tscl,32KB,0,lookups,2217634
go,tscl,32KB,0,updates,1810309
go,tscl,32KB,0,addr_hits,1638252
go,tscl,32KB,0,dir_hits,1645051
go,tscl,32KB,0,misses,165258
go,tscl,32KB,0,jr_hits,74816
go,tscl,32KB,0,jr_seen,79559
go,tscl,32KB,0,jr_non_ras_hits.PP,7379
go,tscl,32KB,0,jr_non_ras_seen.PP,11442
go,tscl,32KB,0,bpred_addr_rate,0.9050
go,tscl,32KB,0,bpred_dir_rate,0.9087
go,tscl,32KB,0,bpred_jr_rate,0.9404
go,tscl,32KB,0,bpred_jr_non_ras_rate.PP,0.6449
go,tscl,32KB,0,retstack_pushes,76593
go,tscl,32KB,0,retstack_pops,75144
go,tscl,32KB,0,used_ras.PP,68117
go,tscl,32KB,0,ras_hits.PP,67437
go,tscl,32KB,0,ras_rate.PP,0.9900
go,tscl,32KB,0,reverse_lookups,1810309
go,tscl,32KB,0,reverse_updates,1810309
go,tscl,32KB,0,reverse_addr_hits,1465372
go,tscl,32KB,0,reverse_dir_hits,1470629
go,tscl,32KB,0,reverse_misses,339680
go,tscl,32KB,0,reverse_jr_hits,75501
go,tscl,32KB,0,reverse_jr_seen,79559
go,tscl,32KB,0,reverse_jr_non_ras_hits.PP,7384
go,tscl,32KB,0,reverse_jr_non_ras_seen.PP,11442
go,tscl,32KB,0,reverse_bpred_addr_rate,0.8095
go,tscl,32KB,0,reverse_bpred_dir_rate,0.8124
go,tscl,32KB,0,reverse_bpred_jr_rate,0.9490
go,tscl,32KB,0,reverse_bpred_jr_non_ras_rate.PP,0.6453
go,tscl,32KB,0,reverse_retstack_pushes,68117
go,tscl,32KB,0,reverse_retstack_pops,68124
go,tscl,32KB,0,reverse_used_ras.PP,68117
go,tscl,32KB,0,reverse_ras_hits.PP,68117
go,tscl,32KB,0,reverse_ras_rate.PP,1.0000
go,tscl,32KB,0,ob_fwd_lookups,0
go,tscl,32KB,0,ob_fwd_hits,0
go,tscl,32KB,0,ob_fwd_chosen,0
go,tscl,32KB,0,ob_fwd_correct,0
go,tscl,32KB,0,ob_rev_lookups,5166295
go,tscl,32KB,0,ob_rev_hits,65536
go,tscl,32KB,0,ob_rev_chosen,0
go,tscl,32KB,0,ob_rev_correct,32705
go,tscl,32KB,0,fhb_fwd_lookups,0
go,tscl,32KB,0,fhb_rev_lookups,5166295
go,tscl,32KB,0,fhb_fwd_valid_out,1597012
go,tscl,32KB,0,fhb_rev_valid_out,1597029
go,tscl,32KB,0,fhb_fwd_pred_uses,0
go,tscl,32KB,0,fhb_rev_pred_uses,0
go,tscl,32KB,0,fhb_fwd_update_uses,9582072
go,tscl,32KB,0,fhb_rev_update_uses,19164144
go,tscl,32KB,0,fhb_fwd_writes,1597029
go,tscl,32KB,0,fhb_rev_writes,1597029
go,tscl,32KB,0,fhb_fwd_ob_bypassed,0
go,tscl,32KB,0,fhb_rev_ob_bypassed,65536
go,tscl,32KB,0,fhb_fwd_oht_bypassed,0
go,tscl,32KB,0,fhb_rev_oht_bypassed,65536
go,tscl,32KB,0,oht_fwd_lookups,0
go,tscl,32KB,0,oht_fwd_hits,0
go,tscl,32KB,0,oht_fwd_chosen,0
go,tscl,32KB,0,oht_fwd_correct,0
go,tscl,32KB,0,oht_rev_lookups,5166295
go,tscl,32KB,0,oht_rev_hits,1564258
go,tscl,32KB,0,oht_rev_chosen,0
go,tscl,32KB,0,oht_rev_correct,1224719
go,tscl,32KB,0,frmt_fwd_lookups,0
go,tscl,32KB,0,frmt_fwd_hits,0
go,tscl,32KB,0,frmt_fwd_misses,0
go,tscl,32KB,0,frmt_rev_lookups,0
go,tscl,32KB,0,frmt_rev_hits,0
go,tscl,32KB,0,frmt_rev_misses,0
go,tscl,32KB,0,tage_fwd_lookups,12236153
go,tscl,32KB,0,tage_rev_lookups,0
go,tscl,32KB,0,tage_fwd_tag_matches,1367031
go,tscl,32KB,0,tage_rev_tag_matches,0
go,tscl,32KB,0,sc_fwd_lookups,14277064
go,tscl,32KB,0,sc_rev_lookups,0
go,tscl,32KB,0,sc_fwd_inversions,33016
go,tscl,32KB,0,sc_rev_inversions,0
go,tscl,32KB,0,sc_fwd_threshold_checks,3569149
go,tscl,32KB,0,sc_rev_threshold_checks,0
go,tscl,32KB,0,sc_fwd_threshold_pass,33016
go,tscl,32KB,0,sc_rev_threshold_pass,0
go,tscl,32KB,0,sc_fwd_updates,6388048
go,tscl,32KB,0,sc_rev_updates,1597012
go,tscl,32KB,0,loop_fwd_lookups,3569266
go,tscl,32KB,0,loop_rev_lookups,3569266
go,tscl,32KB,0,loop_fwd_hits,117
go,tscl,32KB,0,loop_rev_hits,103
go,tscl,32KB,0,loop_fwd_chosen,117
go,tscl,32KB,0,loop_rev_chosen,103
go,tscl,32KB,0,llbp_fwd_lookups,0
go,tscl,32KB,0,llbp_rev_lookups,0
go,tscl,32KB,0,llbp_fwd_hits,0
go,tscl,32KB,0,llbp_rev_hits,0
go,tscl,32KB,0,llbp_fwd_chosen,0
go,tscl,32KB,0,llbp_rev_chosen,0
go,tscl,32KB,1,lookups,2222942
go,tscl,32KB,1,updates,1810309
go,tscl,32KB,1,addr_hits,1634304
go,tscl,32KB,1,dir_hits,1641084
go,tscl,32KB,1,misses,169225
go,tscl,32KB,1,jr_hits,74806
go,tscl,32KB,1,jr_seen,79559
go,tscl,32KB,1,jr_non_ras_hits.PP,7379
go,tscl,32KB,1,jr_non_ras_seen.PP,11442
go,tscl,32KB,1,bpred_addr_rate,0.9028
go,tscl,32KB,1,bpred_dir_rate,0.9065
go,tscl,32KB,1,bpred_jr_rate,0.9403
go,tscl,32KB,1,bpred_jr_non_ras_rate.PP,0.6449
go,tscl,32KB,1,retstack_pushes,76841
go,tscl,32KB,1,retstack_pops,76483
go,tscl,32KB,1,used_ras.PP,68117
go,tscl,32KB,1,ras_hits.PP,67427
go,tscl,32KB,1,ras_rate.PP,0.9899
go,tscl,32KB,1,reverse_lookups,1810309
go,tscl,32KB,1,reverse_updates,1810309
go,tscl,32KB,1,reverse_addr_hits,1687392
go,tscl,32KB,1,reverse_dir_hits,1692610
go,tscl,32KB,1,reverse_misses,117699
go,tscl,32KB,1,reverse_jr_hits,75501
go,tscl,32KB,1,reverse_jr_seen,79559
go,tscl,32KB,1,reverse_jr_non_ras_hits.PP,7384
go,tscl,32KB,1,reverse_jr_non_ras_seen.PP,11442
go,tscl,32KB,1,reverse_bpred_addr_rate,0.9321
go,tscl,32KB,1,reverse_bpred_dir_rate,0.9350
go,tscl,32KB,1,reverse_bpred_jr_rate,0.9490
go,tscl,32KB,1,reverse_bpred_jr_non_ras_rate.PP,0.6453
go,tscl,32KB,1,reverse_retstack_pushes,68117
go,tscl,32KB,1,reverse_retstack_pops,68124
go,tscl,32KB,1,reverse_used_ras.PP,68117
go,tscl,32KB,1,reverse_ras_hits.PP,68117
go,tscl,32KB,1,reverse_ras_rate.PP,1.0000
go,tscl,32KB,1,ob_fwd_lookups,0
go,tscl,32KB,1,ob_fwd_hits,0
go,tscl,32KB,1,ob_fwd_chosen,0
go,tscl,32KB,1,ob_fwd_correct,0
go,tscl,32KB,1,ob_rev_lookups,5170097
go,tscl,32KB,1,ob_rev_hits,65536
go,tscl,32KB,1,ob_rev_chosen,0
go,tscl,32KB,1,ob_rev_correct,32705
go,tscl,32KB,1,fhb_fwd_lookups,0
go,tscl,32KB,1,fhb_rev_lookups,5170097
go,tscl,32KB,1,fhb_fwd_valid_out,1597012
go,tscl,32KB,1,fhb_rev_valid_out,1597029
go,tscl,32KB,1,fhb_fwd_pred_uses,0
go,tscl,32KB,1,fhb_rev_pred_uses,0
go,tscl,32KB,1,fhb_fwd_update_uses,0
go,tscl,32KB,1,fhb_rev_update_uses,0
go,tscl,32KB,1,fhb_fwd_writes,1597029
go,tscl,32KB,1,fhb_rev_writes,1597029
go,tscl,32KB,1,fhb_fwd_ob_bypassed,0
go,tscl,32KB,1,fhb_rev_ob_bypassed,543253
go,tscl,32KB,1,fhb_fwd_oht_bypassed,0
go,tscl,32KB,1,fhb_rev_oht_bypassed,543253
go,tscl,32KB,1,oht_fwd_lookups,0
go,tscl,32KB,1,oht_fwd_hits,0
go,tscl,32KB,1,oht_fwd_chosen,0
go,tscl,32KB,1,oht_fwd_correct,0
go,tscl,32KB,1,oht_rev_lookups,5170097
go,tscl,32KB,1,oht_rev_hits,477717
go,tscl,32KB,1,oht_rev_chosen,0
go,tscl,32KB,1,oht_rev_correct,388416
go,tscl,32KB,1,frmt_fwd_lookups,0
go,tscl,32KB,1,frmt_fwd_hits,0
go,tscl,32KB,1,frmt_fwd_misses,0
go,tscl,32KB,1,frmt_rev_lookups,7653869
go,tscl,32KB,1,frmt_rev_hits,7241165
go,tscl,32KB,1,frmt_rev_misses,412704
go,tscl,32KB,1,tage_fwd_lookups,12056726
go,tscl,32KB,1,tage_rev_lookups,0
go,tscl,32KB,1,tage_fwd_tag_matches,1410425
go,tscl,32KB,1,tage_rev_tag_matches,0
go,tscl,32KB,1,sc_fwd_lookups,14292272
go,tscl,32KB,1,sc_rev_lookups,0
go,tscl,32KB,1,sc_fwd_inversions,76487
go,tscl,32KB,1,sc_rev_inversions,0
go,tscl,32KB,1,sc_fwd_threshold_checks,3573051
go,tscl,32KB,1,sc_rev_threshold_checks,0
go,tscl,32KB,1,sc_fwd_threshold_pass,76487
go,tscl,32KB,1,sc_rev_threshold_pass,0
go,tscl,32KB,1,sc_fwd_updates,0
go,tscl,32KB,1,sc_rev_updates,0
go,tscl,32KB,1,loop_fwd_lookups,3573068
go,tscl,32KB,1,loop_rev_lookups,3573068
go,tscl,32KB,1,loop_fwd_hits,17
go,tscl,32KB,1,loop_rev_hits,17
go,tscl,32KB,1,loop_fwd_chosen,17
go,tscl,32KB,1,loop_rev_chosen,17
go,tscl,32KB,1,llbp_fwd_lookups,0
go,tscl,32KB,1,llbp_rev_lookups,0
go,tscl,32KB,1,llbp_fwd_hits,0
go,tscl,32KB,1,llbp_rev_hits,0
go,tscl,32KB,1,llbp_fwd_chosen,0
go,tscl,32KB,1,llbp_rev_chosen,0
go,tscl,512KB,0,lookups,2225707
go,tscl,512KB,0,updates,1810309
go,tscl,512KB,0,addr_hits,1637363
go,tscl,512KB,0,dir_hits,1644075
go,tscl,512KB,0,misses,166234
go,tscl,512KB,0,jr_hits,74874
go,tscl,512KB,0,jr_seen,79559
go,tscl,512KB,0,jr_non_ras_hits.PP,7379
go,tscl,512KB,0,jr_non_ras_seen.PP,11442
go,tscl,512KB,0,bpred_addr_rate,0.9045
go,tscl,512KB,0,bpred_dir_rate,0.9082
go,tscl,512KB,0,bpred_jr_rate,0.9411
go,tscl,512KB,0,bpred_jr_non_ras_rate.PP,0.6449
go,tscl,512KB,0,retstack_pushes,76663
go,tscl,512KB,0,retstack_pops,75443
go,tscl,512KB,0,used_ras.PP,68117
go,tscl,512KB,0,ras_hits.PP,67495
go,tscl,512KB,0,ras_rate.PP,0.9909
go,tscl,512KB,0,reverse_lookups,1810309
go,tscl,512KB,0,reverse_updates,1810309
go,tscl,512KB,0,reverse_addr_hits,1733841
go,tscl,512KB,0,reverse_dir_hits,1739486
go,tscl,512KB,0,reverse_misses,70823
go,tscl,512KB,0,reverse_jr_hits,75501
go,tscl,512KB,0,reverse_jr_seen,79559
go,tscl,512KB,0,reverse_jr_non_ras_hits.PP,7384
go,tscl,512KB,0,reverse_jr_non_ras_seen.PP,11442
go,tscl,512KB,0,reverse_bpred_addr_rate,0.9578
go,tscl,512KB,0,reverse_bpred_dir_rate,0.9609
go,tscl,512KB,0,reverse_bpred_jr_rate,0.9490
go,tscl,512KB,0,reverse_bpred_jr_non_ras_rate.PP,0.6453
go,tscl,512KB,0,reverse_retstack_pushes,68117
go,tscl,512KB,0,reverse_retstack_pops,68124
go,tscl,512KB,0,reverse_used_ras.PP,68117
go,tscl,512KB,0,reverse_ras_hits.PP,68117
go,tscl,512KB,0,reverse_ras_rate.PP,1.0000
go,tscl,512KB,0,ob_fwd_lookups,0
go,tscl,512KB,0,ob_fwd_hits,0
go,tscl,512KB,0,ob_fwd_chosen,0
go,tscl,512KB,0,ob_fwd_correct,0
go,tscl,512KB,0,ob_rev_lookups,5172446
go,tscl,512KB,0,ob_rev_hits,1048576
go,tscl,512KB,0,ob_rev_chosen,0
go,tscl,512KB,0,ob_rev_correct,523118
go,tscl,512KB,0,fhb_fwd_lookups,0
go,tscl,512KB,0,fhb_rev_lookups,5172446
go,tscl,512KB,0,fhb_fwd_valid_out,1597012
go,tscl,512KB,0,fhb_rev_valid_out,1597029
go,tscl,512KB,0,fhb_fwd_pred_uses,0
go,tscl,512KB,0,fhb_rev_pred_uses,0
go,tscl,512KB,0,fhb_fwd_update_uses,9582072
go,tscl,512KB,0,fhb_rev_update_uses,19164144
go,tscl,512KB,0,fhb_fwd_writes,1597029
go,tscl,512KB,0,fhb_rev_writes,1597029
go,tscl,512KB,0,fhb_fwd_ob_bypassed,0
go,tscl,512KB,0,fhb_rev_ob_bypassed,1048576
go,tscl,512KB,0,fhb_fwd_oht_bypassed,0
go,tscl,512KB,0,fhb_rev_oht_bypassed,1048576
go,tscl,512KB,0,oht_fwd_lookups,0
go,tscl,512KB,0,oht_fwd_hits,0
go,tscl,512KB,0,oht_fwd_chosen,0
go,tscl,512KB,0,oht_fwd_correct,0
go,tscl,512KB,0,oht_rev_lookups,5172446
go,tscl,512KB,0,oht_rev_hits,1072741
go,tscl,512KB,0,oht_rev_chosen,0
go,tscl,512KB,0,oht_rev_correct,1002778
go,tscl,512KB,0,frmt_fwd_lookups,0
go,tscl,512KB,0,frmt_fwd_hits,0
go,tscl,512KB,0,frmt_fwd_misses,0
go,tscl,512KB,0,frmt_rev_lookups,0
go,tscl,512KB,0,frmt_rev_hits,0
go,tscl,512KB,0,frmt_rev_misses,0
go,tscl,512KB,0,tage_fwd_lookups,12246762
go,tscl,512KB,0,tage_rev_lookups,0
go,tscl,512KB,0,tage_fwd_tag_matches,969297
go,tscl,512KB,0,tage_rev_tag_matches,0
go,tscl,512KB,0,sc_fwd_lookups,14301668
go,tscl,512KB,0,sc_rev_lookups,0
go,tscl,512KB,0,sc_fwd_inversions,57823
go,tscl,512KB,0,sc_rev_inversions,0
go,tscl,512KB,0,sc_fwd_threshold_checks,3575300
go,tscl,512KB,0,sc_rev_threshold_checks,0
go,tscl,512KB,0,sc_fwd_threshold_pass,57823
go,tscl,512KB,0,sc_rev_threshold_pass,0
go,tscl,512KB,0,sc_fwd_updates,6388048
go,tscl,512KB,0,sc_rev_updates,1597012
go,tscl,512KB,0,loop_fwd_lookups,3575417
go,tscl,512KB,0,loop_rev_lookups,3575417
go,tscl,512KB,0,loop_fwd_hits,117
go,tscl,512KB,0,loop_rev_hits,103
go,tscl,512KB,0,loop_fwd_chosen,117
go,tscl,512KB,0,loop_rev_chosen,103
go,tscl,512KB,0,llbp_fwd_lookups,0
go,tscl,512KB,0,llbp_rev_lookups,0
go,tscl,512KB,0,llbp_fwd_hits,0
go,tscl,512KB,0,llbp_rev_hits,0
go,tscl,512KB,0,llbp_fwd_chosen,0
go,tscl,512KB,0,llbp_rev_chosen,0
go,tscl,512KB,1,lookups,2224786
go,tscl,512KB,1,updates,1810309
go,tscl,512KB,1,addr_hits,1637947
go,tscl,512KB,1,dir_hits,1644642
go,tscl,512KB,1,misses,165667
go,tscl,512KB,1,jr_hits,74882
go,tscl,512KB,1,jr_seen,79559
go,tscl,512KB,1,jr_non_ras_hits.PP,7379
go,tscl,512KB,1,jr_non_ras_seen.PP,11442
go,tscl,512KB,1,bpred_addr_rate,0.9048
go,tscl,512KB,1,bpred_dir_rate,0.9085
go,tscl,512KB,1,bpred_jr_rate,0.9412
go,tscl,512KB,1,bpred_jr_non_ras_rate.PP,0.6449
go,tscl,512KB,1,retstack_pushes,76618
go,tscl,512KB,1,retstack_pops,75356
go,tscl,512KB,1,used_ras.PP,68117
go,tscl,512KB,1,ras_hits.PP,67503
go,tscl,512KB,1,ras_rate.PP,0.9910
go,tscl,512KB,1,reverse_lookups,1810309
go,tscl,512KB,1,reverse_updates,1810309
go,tscl,512KB,1,reverse_addr_hits,1758768
go,tscl,512KB,1,reverse_dir_hits,1764402
go,tscl,512KB,1,reverse_misses,45907
go,tscl,512KB,1,reverse_jr_hits,75501
go,tscl,512KB,1,reverse_jr_seen,79559
go,tscl,512KB,1,reverse_jr_non_ras_hits.PP,7384
go,tscl,512KB,1,reverse_jr_non_ras_seen.PP,11442
go,tscl,512KB,1,reverse_bpred_addr_rate,0.9715
go,tscl,512KB,1,reverse_bpred_dir_rate,0.9746
go,tscl,512KB,1,reverse_bpred_jr_rate,0.9490
go,tscl,512KB,1,reverse_bpred_jr_non_ras_rate.PP,0.6453
go,tscl,512KB,1,reverse_retstack_pushes,68117
go,tscl,512KB,1,reverse_retstack_pops,68124
go,tscl,512KB,1,reverse_used_ras.PP,68117
go,tscl,512KB,1,reverse_ras_hits.PP,68117
go,tscl,512KB,1,reverse_ras_rate.PP,1.0000
go,tscl,512KB,1,ob_fwd_lookups,0
go,tscl,512KB,1,ob_fwd_hits,0
go,tscl,512KB,1,ob_fwd_chosen,0
go,tscl,512KB,1,ob_fwd_correct,0
go,tscl,512KB,1,ob_rev_lookups,5171649
go,tscl,512KB,1,ob_rev_hits,1048576
go,tscl,512KB,1,ob_rev_chosen,0
go,tscl,512KB,1,ob_rev_correct,523118
go,tscl,512KB,1,fhb_fwd_lookups,0
go,tscl,512KB,1,fhb_rev_lookups,5171649
go,tscl,512KB,1,fhb_fwd_valid_out,1597012
go,tscl,512KB,1,fhb_rev_valid_out,1597029
go,tscl,512KB,1,fhb_fwd_pred_uses,0
go,tscl,512KB,1,fhb_rev_pred_uses,0
go,tscl,512KB,1,fhb_fwd_update_uses,0
go,tscl,512KB,1,fhb_rev_update_uses,0
go,tscl,512KB,1,fhb_fwd_writes,1597029
go,tscl,512KB,1,fhb_rev_writes,1597029
go,tscl,512KB,1,fhb_fwd_ob_bypassed,0
go,tscl,512KB,1,fhb_rev_ob_bypassed,1872084
go,tscl,512KB,1,fhb_fwd_oht_bypassed,0
go,tscl,512KB,1,fhb_rev_oht_bypassed,1872084
go,tscl,512KB,1,oht_fwd_lookups,0
go,tscl,512KB,1,oht_fwd_hits,0
go,tscl,512KB,1,oht_fwd_chosen,0
go,tscl,512KB,1,oht_fwd_correct,0
go,tscl,512KB,1,oht_rev_lookups,5171649
go,tscl,512KB,1,oht_rev_hits,823508
go,tscl,512KB,1,oht_rev_chosen,0
go,tscl,512KB,1,oht_rev_correct,783606
go,tscl,512KB,1,frmt_fwd_lookups,0
go,tscl,512KB,1,frmt_fwd_hits,0
go,tscl,512KB,1,frmt_fwd_misses,0
go,tscl,512KB,1,frmt_rev_lookups,7655713
go,tscl,512KB,1,frmt_rev_hits,6766474
go,tscl,512KB,1,frmt_rev_misses,889239
go,tscl,512KB,1,tage_fwd_lookups,11458549
go,tscl,512KB,1,tage_rev_lookups,0
go,tscl,512KB,1,tage_fwd_tag_matches,1261944
go,tscl,512KB,1,tage_rev_tag_matches,0
go,tscl,512KB,1,sc_fwd_lookups,14298480
go,tscl,512KB,1,sc_rev_lookups,0
go,tscl,512KB,1,sc_fwd_inversions,53926
go,tscl,512KB,1,sc_rev_inversions,0
go,tscl,512KB,1,sc_fwd_threshold_checks,3574603
go,tscl,512KB,1,sc_rev_threshold_checks,0
go,tscl,512KB,1,sc_fwd_threshold_pass,53926
go,tscl,512KB,1,sc_rev_threshold_pass,0
go,tscl,512KB,1,sc_fwd_updates,0
go,tscl,512KB,1,sc_rev_updates,0
go,tscl,512KB,1,loop_fwd_lookups,3574620
go,tscl,512KB,1,loop_rev_lookups,3574620
go,tscl,512KB,1,loop_fwd_hits,17
go,tscl,512KB,1,loop_rev_hits,17
go,tscl,512KB,1,loop_fwd_chosen,17
go,tscl,512KB,1,loop_rev_chosen,17
go,tscl,512KB,1,llbp_fwd_lookups,0
go,tscl,512KB,1,llbp_rev_lookups,0
go,tscl,512KB,1,llbp_fwd_hits,0
go,tscl,512KB,1,llbp_rev_hits,0
go,tscl,512KB,1,llbp_fwd_chosen,0
go,tscl,512KB,1,llbp_rev_chosen,0
go,tscl,64KB,0,lookups,2216068
go,tscl,64KB,0,updates,1810309
go,tscl,64KB,0,addr_hits,1639297
go,tscl,64KB,0,dir_hits,1646030
go,tscl,64KB,0,misses,164279
go,tscl,64KB,0,jr_hits,74883
go,tscl,64KB,0,jr_seen,79559
go,tscl,64KB,0,jr_non_ras_hits.PP,7379
go,tscl,64KB,0,jr_non_ras_seen.PP,11442
go,tscl,64KB,0,bpred_addr_rate,0.9055
go,tscl,64KB,0,bpred_dir_rate,0.9093
go,tscl,64KB,0,bpred_jr_rate,0.9412
go,tscl,64KB,0,bpred_jr_non_ras_rate.PP,0.6449
go,tscl,64KB,0,retstack_pushes,77113
go,tscl,64KB,0,retstack_pops,75849
go,tscl,64KB,0,used_ras.PP,68117
go,tscl,64KB,0,ras_hits.PP,67504
go,tscl,64KB,0,ras_rate.PP,0.9910
go,tscl,64KB,0,reverse_lookups,1810309
go,tscl,64KB,0,reverse_updates,1810309
go,tscl,64KB,0,reverse_addr_hits,1590867
go,tscl,64KB,0,reverse_dir_hits,1596307
go,tscl,64KB,0,reverse_misses,214002
go,tscl,64KB,0,reverse_jr_hits,75501
go,tscl,64KB,0,reverse_jr_seen,79559
go,tscl,64KB,0,reverse_jr_non_ras_hits.PP,7384
go,tscl,64KB,0,reverse_jr_non_ras_seen.PP,11442
go,tscl,64KB,0,reverse_bpred_addr_rate,0.8788
go,tscl,64KB,0,reverse_bpred_dir_rate,0.8818
go,tscl,64KB,0,reverse_bpred_jr_rate,0.9490
go,tscl,64KB,0,reverse_bpred_jr_non_ras_rate.PP,0.6453
go,tscl,64KB,0,reverse_retstack_pushes,68117
go,tscl,64KB,0,reverse_retstack_pops,68124
go,tscl,64KB,0,reverse_used_ras.PP,68117
go,tscl,64KB,0,reverse_ras_hits.PP,68117
go,tscl,64KB,0,reverse_ras_rate.PP,1.0000
go,tscl,64KB,0,ob_fwd_lookups,0
go,tscl,64KB,0,ob_fwd_hits,0
go,tscl,64KB,0,ob_fwd_chosen,0
go,tscl,64KB,0,ob_fwd_correct,0
go,tscl,64KB,0,ob_rev_lookups,5162671
go,tscl,64KB,0,ob_rev_hits,131072
go,tscl,64KB,0,ob_rev_chosen,0
go,tscl,64KB,0,ob_rev_correct,65423
go,tscl,64KB,0,fhb_fwd_lookups,0
go,tscl,64KB,0,fhb_rev_lookups,5162671
go,tscl,64KB,0,fhb_fwd_valid_out,1597012
go,tscl,64KB,0,fhb_rev_valid_out,1597029
go,tscl,64KB,0,fhb_fwd_pred_uses,0
go,tscl,64KB,0,fhb_rev_pred_uses,0
go,tscl,64KB,0,fhb_fwd_update_uses,9582072
go,tscl,64KB,0,fhb_rev_update_uses,19164144
go,tscl,64KB,0,fhb_fwd_writes,1597029
go,tscl,64KB,0,fhb_rev_writes,1597029
go,tscl,64KB,0,fhb_fwd_ob_bypassed,0
go,tscl,64KB,0,fhb_rev_ob_bypassed,131072
go,tscl,64KB,0,fhb_fwd_oht_bypassed,0
go,tscl,64KB,0,fhb_rev_oht_bypassed,131072
go,tscl,64KB,0,oht_fwd_lookups,0
go,tscl,64KB,0,oht_fwd_hits,0
go,tscl,64KB,0,oht_fwd_chosen,0
go,tscl,64KB,0,oht_fwd_correct,0
go,tscl,64KB,0,oht_rev_lookups,5162671
go,tscl,64KB,0,oht_rev_hits,1531490
go,tscl,64KB,0,oht_rev_chosen,0
go,tscl,64KB,0,oht_rev_correct,1317496
go,tscl,64KB,0,frmt_fwd_lookups,0
go,tscl,64KB,0,frmt_fwd_hits,0
go,tscl,64KB,0,frmt_fwd_misses,0
go,tscl,64KB,0,frmt_rev_lookups,0
go,tscl,64KB,0,frmt_rev_hits,0
go,tscl,64KB,0,frmt_rev_misses,0
go,tscl,64KB,0,tage_fwd_lookups,12266483
go,tscl,64KB,0,tage_rev_lookups,0
go,tscl,64KB,0,tage_fwd_tag_matches,1253970
go,tscl,64KB,0,tage_rev_tag_matches,0
go,tscl,64KB,0,sc_fwd_lookups,14262568
go,tscl,64KB,0,sc_rev_lookups,0
go,tscl,64KB,0,sc_fwd_inversions,38429
go,tscl,64KB,0,sc_rev_inversions,0
go,tscl,64KB,0,sc_fwd_threshold_checks,3565525
go,tscl,64KB,0,sc_rev_threshold_checks,0
go,tscl,64KB,0,sc_fwd_threshold_pass,38429
go,tscl,64KB,0,sc_rev_threshold_pass,0
go,tscl,64KB,0,sc_fwd_updates,6388048
go,tscl,64KB,0,sc_rev_updates,1597012
go,tscl,64KB,0,loop_fwd_lookups,3565642
go,tscl,64KB,0,loop_rev_lookups,3565642
go,tscl,64KB,0,loop_fwd_hits,117
go,tscl,64KB,0,loop_rev_hits,103
go,tscl,64KB,0,loop_fwd_chosen,117
go,tscl,64KB,0,loop_rev_chosen,103
go,tscl,64KB,0,llbp_fwd_lookups,0
go,tscl,64KB,0,llbp_rev_lookups,0
go,tscl,64KB,0,llbp_fwd_hits,0
go,tscl,64KB,0,llbp_rev_hits,0
go,tscl,64KB,0,llbp_fwd_chosen,0
go,tscl,64KB,0,llbp_rev_chosen,0
go,tscl,64KB,1,lookups,2225465
go,tscl,64KB,1,updates,1810309
go,tscl,64KB,1,addr_hits,1636813
go,tscl,64KB,1,dir_hits,1643576
go,tscl,64KB,1,misses,166733
go,tscl,64KB,1,jr_hits,74830
go,tscl,64KB,1,jr_seen,79559
go,tscl,64KB,1,jr_non_ras_hits.PP,7379
go,tscl,64KB,1,jr_non_ras_seen.PP,11442
go,tscl,64KB,1,bpred_addr_rate,0.9042
go,tscl,64KB,1,bpred_dir_rate,0.9079
go,tscl,64KB,1,bpred_jr_rate,0.9406
go,tscl,64KB,1,bpred_jr_non_ras_rate.PP,0.6449
go,tscl,64KB,1,retstack_pushes,76781
go,tscl,64KB,1,retstack_pops,75664
go,tscl,64KB,1,used_ras.PP,68117
go,tscl,64KB,1,ras_hits.PP,67451
go,tscl,64KB,1,ras_rate.PP,0.9902
go,tscl,64KB,1,reverse_lookups,1810309
go,tscl,64KB,1,reverse_updates,1810309
go,tscl,64KB,1,reverse_addr_hits,1702789
go,tscl,64KB,1,reverse_dir_hits,1708171
go,tscl,64KB,1,reverse_misses,102138
go,tscl,64KB,1,reverse_jr_hits,75501
go,tscl,64KB,1,reverse_jr_seen,79559
go,tscl,64KB,1,reverse_jr_non_ras_hits.PP,7384
go,tscl,64KB,1,reverse_jr_non_ras_seen.PP,11442
go,tscl,64KB,1,reverse_bpred_addr_rate,0.9406
go,tscl,64KB,1,reverse_bpred_dir_rate,0.9436
go,tscl,64KB,1,reverse_bpred_jr_rate,0.9490
go,tscl,64KB,1,reverse_bpred_jr_non_ras_rate.PP,0.6453
go,tscl,64KB,1,reverse_retstack_pushes,68117
go,tscl,64KB,1,reverse_retstack_pops,68124
go,tscl,64KB,1,reverse_used_ras.PP,68117
go,tscl,64KB,1,reverse_ras_hits.PP,68117
go,tscl,64KB,1,reverse_ras_rate.PP,1.0000
go,tscl,64KB,1,ob_fwd_lookups,0
go,tscl,64KB,1,ob_fwd_hits,0
go,tscl,64KB,1,ob_fwd_chosen,0
go,tscl,64KB,1,ob_fwd_correct,0
go,tscl,64KB,1,ob_rev_lookups,5172659
go,tscl,64KB,1,ob_rev_hits,131072
go,tscl,64KB,1,ob_rev_chosen,0
go,tscl,64KB,1,ob_rev_correct,65423
go,tscl,64KB,1,fhb_fwd_lookups,0
go,tscl,64KB,1,fhb_rev_lookups,5172659
go,tscl,64KB,1,fhb_fwd_valid_out,1597012
go,tscl,64KB,1,fhb_rev_valid_out,1597029
go,tscl,64KB,1,fhb_fwd_pred_uses,0
go,tscl,64KB,1,fhb_rev_pred_uses,0
go,tscl,64KB,1,fhb_fwd_update_uses,0
go,tscl,64KB,1,fhb_rev_update_uses,0
go,tscl,64KB,1,fhb_fwd_writes,1597029
go,tscl,64KB,1,fhb_rev_writes,1597029
go,tscl,64KB,1,fhb_fwd_ob_bypassed,0
go,tscl,64KB,1,fhb_rev_ob_bypassed,816980
go,tscl,64KB,1,fhb_fwd_oht_bypassed,0
go,tscl,64KB,1,fhb_rev_oht_bypassed,816980
go,tscl,64KB,1,oht_fwd_lookups,0
go,tscl,64KB,1,oht_fwd_hits,0
go,tscl,64KB,1,oht_fwd_chosen,0
go,tscl,64KB,1,oht_fwd_correct,0
go,tscl,64KB,1,oht_rev_lookups,5172659
go,tscl,64KB,1,oht_rev_hits,685908
go,tscl,64KB,1,oht_rev_chosen,0
go,tscl,64KB,1,oht_rev_correct,603518
go,tscl,64KB,1,frmt_fwd_lookups,0
go,tscl,64KB,1,frmt_fwd_hits,0
go,tscl,64KB,1,frmt_fwd_misses,0
go,tscl,64KB,1,frmt_rev_lookups,7656392
go,tscl,64KB,1,frmt_rev_hits,7009246
go,tscl,64KB,1,frmt_rev_misses,647146
go,tscl,64KB,1,tage_fwd_lookups,11924354
go,tscl,64KB,1,tage_rev_lookups,0
go,tscl,64KB,1,tage_fwd_tag_matches,1281296
go,tscl,64KB,1,tage_rev_tag_matches,0
go,tscl,64KB,1,sc_fwd_lookups,14302520
go,tscl,64KB,1,sc_rev_lookups,0
go,tscl,64KB,1,sc_fwd_inversions,66826
go,tscl,64KB,1,sc_rev_inversions,0
go,tscl,64KB,1,sc_fwd_threshold_checks,3575613
go,tscl,64KB,1,sc_rev_threshold_checks,0
go,tscl,64KB,1,sc_fwd_threshold_pass,66826
go,tscl,64KB,1,sc_rev_threshold_pass,0
go,tscl,64KB,1,sc_fwd_updates,0
go,tscl,64KB,1,sc_rev_updates,0
go,tscl,64KB,1,loop_fwd_lookups,3575630
go,tscl,64KB,1,loop_rev_lookups,3575630
go,tscl,64KB,1,loop_fwd_hits,17
go,tscl,64KB,1,loop_rev_hits,17
go,tscl,64KB,1,loop_fwd_chosen,17
go,tscl,64KB,1,loop_rev_chosen,17
go,tscl,64KB,1,llbp_fwd_lookups,0
go,tscl,64KB,1,llbp_rev_lookups,0
go,tscl,64KB,1,llbp_fwd_hits,0
go,tscl,64KB,1,llbp_rev_hits,0
go,tscl,64KB,1,llbp_fwd_chosen,0
go,tscl,64KB,1,llbp_rev_chosen,0
ijpeg,tscl,128KB,0,lookups,2285087
ijpeg,tscl,128KB,0,updates,2283771
ijpeg,tscl,128KB,0,addr_hits,2283044
ijpeg,tscl,128KB,0,dir_hits,2283318
ijpeg,tscl,128KB,0,misses,453
ijpeg,tscl,128KB,0,jr_hits,427542
ijpeg,tscl,128KB,0,jr_seen,427686
ijpeg,tscl,128KB,0,jr_non_ras_hits.PP,138
ijpeg,tscl,128KB,0,jr_non_ras_seen.PP,139
ijpeg,tscl,128KB,0,bpred_addr_rate,0.9997
ijpeg,tscl,128KB,0,bpred_dir_rate,0.9998
ijpeg,tscl,128KB,0,bpred_jr_rate,0.9997
ijpeg,tscl,128KB,0,bpred_jr_non_ras_rate.PP,0.9928
ijpeg,tscl,128KB,0,retstack_pushes,428020
ijpeg,tscl,128KB,0,retstack_pops,427654
ijpeg,tscl,128KB,0,used_ras.PP,427547
ijpeg,tscl,128KB,0,ras_hits.PP,427404
ijpeg,tscl,128KB,0,ras_rate.PP,0.9997
ijpeg,tscl,128KB,0,reverse_lookups,2283771
ijpeg,tscl,128KB,0,reverse_updates,2283771
ijpeg,tscl,128KB,0,reverse_addr_hits,2283768
ijpeg,tscl,128KB,0,reverse_dir_hits,2283768
ijpeg,tscl,128KB,0,reverse_misses,3
ijpeg,tscl,128KB,0,reverse_jr_hits,427686
ijpeg,tscl,128KB,0,reverse_jr_seen,427686
ijpeg,tscl,128KB,0,reverse_jr_non_ras_hits.PP,139
ijpeg,tscl,128KB,0,reverse_jr_non_ras_seen.PP,139
ijpeg,tscl,128KB,0,reverse_bpred_addr_rate,1.0000
ijpeg,tscl,128KB,0,reverse_bpred_dir_rate,1.0000
ijpeg,tscl,128KB,0,reverse_bpred_jr_rate,1.0000
ijpeg,tscl,128KB,0,reverse_bpred_jr_non_ras_rate.PP,1.0000
ijpeg,tscl,128KB,0,reverse_retstack_pushes,427547
ijpeg,tscl,128KB,0,reverse_retstack_pops,427553
ijpeg,tscl,128KB,0,reverse_used_ras.PP,427547
ijpeg,tscl,128KB,0,reverse_ras_hits.PP,427547
ijpeg,tscl,128KB,0,reverse_ras_rate.PP,1.0000
ijpeg,tscl,128KB,0,ob_fwd_lookups,0
ijpeg,tscl,128KB,0,ob_fwd_hits,0
ijpeg,tscl,128KB,0,ob_fwd_chosen,0
ijpeg,tscl,128KB,0,ob_fwd_correct,0
ijpeg,tscl,128KB,0,ob_rev_lookups,3004975
ijpeg,tscl,128KB,0,ob_rev_hits,262144
ijpeg,tscl,128KB,0,ob_rev_chosen,0
ijpeg,tscl,128KB,0,ob_rev_correct,131072
ijpeg,tscl,128KB,0,fhb_fwd_lookups,0
ijpeg,tscl,128KB,0,fhb_rev_lookups,3004975
ijpeg,tscl,128KB,0,fhb_fwd_valid_out,1001478
ijpeg,tscl,128KB,0,fhb_rev_valid_out,1001495
ijpeg,tscl,128KB,0,fhb_fwd_pred_uses,0
ijpeg,tscl,128KB,0,fhb_rev_pred_uses,0
ijpeg,tscl,128KB,0,fhb_fwd_update_uses,6008868
ijpeg,tscl,128KB,0,fhb_rev_update_uses,12017736
ijpeg,tscl,128KB,0,fhb_fwd_writes,1001495
ijpeg,tscl,128KB,0,fhb_rev_writes,1001495
ijpeg,tscl,128KB,0,fhb_fwd_ob_bypassed,0
ijpeg,tscl,128KB,0,fhb_rev_ob_bypassed,262144
ijpeg,tscl,128KB,0,fhb_fwd_oht_bypassed,0
ijpeg,tscl,128KB,0,fhb_rev_oht_bypassed,262144
ijpeg,tscl,128KB,0,oht_fwd_lookups,0
ijpeg,tscl,128KB,0,oht_fwd_hits,0
ijpeg,tscl,128KB,0,oht_fwd_chosen,0
ijpeg,tscl,128KB,0,oht_fwd_correct,0
ijpeg,tscl,128KB,0,oht_rev_lookups,3004975
ijpeg,tscl,128KB,0,oht_rev_hits,870423
ijpeg,tscl,128KB,0,oht_rev_chosen,0
ijpeg,tscl,128KB,0,oht_rev_correct,870420
ijpeg,tscl,128KB,0,frmt_fwd_lookups,0
ijpeg,tscl,128KB,0,frmt_fwd_hits,0
ijpeg,tscl,128KB,0,frmt_fwd_misses,0
ijpeg,tscl,128KB,0,frmt_rev_lookups,0
ijpeg,tscl,128KB,0,frmt_rev_hits,0
ijpeg,tscl,128KB,0,frmt_rev_misses,0
ijpeg,tscl,128KB,0,tage_fwd_lookups,7302344
ijpeg,tscl,128KB,0,tage_rev_lookups,0
ijpeg,tscl,128KB,0,tage_fwd_tag_matches,284951
ijpeg,tscl,128KB,0,tage_rev_tag_matches,0
ijpeg,tscl,128KB,0,sc_fwd_lookups,8013920
ijpeg,tscl,128KB,0,sc_rev_lookups,0
ijpeg,tscl,128KB,0,sc_fwd_inversions,1113
ijpeg,tscl,128KB,0,sc_rev_inversions,0
ijpeg,tscl,128KB,0,sc_fwd_threshold_checks,2003480
ijpeg,tscl,128KB,0,sc_rev_threshold_checks,0
ijpeg,tscl,128KB,0,sc_fwd_threshold_pass,1113
ijpeg,tscl,128KB,0,sc_rev_threshold_pass,0
ijpeg,tscl,128KB,0,sc_fwd_updates,4005912
ijpeg,tscl,128KB,0,sc_rev_updates,1001478
ijpeg,tscl,128KB,0,loop_fwd_lookups,2003480
ijpeg,tscl,128KB,0,loop_rev_lookups,2003480
ijpeg,tscl,128KB,0,loop_fwd_hits,0
ijpeg,tscl,128KB,0,loop_rev_hits,0
ijpeg,tscl,128KB,0,loop_fwd_chosen,0
ijpeg,tscl,128KB,0,loop_rev_chosen,0
ijpeg,tscl,128KB,0,llbp_fwd_lookups,0
ijpeg,tscl,128KB,0,llbp_rev_lookups,0
ijpeg,tscl,128KB,0,llbp_fwd_hits,0
ijpeg,tscl,128KB,0,llbp_rev_hits,0
ijpeg,tscl,128KB,0,llbp_fwd_chosen,0
ijpeg,tscl,128KB,0,llbp_rev_chosen,0
ijpeg,tscl,128KB,1,lookups,2285083
ijpeg,tscl,128KB,1,updates,2283771
ijpeg,tscl,128KB,1,addr_hits,2283045
ijpeg,tscl,128KB,1,dir_hits,2283318
ijpeg,tscl,128KB,1,misses,453
ijpeg,tscl,128KB,1,jr_hits,427542
ijpeg,tscl,128KB,1,jr_seen,427686
ijpeg,tscl,128KB,1,jr_non_ras_hits.PP,138
ijpeg,tscl,128KB,1,jr_non_ras_seen.PP,139
ijpeg,tscl,128KB,1,bpred_addr_rate,0.9997
ijpeg,tscl,128KB,1,bpred_dir_rate,0.9998
ijpeg,tscl,128KB,1,bpred_jr_rate,0.9997
ijpeg,tscl,128KB,1,bpred_jr_non_ras_rate.PP,0.9928
ijpeg,tscl,128KB,1,retstack_pushes,428019
ijpeg,tscl,128KB,1,retstack_pops,427654
ijpeg,tscl,128KB,1,used_ras.PP,427547
ijpeg,tscl,128KB,1,ras_hits.PP,427404
ijpeg,tscl,128KB,1,ras_rate.PP,0.9997
ijpeg,tscl,128KB,1,reverse_lookups,2283771
ijpeg,tscl,128KB,1,reverse_updates,2283771
ijpeg,tscl,128KB,1,reverse_addr_hits,2283768
ijpeg,tscl,128KB,1,reverse_dir_hits,2283768
ijpeg,tscl,128KB,1,reverse_misses,3
ijpeg,tscl,128KB,1,reverse_jr_hits,427686
ijpeg,tscl,128KB,1,reverse_jr_seen,427686
ijpeg,tscl,128KB,1,reverse_jr_non_ras_hits.PP,139
ijpeg,tscl,128KB,1,reverse_jr_non_ras_seen.PP,139
ijpeg,tscl,128KB,1,reverse_bpred_addr_rate,1.0000
ijpeg,tscl,128KB,1,reverse_bpred_dir_rate,1.0000
ijpeg,tscl,128KB,1,reverse_bpred_jr_rate,1.0000
ijpeg,tscl,128KB,1,reverse_bpred_jr_non_ras_rate.PP,1.0000
ijpeg,tscl,128KB,1,reverse_retstack_pushes,427547
ijpeg,tscl,128KB,1,reverse_retstack_pops,427553
ijpeg,tscl,128KB,1,reverse_used_ras.PP,427547
ijpeg,tscl,128KB,1,reverse_ras_hits.PP,427547
ijpeg,tscl,128KB,1,reverse_ras_rate.PP,1.0000
ijpeg,tscl,128KB,1,ob_fwd_lookups,0
ijpeg,tscl,128KB,1,ob_fwd_hits,0
ijpeg,tscl,128KB,1,ob_fwd_chosen,0
ijpeg,tscl,128KB,1,ob_fwd_correct,0
ijpeg,tscl,128KB,1,ob_rev_lookups,3004972
ijpeg,tscl,128KB,1,ob_rev_hits,262144
ijpeg,tscl,128KB,1,ob_rev_chosen,0
ijpeg,tscl,128KB,1,ob_rev_correct,131072
ijpeg,tscl,128KB,1,fhb_fwd_lookups,0
ijpeg,tscl,128KB,1,fhb_rev_lookups,3004972
ijpeg,tscl,128KB,1,fhb_fwd_valid_out,1001478
ijpeg,tscl,128KB,1,fhb_rev_valid_out,1001495
ijpeg,tscl,128KB,1,fhb_fwd_pred_uses,0
ijpeg,tscl,128KB,1,fhb_rev_pred_uses,0
ijpeg,tscl,128KB,1,fhb_fwd_update_uses,0
ijpeg,tscl,128KB,1,fhb_rev_update_uses,0
ijpeg,tscl,128KB,1,fhb_fwd_writes,1001495
ijpeg,tscl,128KB,1,fhb_rev_writes,1001495
ijpeg,tscl,128KB,1,fhb_fwd_ob_bypassed,0
ijpeg,tscl,128KB,1,fhb_rev_ob_bypassed,883663
ijpeg,tscl,128KB,1,fhb_fwd_oht_bypassed,0
ijpeg,tscl,128KB,1,fhb_rev_oht_bypassed,883663
ijpeg,tscl,128KB,1,oht_fwd_lookups,0
ijpeg,tscl,128KB,1,oht_fwd_hits,0
ijpeg,tscl,128KB,1,oht_fwd_chosen,0
ijpeg,tscl,128KB,1,oht_fwd_correct,0
ijpeg,tscl,128KB,1,oht_rev_lookups,3004972
ijpeg,tscl,128KB,1,oht_rev_hits,621519
ijpeg,tscl,128KB,1,oht_rev_chosen,0
ijpeg,tscl,128KB,1,oht_rev_correct,621516
ijpeg,tscl,128KB,1,frmt_fwd_lookups,0
ijpeg,tscl,128KB,1,frmt_fwd_hits,0
ijpeg,tscl,128KB,1,frmt_fwd_misses,0
ijpeg,tscl,128KB,1,frmt_rev_lookups,9136396
ijpeg,tscl,128KB,1,frmt_rev_hits,4006284
ijpeg,tscl,128KB,1,frmt_rev_misses,5130112
ijpeg,tscl,128KB,1,tage_fwd_lookups,7015869
ijpeg,tscl,128KB,1,tage_rev_lookups,0
ijpeg,tscl,128KB,1,tage_fwd_tag_matches,427806
ijpeg,tscl,128KB,1,tage_rev_tag_matches,0
ijpeg,tscl,128KB,1,sc_fwd_lookups,8013908
ijpeg,tscl,128KB,1,sc_rev_lookups,0
ijpeg,tscl,128KB,1,sc_fwd_inversions,0
ijpeg,tscl,128KB,1,sc_rev_inversions,0
ijpeg,tscl,128KB,1,sc_fwd_threshold_checks,2003477
ijpeg,tscl,128KB,1,sc_rev_threshold_checks,0
ijpeg,tscl,128KB,1,sc_fwd_threshold_pass,0
ijpeg,tscl,128KB,1,sc_rev_threshold_pass,0
ijpeg,tscl,128KB,1,sc_fwd_updates,0
ijpeg,tscl,128KB,1,sc_rev_updates,0
ijpeg,tscl,128KB,1,loop_fwd_lookups,2003477
ijpeg,tscl,128KB,1,loop_rev_lookups,2003477
ijpeg,tscl,128KB,1,loop_fwd_hits,0
ijpeg,tscl,128KB,1,loop_rev_hits,0
ijpeg,tscl,128KB,1,loop_fwd_chosen,0
ijpeg,tscl,128KB,1,loop_rev_chosen,0
ijpeg,tscl,128KB,1,llbp_fwd_lookups,0
ijpeg,tscl,128KB,1,llbp_rev_lookups,0
ijpeg,tscl,128KB,1,llbp_fwd_hits,0
ijpeg,tscl,128KB,1,llbp_rev_hits,0
ijpeg,tscl,128KB,1,llbp_fwd_chosen,0
ijpeg,tscl,128KB,1,llbp_rev_chosen,0
ijpeg,tscl,16KB,0,lookups,2285087
ijpeg,tscl,16KB,0,updates,2283771
ijpeg,tscl,16KB,0,addr_hits,2283044
ijpeg,tscl,16KB,0,dir_hits,2283318
ijpeg,tscl,16KB,0,misses,453
ijpeg,tscl,16KB,0,jr_hits,427542
ijpeg,tscl,16KB,0,jr_seen,427686
ijpeg,tscl,16KB,0,jr_non_ras_hits.PP,138
ijpeg,tscl,16KB,0,jr_non_ras_seen.PP,139
ijpeg,tscl,16KB,0,bpred_addr_rate,0.9997
ijpeg,tscl,16KB,0,bpred_dir_rate,0.9998
ijpeg,tscl,16KB,0,bpred_jr_rate,0.9997
ijpeg,tscl,16KB,0,bpred_jr_non_ras_rate.PP,0.9928
ijpeg,tscl,16KB,0,retstack_pushes,428020
ijpeg,tscl,16KB,0,retstack_pops,427654
ijpeg,tscl,16KB,0,used_ras.PP,427547
ijpeg,tscl,16KB,0,ras_hits.PP,427404
ijpeg,tscl,16KB,0,ras_rate.PP,0.9997
ijpeg,tscl,16KB,0,reverse_lookups,2283771
ijpeg,tscl,16KB,0,reverse_updates,2283771
ijpeg,tscl,16KB,0,reverse_addr_hits,2283768
ijpeg,tscl,16KB,0,reverse_dir_hits,2283768
ijpeg,tscl,16KB,0,reverse_misses,3
ijpeg,tscl,16KB,0,reverse_jr_hits,427686
ijpeg,tscl,16KB,0,reverse_jr_seen,427686
ijpeg,tscl,16KB,0,reverse_jr_non_ras_hits.PP,139
ijpeg,tscl,16KB,0,reverse_jr_non_ras_seen.PP,139
ijpeg,tscl,16KB,0,reverse_bpred_addr_rate,1.0000
ijpeg,tscl,16KB,0,reverse_bpred_dir_rate,1.0000
ijpeg,tscl,16KB,0,reverse_bpred_jr_rate,1.0000
ijpeg,tscl,16KB,0,reverse_bpred_jr_non_ras_rate.PP,1.0000
ijpeg,tscl,16KB,0,reverse_retstack_pushes,427547
ijpeg,tscl,16KB,0,reverse_retstack_pops,427553
ijpeg,tscl,16KB,0,reverse_used_ras.PP,427547
ijpeg,tscl,16KB,0,reverse_ras_hits.PP,427547
ijpeg,tscl,16KB,0,reverse_ras_rate.PP,1.0000
ijpeg,tscl,16KB,0,ob_fwd_lookups,0
ijpeg,tscl,16KB,0,ob_fwd_hits,0
ijpeg,tscl,16KB,0,ob_fwd_chosen,0
ijpeg,tscl,16KB,0,ob_fwd_correct,0
ijpeg,tscl,16KB,0,ob_rev_lookups,3004975
ijpeg,tscl,16KB,0,ob_rev_hits,32768
ijpeg,tscl,16KB,0,ob_rev_chosen,0
ijpeg,tscl,16KB,0,ob_rev_correct,16384
ijpeg,tscl,16KB,0,fhb_fwd_lookups,0
ijpeg,tscl,16KB,0,fhb_rev_lookups,3004975
ijpeg,tscl,16KB,0,fhb_fwd_valid_out,1001478
ijpeg,tscl,16KB,0,fhb_rev_valid_out,1001495
ijpeg,tscl,16KB,0,fhb_fwd_pred_uses,0
ijpeg,tscl,16KB,0,fhb_rev_pred_uses,0
ijpeg,tscl,16KB,0,fhb_fwd_update_uses,6008868
ijpeg,tscl,16KB,0,fhb_rev_update_uses,12017736
ijpeg,tscl,16KB,0,fhb_fwd_writes,1001495
ijpeg,tscl,16KB,0,fhb_rev_writes,1001495
ijpeg,tscl,16KB,0,fhb_fwd_ob_bypassed,0
ijpeg,tscl,16KB,0,fhb_rev_ob_bypassed,32768
ijpeg,tscl,16KB,0,fhb_fwd_oht_bypassed,0
ijpeg,tscl,16KB,0,fhb_rev_oht_bypassed,32768
ijpeg,tscl,16KB,0,oht_fwd_lookups,0
ijpeg,tscl,16KB,0,oht_fwd_hits,0
ijpeg,tscl,16KB,0,oht_fwd_chosen,0
ijpeg,tscl,16KB,0,oht_fwd_correct,0
ijpeg,tscl,16KB,0,oht_rev_lookups,3004975
ijpeg,tscl,16KB,0,oht_rev_hits,985111
ijpeg,tscl,16KB,0,oht_rev_chosen,0
ijpeg,tscl,16KB,0,oht_rev_correct,985108
ijpeg,tscl,16KB,0,frmt_fwd_lookups,0
ijpeg,tscl,16KB,0,frmt_fwd_hits,0
ijpeg,tscl,16KB,0,frmt_fwd_misses,0
ijpeg,tscl,16KB,0,frmt_rev_lookups,0
ijpeg,tscl,16KB,0,frmt_rev_hits,0
ijpeg,tscl,16KB,0,frmt_rev_misses,0
ijpeg,tscl,16KB,0,tage_fwd_lookups,7301407
ijpeg,tscl,16KB,0,tage_rev_lookups,0
ijpeg,tscl,16KB,0,tage_fwd_tag_matches,284892
ijpeg,tscl,16KB,0,tage_rev_tag_matches,0
ijpeg,tscl,16KB,0,sc_fwd_lookups,8013920
ijpeg,tscl,16KB,0,sc_rev_lookups,0
ijpeg,tscl,16KB,0,sc_fwd_inversions,1113
ijpeg,tscl,16KB,0,sc_rev_inversions,0
ijpeg,tscl,16KB,0,sc_fwd_threshold_checks,2003480
ijpeg,tscl,16KB,0,sc_rev_threshold_checks,0
ijpeg,tscl,16KB,0,sc_fwd_threshold_pass,1113
ijpeg,tscl,16KB,0,sc_rev_threshold_pass,0
ijpeg,tscl,16KB,0,sc_fwd_updates,4005912
ijpeg,tscl,16KB,0,sc_rev_updates,1001478
ijpeg,tscl,16KB,0,loop_fwd_lookups,2003480
ijpeg,tscl,16KB,0,loop_rev_lookups,2003480
ijpeg,tscl,16KB,0,loop_fwd_hits,0
ijpeg,tscl,16KB,0,loop_rev_hits,0
ijpeg,tscl,16KB,0,loop_fwd_chosen,0
ijpeg,tscl,16KB,0,loop_rev_chosen,0
ijpeg,tscl,16KB,0,llbp_fwd_lookups,0
ijpeg,tscl,16KB,0,llbp_rev_lookups,0
ijpeg,tscl,16KB,0,llbp_fwd_hits,0
ijpeg,tscl,16KB,0,llbp_rev_hits,0
ijpeg,tscl,16KB,0,llbp_fwd_chosen,0
ijpeg,tscl,16KB,0,llbp_rev_chosen,0
ijpeg,tscl,16KB,1,lookups,2285087
ijpeg,tscl,16KB,1,updates,2283771
ijpeg,tscl,16KB,1,addr_hits,2282943
ijpeg,tscl,16KB,1,dir_hits,2283216
ijpeg,tscl,16KB,1,misses,555
ijpeg,tscl,16KB,1,jr_hits,427542
ijpeg,tscl,16KB,1,jr_seen,427686
ijpeg,tscl,16KB,1,jr_non_ras_hits.PP,138
ijpeg,tscl,16KB,1,jr_non_ras_seen.PP,139
ijpeg,tscl,16KB,1,bpred_addr_rate,0.9996
ijpeg,tscl,16KB,1,bpred_dir_rate,0.9998
ijpeg,tscl,16KB,1,bpred_jr_rate,0.9997
ijpeg,tscl,16KB,1,bpred_jr_non_ras_rate.PP,0.9928
ijpeg,tscl,16KB,1,retstack_pushes,428020
ijpeg,tscl,16KB,1,retstack_pops,427654
ijpeg,tscl,16KB,1,used_ras.PP,427547
ijpeg,tscl,16KB,1,ras_hits.PP,427404
ijpeg,tscl,16KB,1,ras_rate.PP,0.9997
ijpeg,tscl,16KB,1,reverse_lookups,2283771
ijpeg,tscl,16KB,1,reverse_updates,2283771
ijpeg,tscl,16KB,1,reverse_addr_hits,2283759
ijpeg,tscl,16KB,1,reverse_dir_hits,2283759
ijpeg,tscl,16KB,1,reverse_misses,12
ijpeg,tscl,16KB,1,reverse_jr_hits,427686
ijpeg,tscl,16KB,1,reverse_jr_seen,427686
ijpeg,tscl,16KB,1,reverse_jr_non_ras_hits.PP,139
ijpeg,tscl,16KB,1,reverse_jr_non_ras_seen.PP,139
ijpeg,tscl,16KB,1,reverse_bpred_addr_rate,1.0000
ijpeg,tscl,16KB,1,reverse_bpred_dir_rate,1.0000
ijpeg,tscl,16KB,1,reverse_bpred_jr_rate,1.0000
ijpeg,tscl,16KB,1,reverse_bpred_jr_non_ras_rate.PP,1.0000
ijpeg,tscl,16KB,1,reverse_retstack_pushes,427547
ijpeg,tscl,16KB,1,reverse_retstack_pops,427553
ijpeg,tscl,16KB,1,reverse_used_ras.PP,427547
ijpeg,tscl,16KB,1,reverse_ras_hits.PP,427547
ijpeg,tscl,16KB,1,reverse_ras_rate.PP,1.0000
ijpeg,tscl,16KB,1,ob_fwd_lookups,0
ijpeg,tscl,16KB,1,ob_fwd_hits,0
ijpeg,tscl,16KB,1,ob_fwd_chosen,0
ijpeg,tscl,16KB,1,ob_fwd_correct,0
ijpeg,tscl,16KB,1,ob_rev_lookups,3004975
ijpeg,tscl,16KB,1,ob_rev_hits,32768
ijpeg,tscl,16KB,1,ob_rev_chosen,0
ijpeg,tscl,16KB,1,ob_rev_correct,16384
ijpeg,tscl,16KB,1,fhb_fwd_lookups,0
ijpeg,tscl,16KB,1,fhb_rev_lookups,3004975
ijpeg,tscl,16KB,1,fhb_fwd_valid_out,1001478
ijpeg,tscl,16KB,1,fhb_rev_valid_out,1001495
ijpeg,tscl,16KB,1,fhb_fwd_pred_uses,0
ijpeg,tscl,16KB,1,fhb_rev_pred_uses,0
ijpeg,tscl,16KB,1,fhb_fwd_update_uses,0
ijpeg,tscl,16KB,1,fhb_rev_update_uses,0
ijpeg,tscl,16KB,1,fhb_fwd_writes,1001495
ijpeg,tscl,16KB,1,fhb_rev_writes,1001495
ijpeg,tscl,16KB,1,fhb_fwd_ob_bypassed,0
ijpeg,tscl,16KB,1,fhb_rev_ob_bypassed,735972
ijpeg,tscl,16KB,1,fhb_fwd_oht_bypassed,0
ijpeg,tscl,16KB,1,fhb_rev_oht_bypassed,735972
ijpeg,tscl,16KB,1,oht_fwd_lookups,0
ijpeg,tscl,16KB,1,oht_fwd_hits,0
ijpeg,tscl,16KB,1,oht_fwd_chosen,0
ijpeg,tscl,16KB,1,oht_fwd_correct,0
ijpeg,tscl,16KB,1,oht_rev_lookups,3004975
ijpeg,tscl,16KB,1,oht_rev_hits,703204
ijpeg,tscl,16KB,1,oht_rev_chosen,0
ijpeg,tscl,16KB,1,oht_rev_correct,703201
ijpeg,tscl,16KB,1,frmt_fwd_lookups,0
ijpeg,tscl,16KB,1,frmt_fwd_hits,0
ijpeg,tscl,16KB,1,frmt_fwd_misses,0
ijpeg,tscl,16KB,1,frmt_rev_lookups,9136400
ijpeg,tscl,16KB,1,frmt_rev_hits,4007661
ijpeg,tscl,16KB,1,frmt_rev_misses,5128739
ijpeg,tscl,16KB,1,tage_fwd_lookups,6734403
ijpeg,tscl,16KB,1,tage_rev_lookups,0
ijpeg,tscl,16KB,1,tage_fwd_tag_matches,709758
ijpeg,tscl,16KB,1,tage_rev_tag_matches,0
ijpeg,tscl,16KB,1,sc_fwd_lookups,8013920
ijpeg,tscl,16KB,1,sc_rev_lookups,0
ijpeg,tscl,16KB,1,sc_fwd_inversions,240
ijpeg,tscl,16KB,1,sc_rev_inversions,0
ijpeg,tscl,16KB,1,sc_fwd_threshold_checks,2003480
ijpeg,tscl,16KB,1,sc_rev_threshold_checks,0
ijpeg,tscl,16KB,1,sc_fwd_threshold_pass,240
ijpeg,tscl,16KB,1,sc_rev_threshold_pass,0
ijpeg,tscl,16KB,1,sc_fwd_updates,0
ijpeg,tscl,16KB,1,sc_rev_updates,0
ijpeg,tscl,16KB,1,loop_fwd_lookups,2003480
ijpeg,tscl,16KB,1,loop_rev_lookups,2003480
ijpeg,tscl,16KB,1,loop_fwd_hits,0
ijpeg,tscl,16KB,1,loop_rev_hits,0
ijpeg,tscl,16KB,1,loop_fwd_chosen,0
ijpeg,tscl,16KB,1,loop_rev_chosen,0
ijpeg,tscl,16KB,1,llbp_fwd_lookups,0
ijpeg,tscl,16KB,1,llbp_rev_lookups,0
ijpeg,tscl,16KB,1,llbp_fwd_hits,0
ijpeg,tscl,16KB,1,llbp_rev_hits,0
ijpeg,tscl,16KB,1,llbp_fwd_chosen,0
ijpeg,tscl,16KB,1,llbp_rev_chosen,0
ijpeg,tscl,1MB,0,lookups,2285087
ijpeg,tscl,1MB,0,updates,2283771
ijpeg,tscl,1MB,0,addr_hits,2283044
ijpeg,tscl,1MB,0,dir_hits,2283318
ijpeg,tscl,1MB,0,misses,453
ijpeg,tscl,1MB,0,jr_hits,427542
ijpeg,tscl,1MB,0,jr_seen,427686
ijpeg,tscl,1MB,0,jr_non_ras_hits.PP,138
ijpeg,tscl,1MB,0,jr_non_ras_seen.PP,139
ijpeg,tscl,1MB,0,bpred_addr_rate,0.9997
ijpeg,tscl,1MB,0,bpred_dir_rate,0.9998
ijpeg,tscl,1MB,0,bpred_jr_rate,0.9997
ijpeg,tscl,1MB,0,bpred_jr_non_ras_rate.PP,0.9928
ijpeg,tscl,1MB,0,retstack_pushes,428020
ijpeg,tscl,1MB,0,retstack_pops,427654
ijpeg,tscl,1MB,0,used_ras.PP,427547
ijpeg,tscl,1MB,0,ras_hits.PP,427404
ijpeg,tscl,1MB,0,ras_rate.PP,0.9997
ijpeg,tscl,1MB,0,reverse_lookups,2283771
ijpeg,tscl,1MB,0,reverse_updates,2283771
ijpeg,tscl,1MB,0,reverse_addr_hits,2283771
ijpeg,tscl,1MB,0,reverse_dir_hits,2283771
ijpeg,tscl,1MB,0,reverse_misses,0
ijpeg,tscl,1MB,0,reverse_jr_hits,427686
ijpeg,tscl,1MB,0,reverse_jr_seen,427686
ijpeg,tscl,1MB,0,reverse_jr_non_ras_hits.PP,139
ijpeg,tscl,1MB,0,reverse_jr_non_ras_seen.PP,139
ijpeg,tscl,1MB,0,reverse_bpred_addr_rate,1.0000
ijpeg,tscl,1MB,0,reverse_bpred_dir_rate,1.0000
ijpeg,tscl,1MB,0,reverse_bpred_jr_rate,1.0000
ijpeg,tscl,1MB,0,reverse_bpred_jr_non_ras_rate.PP,1.0000
ijpeg,tscl,1MB,0,reverse_retstack_pushes,427547
ijpeg,tscl,1MB,0,reverse_retstack_pops,427553
ijpeg,tscl,1MB,0,reverse_used_ras.PP,427547
ijpeg,tscl,1MB,0,reverse_ras_hits.PP,427547
ijpeg,tscl,1MB,0,reverse_ras_rate.PP,1.0000
ijpeg,tscl,1MB,0,ob_fwd_lookups,0
ijpeg,tscl,1MB,0,ob_fwd_hits,0
ijpeg,tscl,1MB,0,ob_fwd_chosen,0
ijpeg,tscl,1MB,0,ob_fwd_correct,0
ijpeg,tscl,1MB,0,ob_rev_lookups,3004975
ijpeg,tscl,1MB,0,ob_rev_hits,2002990
ijpeg,tscl,1MB,0,ob_rev_chosen,0
ijpeg,tscl,1MB,0,ob_rev_correct,1001495
ijpeg,tscl,1MB,0,fhb_fwd_lookups,0
ijpeg,tscl,1MB,0,fhb_rev_lookups,3004975
ijpeg,tscl,1MB,0,fhb_fwd_valid_out,1001478
ijpeg,tscl,1MB,0,fhb_rev_valid_out,1001495
ijpeg,tscl,1MB,0,fhb_fwd_pred_uses,0
ijpeg,tscl,1MB,0,fhb_rev_pred_uses,0
ijpeg,tscl,1MB,0,fhb_fwd_update_uses,6008868
ijpeg,tscl,1MB,0,fhb_rev_update_uses,12017736
ijpeg,tscl,1MB,0,fhb_fwd_writes,1001495
ijpeg,tscl,1MB,0,fhb_rev_writes,1001495
ijpeg,tscl,1MB,0,fhb_fwd_ob_bypassed,0
ijpeg,tscl,1MB,0,fhb_rev_ob_bypassed,2002990
ijpeg,tscl,1MB,0,fhb_fwd_oht_bypassed,0
ijpeg,tscl,1MB,0,fhb_rev_oht_bypassed,2002990
ijpeg,tscl,1MB,0,oht_fwd_lookups,0
ijpeg,tscl,1MB,0,oht_fwd_hits,0
ijpeg,tscl,1MB,0,oht_fwd_chosen,0
ijpeg,tscl,1MB,0,oht_fwd_correct,0
ijpeg,tscl,1MB,0,oht_rev_lookups,3004975
ijpeg,tscl,1MB,0,oht_rev_hits,0
ijpeg,tscl,1MB,0,oht_rev_chosen,0
ijpeg,tscl,1MB,0,oht_rev_correct,0
ijpeg,tscl,1MB,0,frmt_fwd_lookups,0
ijpeg,tscl,1MB,0,frmt_fwd_hits,0
ijpeg,tscl,1MB,0,frmt_fwd_misses,0
ijpeg,tscl,1MB,0,frmt_rev_lookups,0
ijpeg,tscl,1MB,0,frmt_rev_hits,0
ijpeg,tscl,1MB,0,frmt_rev_misses,0
ijpeg,tscl,1MB,0,tage_fwd_lookups,7301417
ijpeg,tscl,1MB,0,tage_rev_lookups,0
ijpeg,tscl,1MB,0,tage_fwd_tag_matches,284887
ijpeg,tscl,1MB,0,tage_rev_tag_matches,0
ijpeg,tscl,1MB,0,sc_fwd_lookups,8013920
ijpeg,tscl,1MB,0,sc_rev_lookups,0
ijpeg,tscl,1MB,0,sc_fwd_inversions,1113
ijpeg,tscl,1MB,0,sc_rev_inversions,0
ijpeg,tscl,1MB,0,sc_fwd_threshold_checks,2003480
ijpeg,tscl,1MB,0,sc_rev_threshold_checks,0
ijpeg,tscl,1MB,0,sc_fwd_threshold_pass,1113
ijpeg,tscl,1MB,0,sc_rev_threshold_pass,0
ijpeg,tscl,1MB,0,sc_fwd_updates,4005912
ijpeg,tscl,1MB,0,sc_rev_updates,1001478
ijpeg,tscl,1MB,0,loop_fwd_lookups,2003480
ijpeg,tscl,1MB,0,loop_rev_lookups,2003480
ijpeg,tscl,1MB,0,loop_fwd_hits,0
ijpeg,tscl,1MB,0,loop_rev_hits,0
ijpeg,tscl,1MB,0,loop_fwd_chosen,0
ijpeg,tscl,1MB,0,loop_rev_chosen,0
ijpeg,tscl,1MB,0,llbp_fwd_lookups,0
ijpeg,tscl,1MB,0,llbp_rev_lookups,0
ijpeg,tscl,1MB,0,llbp_fwd_hits,0
ijpeg,tscl,1MB,0,llbp_rev_hits,0
ijpeg,tscl,1MB,0,llbp_fwd_chosen,0
ijpeg,tscl,1MB,0,llbp_rev_chosen,0
ijpeg,tscl,1MB,1,lookups,2285083
ijpeg,tscl,1MB,1,updates,2283771
ijpeg,tscl,1MB,1,addr_hits,2283045
ijpeg,tscl,1MB,1,dir_hits,2283318
ijpeg,tscl,1MB,1,misses,453
ijpeg,tscl,1MB,1,jr_hits,427542
ijpeg,tscl,1MB,1,jr_seen,427686
ijpeg,tscl,1MB,1,jr_non_ras_hits.PP,138
ijpeg,tscl,1MB,1,jr_non_ras_seen.PP,139
ijpeg,tscl,1MB,1,bpred_addr_rate,0.9997
ijpeg,tscl,1MB,1,bpred_dir_rate,0.9998
ijpeg,tscl,1MB,1,bpred_jr_rate,0.9997
ijpeg,tscl,1MB,1,bpred_jr_non_ras_rate.PP,0.9928
ijpeg,tscl,1MB,1,retstack_pushes,428019
ijpeg,tscl,1MB,1,retstack_pops,427654
ijpeg,tscl,1MB,1,used_ras.PP,427547
ijpeg,tscl,1MB,1,ras_hits.PP,427404
ijpeg,tscl,1MB,1,ras_rate.PP,0.9997
ijpeg,tscl,1MB,1,reverse_lookups,2283771
ijpeg,tscl,1MB,1,reverse_updates,2283771
ijpeg,tscl,1MB,1,reverse_addr_hits,2283771
ijpeg,tscl,1MB,1,reverse_dir_hits,2283771
ijpeg,tscl,1MB,1,reverse_misses,0
ijpeg,tscl,1MB,1,reverse_jr_hits,427686
ijpeg,tscl,1MB,1,reverse_jr_seen,427686
ijpeg,tscl,1MB,1,reverse_jr_non_ras_hits.PP,139
ijpeg,tscl,1MB,1,reverse_jr_non_ras_seen.PP,139
ijpeg,tscl,1MB,1,reverse_bpred_addr_rate,1.0000
ijpeg,tscl,1MB,1,reverse_bpred_dir_rate,1.0000
ijpeg,tscl,1MB,1,reverse_bpred_jr_rate,1.0000
ijpeg,tscl,1MB,1,reverse_bpred_jr_non_ras_rate.PP,1.0000
ijpeg,tscl,1MB,1,reverse_retstack_pushes,427547
ijpeg,tscl,1MB,1,reverse_retstack_pops,427553
ijpeg,tscl,1MB,1,reverse_used_ras.PP,427547
ijpeg,tscl,1MB,1,reverse_ras_hits.PP,427547
ijpeg,tscl,1MB,1,reverse_ras_rate.PP,1.0000
ijpeg,tscl,1MB,1,ob_fwd_lookups,0
ijpeg,tscl,1MB,1,ob_fwd_hits,0
ijpeg,tscl,1MB,1,ob_fwd_chosen,0
ijpeg,tscl,1MB,1,ob_fwd_correct,0
ijpeg,tscl,1MB,1,ob_rev_lookups,3004972
ijpeg,tscl,1MB,1,ob_rev_hits,2002990
ijpeg,tscl,1MB,1,ob_rev_chosen,0
ijpeg,tscl,1MB,1,ob_rev_correct,1001495
ijpeg,tscl,1MB,1,fhb_fwd_lookups,0
ijpeg,tscl,1MB,1,fhb_rev_lookups,3004972
ijpeg,tscl,1MB,1,fhb_fwd_valid_out,1001478
ijpeg,tscl,1MB,1,fhb_rev_valid_out,1001495
ijpeg,tscl,1MB,1,fhb_fwd_pred_uses,0
ijpeg,tscl,1MB,1,fhb_rev_pred_uses,0
ijpeg,tscl,1MB,1,fhb_fwd_update_uses,0
ijpeg,tscl,1MB,1,fhb_rev_update_uses,0
ijpeg,tscl,1MB,1,fhb_fwd_writes,1001495
ijpeg,tscl,1MB,1,fhb_rev_writes,1001495
ijpeg,tscl,1MB,1,fhb_fwd_ob_bypassed,0
ijpeg,tscl,1MB,1,fhb_rev_ob_bypassed,2002990
ijpeg,tscl,1MB,1,fhb_fwd_oht_bypassed,0
ijpeg,tscl,1MB,1,fhb_rev_oht_bypassed,2002990
ijpeg,tscl,1MB,1,oht_fwd_lookups,0
ijpeg,tscl,1MB,1,oht_fwd_hits,0
ijpeg,tscl,1MB,1,oht_fwd_chosen,0
ijpeg,tscl,1MB,1,oht_fwd_correct,0
ijpeg,tscl,1MB,1,oht_rev_lookups,3004972
ijpeg,tscl,1MB,1,oht_rev_hits,0
ijpeg,tscl,1MB,1,oht_rev_chosen,0
ijpeg,tscl,1MB,1,oht_rev_correct,0
ijpeg,tscl,1MB,1,frmt_fwd_lookups,0
ijpeg,tscl,1MB,1,frmt_fwd_hits,0
ijpeg,tscl,1MB,1,frmt_fwd_misses,0
ijpeg,tscl,1MB,1,frmt_rev_lookups,9136396
ijpeg,tscl,1MB,1,frmt_rev_hits,4006284
ijpeg,tscl,1MB,1,frmt_rev_misses,5130112
ijpeg,tscl,1MB,1,tage_fwd_lookups,7015869
ijpeg,tscl,1MB,1,tage_rev_lookups,0
ijpeg,tscl,1MB,1,tage_fwd_tag_matches,427806
ijpeg,tscl,1MB,1,tage_rev_tag_matches,0
ijpeg,tscl,1MB,1,sc_fwd_lookups,8013908
ijpeg,tscl,1MB,1,sc_rev_lookups,0
ijpeg,tscl,1MB,1,sc_fwd_inversions,1
ijpeg,tscl,1MB,1,sc_rev_inversions,0
ijpeg,tscl,1MB,1,sc_fwd_threshold_checks,2003477
ijpeg,tscl,1MB,1,sc_rev_threshold_checks,0
ijpeg,tscl,1MB,1,sc_fwd_threshold_pass,1
ijpeg,tscl,1MB,1,sc_rev_threshold_pass,0
ijpeg,tscl,1MB,1,sc_fwd_updates,0
ijpeg,tscl,1MB,1,sc_rev_updates,0
ijpeg,tscl,1MB,1,loop_fwd_lookups,2003477
ijpeg,tscl,1MB,1,loop_rev_lookups,2003477
ijpeg,tscl,1MB,1,loop_fwd_hits,0
ijpeg,tscl,1MB,1,loop_rev_hits,0
ijpeg,tscl,1MB,1,loop_fwd_chosen,0
ijpeg,tscl,1MB,1,loop_rev_chosen,0
ijpeg,tscl,1MB,1,llbp_fwd_lookups,0
ijpeg,tscl,1MB,1,llbp_rev_lookups,0
ijpeg,tscl,1MB,1,llbp_fwd_hits,0
ijpeg,tscl,1MB,1,llbp_rev_hits,0
ijpeg,tscl,1MB,1,llbp_fwd_chosen,0
ijpeg,tscl,1MB,1,llbp_rev_chosen,0
ijpeg,tscl,256KB,0,lookups,2285087
ijpeg,tscl,256KB,0,updates,2283771
ijpeg,tscl,256KB,0,addr_hits,2283044
ijpeg,tscl,256KB,0,dir_hits,2283318
ijpeg,tscl,256KB,0,misses,453
ijpeg,tscl,256KB,0,jr_hits,427542
ijpeg,tscl,256KB,0,jr_seen,427686
ijpeg,tscl,256KB,0,jr_non_ras_hits.PP,138
ijpeg,tscl,256KB,0,jr_non_ras_seen.PP,139
ijpeg,tscl,256KB,0,bpred_addr_rate,0.9997
ijpeg,tscl,256KB,0,bpred_dir_rate,0.9998
ijpeg,tscl,256KB,0,bpred_jr_rate,0.9997
ijpeg,tscl,256KB,0,bpred_jr_non_ras_rate.PP,0.9928
ijpeg,tscl,256KB,0,retstack_pushes,428020
ijpeg,tscl,256KB,0,retstack_pops,427654
ijpeg,tscl,256KB,0,used_ras.PP,427547
ijpeg,tscl,256KB,0,ras_hits.PP,427404
ijpeg,tscl,256KB,0,ras_rate.PP,0.9997
ijpeg,tscl,256KB,0,reverse_lookups,2283771
ijpeg,tscl,256KB,0,reverse_updates,2283771
ijpeg,tscl,256KB,0,reverse_addr_hits,2283768
ijpeg,tscl,256KB,0,reverse_dir_hits,2283768
ijpeg,tscl,256KB,0,reverse_misses,3
ijpeg,tscl,256KB,0,reverse_jr_hits,427686
ijpeg,tscl,256KB,0,reverse_jr_seen,427686
ijpeg,tscl,256KB,0,reverse_jr_non_ras_hits.PP,139
ijpeg,tscl,256KB,0,reverse_jr_non_ras_seen.PP,139
ijpeg,tscl,256KB,0,reverse_bpred_addr_rate,1.0000
ijpeg,tscl,256KB,0,reverse_bpred_dir_rate,1.0000
ijpeg,tscl,256KB,0,reverse_bpred_jr_rate,1.0000
ijpeg,tscl,256KB,0,reverse_bpred_jr_non_ras_rate.PP,1.0000
ijpeg,tscl,256KB,0,reverse_retstack_pushes,427547
ijpeg,tscl,256KB,0,reverse_retstack_pops,427553
ijpeg,tscl,256KB,0,reverse_used_ras.PP,427547
ijpeg,tscl,256KB,0,reverse_ras_hits.PP,427547
ijpeg,tscl,256KB,0,reverse_ras_rate.PP,1.0000
ijpeg,tscl,256KB,0,ob_fwd_lookups,0
ijpeg,tscl,256KB,0,ob_fwd_hits,0
ijpeg,tscl,256KB,0,ob_fwd_chosen,0
ijpeg,tscl,256KB,0,ob_fwd_correct,0
ijpeg,tscl,256KB,0,ob_rev_lookups,3004975
ijpeg,tscl,256KB,0,ob_rev_hits,524288
ijpeg,tscl,256KB,0,ob_rev_chosen,0
ijpeg,tscl,256KB,0,ob_rev_correct,262144
ijpeg,tscl,256KB,0,fhb_fwd_lookups,0
ijpeg,tscl,256KB,0,fhb_rev_lookups,3004975
ijpeg,tscl,256KB,0,fhb_fwd_valid_out,1001478
ijpeg,tscl,256KB,0,fhb_rev_valid_out,1001495
ijpeg,tscl,256KB,0,fhb_fwd_pred_uses,0
ijpeg,tscl,256KB,0,fhb_rev_pred_uses,0
ijpeg,tscl,256KB,0,fhb_fwd_update_uses,6008868
ijpeg,tscl,256KB,0,fhb_rev_update_uses,12017736
ijpeg,tscl,256KB,0,fhb_fwd_writes,1001495
ijpeg,tscl,256KB,0,fhb_rev_writes,1001495
ijpeg,tscl,256KB,0,fhb_fwd_ob_bypassed,0
ijpeg,tscl,256KB,0,fhb_rev_ob_bypassed,524288
ijpeg,tscl,256KB,0,fhb_fwd_oht_bypassed,0
ijpeg,tscl,256KB,0,fhb_rev_oht_bypassed,524288
ijpeg,tscl,256KB,0,oht_fwd_lookups,0
ijpeg,tscl,256KB,0,oht_fwd_hits,0
ijpeg,tscl,256KB,0,oht_fwd_chosen,0
ijpeg,tscl,256KB,0,oht_fwd_correct,0
ijpeg,tscl,256KB,0,oht_rev_lookups,3004975
ijpeg,tscl,256KB,0,oht_rev_hits,739351
ijpeg,tscl,256KB,0,oht_rev_chosen,0
ijpeg,tscl,256KB,0,oht_rev_correct,739348
ijpeg,tscl,256KB,0,frmt_fwd_lookups,0
ijpeg,tscl,256KB,0,frmt_fwd_hits,0
ijpeg,tscl,256KB,0,frmt_fwd_misses,0
ijpeg,tscl,256KB,0,frmt_rev_lookups,0
ijpeg,tscl,256KB,0,frmt_rev_hits,0
ijpeg,tscl,256KB,0,frmt_rev_misses,0
ijpeg,tscl,256KB,0,tage_fwd_lookups,7301417
ijpeg,tscl,256KB,0,tage_rev_lookups,0
ijpeg,tscl,256KB,0,tage_fwd_tag_matches,284887
ijpeg,tscl,256KB,0,tage_rev_tag_matches,0
ijpeg,tscl,256KB,0,sc_fwd_lookups,8013920
ijpeg,tscl,256KB,0,sc_rev_lookups,0
ijpeg,tscl,256KB,0,sc_fwd_inversions,1113
ijpeg,tscl,256KB,0,sc_rev_inversions,0
ijpeg,tscl,256KB,0,sc_fwd_threshold_checks,2003480
ijpeg,tscl,256KB,0,sc_rev_threshold_checks,0
ijpeg,tscl,256KB,0,sc_fwd_threshold_pass,1113
ijpeg,tscl,256KB,0,sc_rev_threshold_pass,0
ijpeg,tscl,256KB,0,sc_fwd_updates,4005912
ijpeg,tscl,256KB,0,sc_rev_updates,1001478
ijpeg,tscl,256KB,0,loop_fwd_lookups,2003480
ijpeg,tscl,256KB,0,loop_rev_lookups,2003480
ijpeg,tscl,256KB,0,loop_fwd_hits,0
ijpeg,tscl,256KB,0,loop_rev_hits,0
ijpeg,tscl,256KB,0,loop_fwd_chosen,0
ijpeg,tscl,256KB,0,loop_rev_chosen,0
ijpeg,tscl,256KB,0,llbp_fwd_lookups,0
ijpeg,tscl,256KB,0,llbp_rev_lookups,0
ijpeg,tscl,256KB,0,llbp_fwd_hits,0
ijpeg,tscl,256KB,0,llbp_rev_hits,0
ijpeg,tscl,256KB,0,llbp_fwd_chosen,0
ijpeg,tscl,256KB,0,llbp_rev_chosen,0
ijpeg,tscl,256KB,1,lookups,2285083
ijpeg,tscl,256KB,1,updates,2283771
ijpeg,tscl,256KB,1,addr_hits,2283045
ijpeg,tscl,256KB,1,dir_hits,2283318
ijpeg,tscl,256KB,1,misses,453
ijpeg,tscl,256KB,1,jr_hits,427542
ijpeg,tscl,256KB,1,jr_seen,427686
ijpeg,tscl,256KB,1,jr_non_ras_hits.PP,138
ijpeg,tscl,256KB,1,jr_non_ras_seen.PP,139
ijpeg,tscl,256KB,1,bpred_addr_rate,0.9997
ijpeg,tscl,256KB,1,bpred_dir_rate,0.9998
ijpeg,tscl,256KB,1,bpred_jr_rate,0.9997
ijpeg,tscl,256KB,1,bpred_jr_non_ras_rate.PP,0.9928
ijpeg,tscl,256KB,1,retstack_pushes,428019
ijpeg,tscl,256KB,1,retstack_pops,427654
ijpeg,tscl,256KB,1,used_ras.PP,427547
ijpeg,tscl,256KB,1,ras_hits.PP,427404
ijpeg,tscl,256KB,1,ras_rate.PP,0.9997
ijpeg,tscl,256KB,1,reverse_lookups,2283771
ijpeg,tscl,256KB,1,reverse_updates,2283771
ijpeg,tscl,256KB,1,reverse_addr_hits,2283768
ijpeg,tscl,256KB,1,reverse_dir_hits,2283768
ijpeg,tscl,256KB,1,reverse_misses,3
ijpeg,tscl,256KB,1,reverse_jr_hits,427686
ijpeg,tscl,256KB,1,reverse_jr_seen,427686
ijpeg,tscl,256KB,1,reverse_jr_non_ras_hits.PP,139
ijpeg,tscl,256KB,1,reverse_jr_non_ras_seen.PP,139
ijpeg,tscl,256KB,1,reverse_bpred_addr_rate,1.0000
ijpeg,tscl,256KB,1,reverse_bpred_dir_rate,1.0000
ijpeg,tscl,256KB,1,reverse_bpred_jr_rate,1.0000
ijpeg,tscl,256KB,1,reverse_bpred_jr_non_ras_rate.PP,1.0000
ijpeg,tscl,256KB,1,reverse_retstack_pushes,427547
ijpeg,tscl,256KB,1,reverse_retstack_pops,427553
ijpeg,tscl,256KB,1,reverse_used_ras.PP,427547
ijpeg,tscl,256KB,1,reverse_ras_hits.PP,427547
ijpeg,tscl,256KB,1,reverse_ras_rate.PP,1.0000
ijpeg,tscl,256KB,1,ob_fwd_lookups,0
ijpeg,tscl,256KB,1,ob_fwd_hits,0
ijpeg,tscl,256KB,1,ob_fwd_chosen,0
ijpeg,tscl,256KB,1,ob_fwd_correct,0
ijpeg,tscl,256KB,1,ob_rev_lookups,3004972
ijpeg,tscl,256KB,1,ob_rev_hits,524288
ijpeg,tscl,256KB,1,ob_rev_chosen,0
ijpeg,tscl,256KB,1,ob_rev_correct,262144
ijpeg,tscl,256KB,1,fhb_fwd_lookups,0
ijpeg,tscl,256KB,1,fhb_rev_lookups,3004972
ijpeg,tscl,256KB,1,fhb_fwd_valid_out,1001478
ijpeg,tscl,256KB,1,fhb_rev_valid_out,1001495
ijpeg,tscl,256KB,1,fhb_fwd_pred_uses,0
ijpeg,tscl,256KB,1,fhb_rev_pred_uses,0
ijpeg,tscl,256KB,1,fhb_fwd_update_uses,0
ijpeg,tscl,256KB,1,fhb_rev_update_uses,0
ijpeg,tscl,256KB,1,fhb_fwd_writes,1001495
ijpeg,tscl,256KB,1,fhb_rev_writes,1001495
ijpeg,tscl,256KB,1,fhb_fwd_ob_bypassed,0
ijpeg,tscl,256KB,1,fhb_rev_ob_bypassed,1052116
ijpeg,tscl,256KB,1,fhb_fwd_oht_bypassed,0
ijpeg,tscl,256KB,1,fhb_rev_oht_bypassed,1052116
ijpeg,tscl,256KB,1,oht_fwd_lookups,0
ijpeg,tscl,256KB,1,oht_fwd_hits,0
ijpeg,tscl,256KB,1,oht_fwd_chosen,0
ijpeg,tscl,256KB,1,oht_fwd_correct,0
ijpeg,tscl,256KB,1,oht_rev_lookups,3004972
ijpeg,tscl,256KB,1,oht_rev_hits,527828
ijpeg,tscl,256KB,1,oht_rev_chosen,0
ijpeg,tscl,256KB,1,oht_rev_correct,527825
ijpeg,tscl,256KB,1,frmt_fwd_lookups,0
ijpeg,tscl,256KB,1,frmt_fwd_hits,0
ijpeg,tscl,256KB,1,frmt_fwd_misses,0
ijpeg,tscl,256KB,1,frmt_rev_lookups,9136396
ijpeg,tscl,256KB,1,frmt_rev_hits,4006284
ijpeg,tscl,256KB,1,frmt_rev_misses,5130112
ijpeg,tscl,256KB,1,tage_fwd_lookups,7015869
ijpeg,tscl,256KB,1,tage_rev_lookups,0
ijpeg,tscl,256KB,1,tage_fwd_tag_matches,427806
ijpeg,tscl,256KB,1,tage_rev_tag_matches,0
ijpeg,tscl,256KB,1,sc_fwd_lookups,8013908
ijpeg,tscl,256KB,1,sc_rev_lookups,0
ijpeg,tscl,256KB,1,sc_fwd_inversions,0
ijpeg,tscl,256KB,1,sc_rev_inversions,0
ijpeg,tscl,256KB,1,sc_fwd_threshold_checks,2003477
ijpeg,tscl,256KB,1,sc_rev_threshold_checks,0
ijpeg,tscl,256KB,1,sc_fwd_threshold_pass,0
ijpeg,tscl,256KB,1,sc_rev_threshold_pass,0
ijpeg,tscl,256KB,1,sc_fwd_updates,0
ijpeg,tscl,256KB,1,sc_rev_updates,0
ijpeg,tscl,256KB,1,loop_fwd_lookups,2003477
ijpeg,tscl,256KB,1,loop_rev_lookups,2003477
ijpeg,tscl,256KB,1,loop_fwd_hits,0
ijpeg,tscl,256KB,1,loop_rev_hits,0
ijpeg,tscl,256KB,1,loop_fwd_chosen,0
ijpeg,tscl,256KB,1,loop_rev_chosen,0
ijpeg,tscl,256KB,1,llbp_fwd_lookups,0
ijpeg,tscl,256KB,1,llbp_rev_lookups,0
ijpeg,tscl,256KB,1,llbp_fwd_hits,0
ijpeg,tscl,256KB,1,llbp_rev_hits,0
ijpeg,tscl,256KB,1,llbp_fwd_chosen,0
ijpeg,tscl,256KB,1,llbp_rev_chosen,0
ijpeg,tscl,32KB,0,lookups,2285087
ijpeg,tscl,32KB,0,updates,2283771
ijpeg,tscl,32KB,0,addr_hits,2283044
ijpeg,tscl,32KB,0,dir_hits,2283318
ijpeg,tscl,32KB,0,misses,453
ijpeg,tscl,32KB,0,jr_hits,427542
ijpeg,tscl,32KB,0,jr_seen,427686
ijpeg,tscl,32KB,0,jr_non_ras_hits.PP,138
ijpeg,tscl,32KB,0,jr_non_ras_seen.PP,139
ijpeg,tscl,32KB,0,bpred_addr_rate,0.9997
ijpeg,tscl,32KB,0,bpred_dir_rate,0.9998
ijpeg,tscl,32KB,0,bpred_jr_rate,0.9997
ijpeg,tscl,32KB,0,bpred_jr_non_ras_rate.PP,0.9928
ijpeg,tscl,32KB,0,retstack_pushes,428020
ijpeg,tscl,32KB,0,retstack_pops,427654
ijpeg,tscl,32KB,0,used_ras.PP,427547
ijpeg,tscl,32KB,0,ras_hits.PP,427404
ijpeg,tscl,32KB,0,ras_rate.PP,0.9997
ijpeg,tscl,32KB,0,reverse_lookups,2283771
ijpeg,tscl,32KB,0,reverse_updates,2283771
ijpeg,tscl,32KB,0,reverse_addr_hits,2283768
ijpeg,tscl,32KB,0,reverse_dir_hits,2283768
ijpeg,tscl,32KB,0,reverse_misses,3
ijpeg,tscl,32KB,0,reverse_jr_hits,427686
ijpeg,tscl,32KB,0,reverse_jr_seen,427686
ijpeg,tscl,32KB,0,reverse_jr_non_ras_hits.PP,139
ijpeg,tscl,32KB,0,reverse_jr_non_ras_seen.PP,139
ijpeg,tscl,32KB,0,reverse_bpred_addr_rate,1.0000
ijpeg,tscl,32KB,0,reverse_bpred_dir_rate,1.0000
ijpeg,tscl,32KB,0,reverse_bpred_jr_rate,1.0000
ijpeg,tscl,32KB,0,reverse_bpred_jr_non_ras_rate.PP,1.0000
ijpeg,tscl,32KB,0,reverse_retstack_pushes,427547
ijpeg,tscl,32KB,0,reverse_retstack_pops,427553
ijpeg,tscl,32KB,0,reverse_used_ras.PP,427547
ijpeg,tscl,32KB,0,reverse_ras_hits.PP,427547
ijpeg,tscl,32KB,0,reverse_ras_rate.PP,1.0000
ijpeg,tscl,32KB,0,ob_fwd_lookups,0
ijpeg,tscl,32KB,0,ob_fwd_hits,0
ijpeg,tscl,32KB,0,ob_fwd_chosen,0
ijpeg,tscl,32KB,0,ob_fwd_correct,0
ijpeg,tscl,32KB,0,ob_rev_lookups,3004975
ijpeg,tscl,32KB,0,ob_rev_hits,65536
ijpeg,tscl,32KB,0,ob_rev_chosen,0
ijpeg,tscl,32KB,0,ob_rev_correct,32768
ijpeg,tscl,32KB,0,fhb_fwd_lookups,0
ijpeg,tscl,32KB,0,fhb_rev_lookups,3004975
ijpeg,tscl,32KB,0,fhb_fwd_valid_out,1001478
ijpeg,tscl,32KB,0,fhb_rev_valid_out,1001495
ijpeg,tscl,32KB,0,fhb_fwd_pred_uses,0
ijpeg,tscl,32KB,0,fhb_rev_pred_uses,0
ijpeg,tscl,32KB,0,fhb_fwd_update_uses,6008868
ijpeg,tscl,32KB,0,fhb_rev_update_uses,12017736
ijpeg,tscl,32KB,0,fhb_fwd_writes,1001495
ijpeg,tscl,32KB,0,fhb_rev_writes,1001495
ijpeg,tscl,32KB,0,fhb_fwd_ob_bypassed,0
ijpeg,tscl,32KB,0,fhb_rev_ob_bypassed,65536
ijpeg,tscl,32KB,0,fhb_fwd_oht_bypassed,0
ijpeg,tscl,32KB,0,fhb_rev_oht_bypassed,65536
ijpeg,tscl,32KB,0,oht_fwd_lookups,0
ijpeg,tscl,32KB,0,oht_fwd_hits,0
ijpeg,tscl,32KB,0,oht_fwd_chosen,0
ijpeg,tscl,32KB,0,oht_fwd_correct,0
ijpeg,tscl,32KB,0,oht_rev_lookups,3004975
ijpeg,tscl,32KB,0,oht_rev_hits,968727
ijpeg,tscl,32KB,0,oht_rev_chosen,0
ijpeg,tscl,32KB,0,oht_rev_correct,968724
ijpeg,tscl,32KB,0,frmt_fwd_lookups,0
ijpeg,tscl,32KB,0,frmt_fwd_hits,0
ijpeg,tscl,32KB,0,frmt_fwd_misses,0
ijpeg,tscl,32KB,0,frmt_rev_lookups,0
ijpeg,tscl,32KB,0,frmt_rev_hits,0
ijpeg,tscl,32KB,0,frmt_rev_misses,0
ijpeg,tscl,32KB,0,tage_fwd_lookups,7301417
ijpeg,tscl,32KB,0,tage_rev_lookups,0
ijpeg,tscl,32KB,0,tage_fwd_tag_matches,284887
ijpeg,tscl,32KB,0,tage_rev_tag_matches,0
ijpeg,tscl,32KB,0,sc_fwd_lookups,8013920
ijpeg,tscl,32KB,0,sc_rev_lookups,0
ijpeg,tscl,32KB,0,sc_fwd_inversions,1113
ijpeg,tscl,32KB,0,sc_rev_inversions,0
ijpeg,tscl,32KB,0,sc_fwd_threshold_checks,2003480
ijpeg,tscl,32KB,0,sc_rev_threshold_checks,0
ijpeg,tscl,32KB,0,sc_fwd_threshold_pass,1113
ijpeg,tscl,32KB,0,sc_rev_threshold_pass,0
ijpeg,tscl,32KB,0,sc_fwd_updates,4005912
ijpeg,tscl,32KB,0,sc_rev_updates,1001478
ijpeg,tscl,32KB,0,loop_fwd_lookups,2003480
ijpeg,tscl,32KB,0,loop_rev_lookups,2003480
ijpeg,tscl,32KB,0,loop_fwd_hits,0
ijpeg,tscl,32KB,0,loop_rev_hits,0
ijpeg,tscl,32KB,0,loop_fwd_chosen,0
ijpeg,tscl,32KB,0,loop_rev_chosen,0
ijpeg,tscl,32KB,0,llbp_fwd_lookups,0
ijpeg,tscl,32KB,0,llbp_rev_lookups,0
ijpeg,tscl,32KB,0,llbp_fwd_hits,0
ijpeg,tscl,32KB,0,llbp_rev_hits,0
ijpeg,tscl,32KB,0,llbp_fwd_chosen,0
ijpeg,tscl,32KB,0,llbp_rev_chosen,0
ijpeg,tscl,32KB,1,lookups,2285087
ijpeg,tscl,32KB,1,updates,2283771
ijpeg,tscl,32KB,1,addr_hits,2282943
ijpeg,tscl,32KB,1,dir_hits,2283216
ijpeg,tscl,32KB,1,misses,555
ijpeg,tscl,32KB,1,jr_hits,427542
ijpeg,tscl,32KB,1,jr_seen,427686
ijpeg,tscl,32KB,1,jr_non_ras_hits.PP,138
ijpeg,tscl,32KB,1,jr_non_ras_seen.PP,139
ijpeg,tscl,32KB,1,bpred_addr_rate,0.9996
ijpeg,tscl,32KB,1,bpred_dir_rate,0.9998
ijpeg,tscl,32KB,1,bpred_jr_rate,0.9997
ijpeg,tscl,32KB,1,bpred_jr_non_ras_rate.PP,0.9928
ijpeg,tscl,32KB,1,retstack_pushes,428020
ijpeg,tscl,32KB,1,retstack_pops,427654
ijpeg,tscl,32KB,1,used_ras.PP,427547
ijpeg,tscl,32KB,1,ras_hits.PP,427404
ijpeg,tscl,32KB,1,ras_rate.PP,0.9997
ijpeg,tscl,32KB,1,reverse_lookups,2283771
ijpeg,tscl,32KB,1,reverse_updates,2283771
ijpeg,tscl,32KB,1,reverse_addr_hits,2283766
ijpeg,tscl,32KB,1,reverse_dir_hits,2283766
ijpeg,tscl,32KB,1,reverse_misses,5
ijpeg,tscl,32KB,1,reverse_jr_hits,427686
ijpeg,tscl,32KB,1,reverse_jr_seen,427686
ijpeg,tscl,32KB,1,reverse_jr_non_ras_hits.PP,139
ijpeg,tscl,32KB,1,reverse_jr_non_ras_seen.PP,139
ijpeg,tscl,32KB,1,reverse_bpred_addr_rate,1.0000
ijpeg,tscl,32KB,1,reverse_bpred_dir_rate,1.0000
ijpeg,tscl,32KB,1,reverse_bpred_jr_rate,1.0000
ijpeg,tscl,32KB,1,reverse_bpred_jr_non_ras_rate.PP,1.0000
ijpeg,tscl,32KB,1,reverse_retstack_pushes,427547
ijpeg,tscl,32KB,1,reverse_retstack_pops,427553
ijpeg,tscl,32KB,1,reverse_used_ras.PP,427547
ijpeg,tscl,32KB,1,reverse_ras_hits.PP,427547
ijpeg,tscl,32KB,1,reverse_ras_rate.PP,1.0000
ijpeg,tscl,32KB,1,ob_fwd_lookups,0
ijpeg,tscl,32KB,1,ob_fwd_hits,0
ijpeg,tscl,32KB,1,ob_fwd_chosen,0
ijpeg,tscl,32KB,1,ob_fwd_correct,0
ijpeg,tscl,32KB,1,ob_rev_lookups,3004975
ijpeg,tscl,32KB,1,ob_rev_hits,65536
ijpeg,tscl,32KB,1,ob_rev_chosen,0
ijpeg,tscl,32KB,1,ob_rev_correct,32768
ijpeg,tscl,32KB,1,fhb_fwd_lookups,0
ijpeg,tscl,32KB,1,fhb_rev_lookups,3004975
ijpeg,tscl,32KB,1,fhb_fwd_valid_out,1001478
ijpeg,tscl,32KB,1,fhb_rev_valid_out,1001495
ijpeg,tscl,32KB,1,fhb_fwd_pred_uses,0
ijpeg,tscl,32KB,1,fhb_rev_pred_uses,0
ijpeg,tscl,32KB,1,fhb_fwd_update_uses,0
ijpeg,tscl,32KB,1,fhb_rev_update_uses,0
ijpeg,tscl,32KB,1,fhb_fwd_writes,1001495
ijpeg,tscl,32KB,1,fhb_rev_writes,1001495
ijpeg,tscl,32KB,1,fhb_fwd_ob_bypassed,0
ijpeg,tscl,32KB,1,fhb_rev_ob_bypassed,757173
ijpeg,tscl,32KB,1,fhb_fwd_oht_bypassed,0
ijpeg,tscl,32KB,1,fhb_rev_oht_bypassed,757173
ijpeg,tscl,32KB,1,oht_fwd_lookups,0
ijpeg,tscl,32KB,1,oht_fwd_hits,0
ijpeg,tscl,32KB,1,oht_fwd_chosen,0
ijpeg,tscl,32KB,1,oht_fwd_correct,0
ijpeg,tscl,32KB,1,oht_rev_lookups,3004975
ijpeg,tscl,32KB,1,oht_rev_hits,691637
ijpeg,tscl,32KB,1,oht_rev_chosen,0
ijpeg,tscl,32KB,1,oht_rev_correct,691634
ijpeg,tscl,32KB,1,frmt_fwd_lookups,0
ijpeg,tscl,32KB,1,frmt_fwd_hits,0
ijpeg,tscl,32KB,1,frmt_fwd_misses,0
ijpeg,tscl,32KB,1,frmt_rev_lookups,9136400
ijpeg,tscl,32KB,1,frmt_rev_hits,4006813
ijpeg,tscl,32KB,1,frmt_rev_misses,5129587
ijpeg,tscl,32KB,1,tage_fwd_lookups,6734193
ijpeg,tscl,32KB,1,tage_rev_lookups,0
ijpeg,tscl,32KB,1,tage_fwd_tag_matches,709863
ijpeg,tscl,32KB,1,tage_rev_tag_matches,0
ijpeg,tscl,32KB,1,sc_fwd_lookups,8013920
ijpeg,tscl,32KB,1,sc_rev_lookups,0
ijpeg,tscl,32KB,1,sc_fwd_inversions,240
ijpeg,tscl,32KB,1,sc_rev_inversions,0
ijpeg,tscl,32KB,1,sc_fwd_threshold_checks,2003480
ijpeg,tscl,32KB,1,sc_rev_threshold_checks,0
ijpeg,tscl,32KB,1,sc_fwd_threshold_pass,240
ijpeg,tscl,32KB,1,sc_rev_threshold_pass,0
ijpeg,tscl,32KB,1,sc_fwd_updates,0
ijpeg,tscl,32KB,1,sc_rev_updates,0
ijpeg,tscl,32KB,1,loop_fwd_lookups,2003480
ijpeg,tscl,32KB,1,loop_rev_lookups,2003480
ijpeg,tscl,32KB,1,loop_fwd_hits,0
ijpeg,tscl,32KB,1,loop_rev_hits,0
ijpeg,tscl,32KB,1,loop_fwd_chosen,0
ijpeg,tscl,32KB,1,loop_rev_chosen,0
ijpeg,tscl,32KB,1,llbp_fwd_lookups,0
ijpeg,tscl,32KB,1,llbp_rev_lookups,0
ijpeg,tscl,32KB,1,llbp_fwd_hits,0
ijpeg,tscl,32KB,1,llbp_rev_hits,0
ijpeg,tscl,32KB,1,llbp_fwd_chosen,0
ijpeg,tscl,32KB,1,llbp_rev_chosen,0
ijpeg,tscl,512KB,0,lookups,2285087
ijpeg,tscl,512KB,0,updates,2283771
ijpeg,tscl,512KB,0,addr_hits,2283044
ijpeg,tscl,512KB,0,dir_hits,2283318
ijpeg,tscl,512KB,0,misses,453
ijpeg,tscl,512KB,0,jr_hits,427542
ijpeg,tscl,512KB,0,jr_seen,427686
ijpeg,tscl,512KB,0,jr_non_ras_hits.PP,138
ijpeg,tscl,512KB,0,jr_non_ras_seen.PP,139
ijpeg,tscl,512KB,0,bpred_addr_rate,0.9997
ijpeg,tscl,512KB,0,bpred_dir_rate,0.9998
ijpeg,tscl,512KB,0,bpred_jr_rate,0.9997
ijpeg,tscl,512KB,0,bpred_jr_non_ras_rate.PP,0.9928
ijpeg,tscl,512KB,0,retstack_pushes,428020
ijpeg,tscl,512KB,0,retstack_pops,427654
ijpeg,tscl,512KB,0,used_ras.PP,427547
ijpeg,tscl,512KB,0,ras_hits.PP,427404
ijpeg,tscl,512KB,0,ras_rate.PP,0.9997
ijpeg,tscl,512KB,0,reverse_lookups,2283771
ijpeg,tscl,512KB,0,reverse_updates,2283771
ijpeg,tscl,512KB,0,reverse_addr_hits,2283768
ijpeg,tscl,512KB,0,reverse_dir_hits,2283768
ijpeg,tscl,512KB,0,reverse_misses,3
ijpeg,tscl,512KB,0,reverse_jr_hits,427686
ijpeg,tscl,512KB,0,reverse_jr_seen,427686
ijpeg,tscl,512KB,0,reverse_jr_non_ras_hits.PP,139
ijpeg,tscl,512KB,0,reverse_jr_non_ras_seen.PP,139
ijpeg,tscl,512KB,0,reverse_bpred_addr_rate,1.0000
ijpeg,tscl,512KB,0,reverse_bpred_dir_rate,1.0000
ijpeg,tscl,512KB,0,reverse_bpred_jr_rate,1.0000
ijpeg,tscl,512KB,0,reverse_bpred_jr_non_ras_rate.PP,1.0000
ijpeg,tscl,512KB,0,reverse_retstack_pushes,427547
ijpeg,tscl,512KB,0,reverse_retstack_pops,427553
ijpeg,tscl,512KB,0,reverse_used_ras.PP,427547
ijpeg,tscl,512KB,0,reverse_ras_hits.PP,427547
ijpeg,tscl,512KB,0,reverse_ras_rate.PP,1.0000
ijpeg,tscl,512KB,0,ob_fwd_lookups,0
ijpeg,tscl,512KB,0,ob_fwd_hits,0
ijpeg,tscl,512KB,0,ob_fwd_chosen,0
ijpeg,tscl,512KB,0,ob_fwd_correct,0
ijpeg,tscl,512KB,0,ob_rev_lookups,3004975
ijpeg,tscl,512KB,0,ob_rev_hits,1048576
ijpeg,tscl,512KB,0,ob_rev_chosen,0
ijpeg,tscl,512KB,0,ob_rev_correct,524288
ijpeg,tscl,512KB,0,fhb_fwd_lookups,0
ijpeg,tscl,512KB,0,fhb_rev_lookups,3004975
ijpeg,tscl,512KB,0,fhb_fwd_valid_out,1001478
ijpeg,tscl,512KB,0,fhb_rev_valid_out,1001495
ijpeg,tscl,512KB,0,fhb_fwd_pred_uses,0
ijpeg,tscl,512KB,0,fhb_rev_pred_uses,0
ijpeg,tscl,512KB,0,fhb_fwd_update_uses,6008868
ijpeg,tscl,512KB,0,fhb_rev_update_uses,12017736
ijpeg,tscl,512KB,0,fhb_fwd_writes,1001495
ijpeg,tscl,512KB,0,fhb_rev_writes,1001495
ijpeg,tscl,512KB,0,fhb_fwd_ob_bypassed,0
ijpeg,tscl,512KB,0,fhb_rev_ob_bypassed,1048576
ijpeg,tscl,512KB,0,fhb_fwd_oht_bypassed,0
ijpeg,tscl,512KB,0,fhb_rev_oht_bypassed,1048576
ijpeg,tscl,512KB,0,oht_fwd_lookups,0
ijpeg,tscl,512KB,0,oht_fwd_hits,0
ijpeg,tscl,512KB,0,oht_fwd_chosen,0
ijpeg,tscl,512KB,0,oht_fwd_correct,0
ijpeg,tscl,512KB,0,oht_rev_lookups,3004975
ijpeg,tscl,512KB,0,oht_rev_hits,477207
ijpeg,tscl,512KB,0,oht_rev_chosen,0
ijpeg,tscl,512KB,0,oht_rev_correct,477204
ijpeg,tscl,512KB,0,frmt_fwd_lookups,0
ijpeg,tscl,512KB,0,frmt_fwd_hits,0
ijpeg,tscl,512KB,0,frmt_fwd_misses,0
ijpeg,tscl,512KB,0,frmt_rev_lookups,0
ijpeg,tscl,512KB,0,frmt_rev_hits,0
ijpeg,tscl,512KB,0,frmt_rev_misses,0
ijpeg,tscl,512KB,0,tage_fwd_lookups,7301417
ijpeg,tscl,512KB,0,tage_rev_lookups,0
ijpeg,tscl,512KB,0,tage_fwd_tag_matches,284887
ijpeg,tscl,512KB,0,tage_rev_tag_matches,0
ijpeg,tscl,512KB,0,sc_fwd_lookups,8013920
ijpeg,tscl,512KB,0,sc_rev_lookups,0
ijpeg,tscl,512KB,0,sc_fwd_inversions,1113
ijpeg,tscl,512KB,0,sc_rev_inversions,0
ijpeg,tscl,512KB,0,sc_fwd_threshold_checks,2003480
ijpeg,tscl,512KB,0,sc_rev_threshold_checks,0
ijpeg,tscl,512KB,0,sc_fwd_threshold_pass,1113
ijpeg,tscl,512KB,0,sc_rev_threshold_pass,0
ijpeg,tscl,512KB,0,sc_fwd_updates,4005912
ijpeg,tscl,512KB,0,sc_rev_updates,1001478
ijpeg,tscl,512KB,0,loop_fwd_lookups,2003480
ijpeg,tscl,512KB,0,loop_rev_lookups,2003480
ijpeg,tscl,512KB,0,loop_fwd_hits,0
ijpeg,tscl,512KB,0,loop_rev_hits,0
ijpeg,tscl,512KB,0,loop_fwd_chosen,0
ijpeg,tscl,512KB,0,loop_rev_chosen,0
ijpeg,tscl,512KB,0,llbp_fwd_lookups,0
ijpeg,tscl,512KB,0,llbp_rev_lookups,0
ijpeg,tscl,512KB,0,llbp_fwd_hits,0
ijpeg,tscl,512KB,0,llbp_rev_hits,0
ijpeg,tscl,512KB,0,llbp_fwd_chosen,0
ijpeg,tscl,512KB,0,llbp_rev_chosen,0
ijpeg,tscl,512KB,1,lookups,2285083
ijpeg,tscl,512KB,1,updates,2283771
ijpeg,tscl,512KB,1,addr_hits,2283045
ijpeg,tscl,512KB,1,dir_hits,2283318
ijpeg,tscl,512KB,1,misses,453
ijpeg,tscl,512KB,1,jr_hits,427542
ijpeg,tscl,512KB,1,jr_seen,427686
ijpeg,tscl,512KB,1,jr_non_ras_hits.PP,138
ijpeg,tscl,512KB,1,jr_non_ras_seen.PP,139
ijpeg,tscl,512KB,1,bpred_addr_rate,0.9997
ijpeg,tscl,512KB,1,bpred_dir_rate,0.9998
ijpeg,tscl,512KB,1,bpred_jr_rate,0.9997
ijpeg,tscl,512KB,1,bpred_jr_non_ras_rate.PP,0.9928
ijpeg,tscl,512KB,1,retstack_pushes,428019
ijpeg,tscl,512KB,1,retstack_pops,427654
ijpeg,tscl,512KB,1,used_ras.PP,427547
ijpeg,tscl,512KB,1,ras_hits.PP,427404
ijpeg,tscl,512KB,1,ras_rate.PP,0.9997
ijpeg,tscl,512KB,1,reverse_lookups,2283771
ijpeg,tscl,512KB,1,reverse_updates,2283771
ijpeg,tscl,512KB,1,reverse_addr_hits,2283768
ijpeg,tscl,512KB,1,reverse_dir_hits,2283768
ijpeg,tscl,512KB,1,reverse_misses,3
ijpeg,tscl,512KB,1,reverse_jr_hits,427686
ijpeg,tscl,512KB,1,reverse_jr_seen,427686
ijpeg,tscl,512KB,1,reverse_jr_non_ras_hits.PP,139
ijpeg,tscl,512KB,1,reverse_jr_non_ras_seen.PP,139
ijpeg,tscl,512KB,1,reverse_bpred_addr_rate,1.0000
ijpeg,tscl,512KB,1,reverse_bpred_dir_rate,1.0000
ijpeg,tscl,512KB,1,reverse_bpred_jr_rate,1.0000
ijpeg,tscl,512KB,1,reverse_bpred_jr_non_ras_rate.PP,1.0000
ijpeg,tscl,512KB,1,reverse_retstack_pushes,427547
ijpeg,tscl,512KB,1,reverse_retstack_pops,427553
ijpeg,tscl,512KB,1,reverse_used_ras.PP,427547
ijpeg,tscl,512KB,1,reverse_ras_hits.PP,427547
ijpeg,tscl,512KB,1,reverse_ras_rate.PP,1.0000
ijpeg,tscl,512KB,1,ob_fwd_lookups,0
ijpeg,tscl,512KB,1,ob_fwd_hits,0
ijpeg,tscl,512KB,1,ob_fwd_chosen,0
ijpeg,tscl,512KB,1,ob_fwd_correct,0
ijpeg,tscl,512KB,1,ob_rev_lookups,3004972
ijpeg,tscl,512KB,1,ob_rev_hits,1048576
ijpeg,tscl,512KB,1,ob_rev_chosen,0
ijpeg,tscl,512KB,1,ob_rev_correct,524288
ijpeg,tscl,512KB,1,fhb_fwd_lookups,0
ijpeg,tscl,512KB,1,fhb_rev_lookups,3004972
ijpeg,tscl,512KB,1,fhb_fwd_valid_out,1001478
ijpeg,tscl,512KB,1,fhb_rev_valid_out,1001495
ijpeg,tscl,512KB,1,fhb_fwd_pred_uses,0
ijpeg,tscl,512KB,1,fhb_rev_pred_uses,0
ijpeg,tscl,512KB,1,fhb_fwd_update_uses,0
ijpeg,tscl,512KB,1,fhb_rev_update_uses,0
ijpeg,tscl,512KB,1,fhb_fwd_writes,1001495
ijpeg,tscl,512KB,1,fhb_rev_writes,1001495
ijpeg,tscl,512KB,1,fhb_fwd_ob_bypassed,0
ijpeg,tscl,512KB,1,fhb_rev_ob_bypassed,1389034
ijpeg,tscl,512KB,1,fhb_fwd_oht_bypassed,0
ijpeg,tscl,512KB,1,fhb_rev_oht_bypassed,1389034
ijpeg,tscl,512KB,1,oht_fwd_lookups,0
ijpeg,tscl,512KB,1,oht_fwd_hits,0
ijpeg,tscl,512KB,1,oht_fwd_chosen,0
ijpeg,tscl,512KB,1,oht_fwd_correct,0
ijpeg,tscl,512KB,1,oht_rev_lookups,3004972
ijpeg,tscl,512KB,1,oht_rev_hits,340458
ijpeg,tscl,512KB,1,oht_rev_chosen,0
ijpeg,tscl,512KB,1,oht_rev_correct,340455
ijpeg,tscl,512KB,1,frmt_fwd_lookups,0
ijpeg,tscl,512KB,1,frmt_fwd_hits,0
ijpeg,tscl,512KB,1,frmt_fwd_misses,0
ijpeg,tscl,512KB,1,frmt_rev_lookups,9136396
ijpeg,tscl,512KB,1,frmt_rev_hits,4006284
ijpeg,tscl,512KB,1,frmt_rev_misses,5130112
ijpeg,tscl,512KB,1,tage_fwd_lookups,7015869
ijpeg,tscl,512KB,1,tage_rev_lookups,0
ijpeg,tscl,512KB,1,tage_fwd_tag_matches,427806
ijpeg,tscl,512KB,1,tage_rev_tag_matches,0
ijpeg,tscl,512KB,1,sc_fwd_lookups,8013908
ijpeg,tscl,512KB,1,sc_rev_lookups,0
ijpeg,tscl,512KB,1,sc_fwd_inversions,1
ijpeg,tscl,512KB,1,sc_rev_inversions,0
ijpeg,tscl,512KB,1,sc_fwd_threshold_checks,2003477
ijpeg,tscl,512KB,1,sc_rev_threshold_checks,0
ijpeg,tscl,512KB,1,sc_fwd_threshold_pass,1
ijpeg,tscl,512KB,1,sc_rev_threshold_pass,0
ijpeg,tscl,512KB,1,sc_fwd_updates,0
ijpeg,tscl,512KB,1,sc_rev_updates,0
ijpeg,tscl,512KB,1,loop_fwd_lookups,2003477
ijpeg,tscl,512KB,1,loop_rev_lookups,2003477
ijpeg,tscl,512KB,1,loop_fwd_hits,0
ijpeg,tscl,512KB,1,loop_rev_hits,0
ijpeg,tscl,512KB,1,loop_fwd_chosen,0
ijpeg,tscl,512KB,1,loop_rev_chosen,0
ijpeg,tscl,512KB,1,llbp_fwd_lookups,0
ijpeg,tscl,512KB,1,llbp_rev_lookups,0
ijpeg,tscl,512KB,1,llbp_fwd_hits,0
ijpeg,tscl,512KB,1,llbp_rev_hits,0
ijpeg,tscl,512KB,1,llbp_fwd_chosen,0
ijpeg,tscl,512KB,1,llbp_rev_chosen,0
ijpeg,tscl,64KB,0,lookups,2285087
ijpeg,tscl,64KB,0,updates,2283771
ijpeg,tscl,64KB,0,addr_hits,2283044
ijpeg,tscl,64KB,0,dir_hits,2283318
ijpeg,tscl,64KB,0,misses,453
ijpeg,tscl,64KB,0,jr_hits,427542
ijpeg,tscl,64KB,0,jr_seen,427686
ijpeg,tscl,64KB,0,jr_non_ras_hits.PP,138
ijpeg,tscl,64KB,0,jr_non_ras_seen.PP,139
ijpeg,tscl,64KB,0,bpred_addr_rate,0.9997
ijpeg,tscl,64KB,0,bpred_dir_rate,0.9998
ijpeg,tscl,64KB,0,bpred_jr_rate,0.9997
ijpeg,tscl,64KB,0,bpred_jr_non_ras_rate.PP,0.9928
ijpeg,tscl,64KB,0,retstack_pushes,428020
ijpeg,tscl,64KB,0,retstack_pops,427654
ijpeg,tscl,64KB,0,used_ras.PP,427547
ijpeg,tscl,64KB,0,ras_hits.PP,427404
ijpeg,tscl,64KB,0,ras_rate.PP,0.9997
ijpeg,tscl,64KB,0,reverse_lookups,2283771
ijpeg,tscl,64KB,0,reverse_updates,2283771
ijpeg,tscl,64KB,0,reverse_addr_hits,2283768
ijpeg,tscl,64KB,0,reverse_dir_hits,2283768
ijpeg,tscl,64KB,0,reverse_misses,3
ijpeg,tscl,64KB,0,reverse_jr_hits,427686
ijpeg,tscl,64KB,0,reverse_jr_seen,427686
ijpeg,tscl,64KB,0,reverse_jr_non_ras_hits.PP,139
ijpeg,tscl,64KB,0,reverse_jr_non_ras_seen.PP,139
ijpeg,tscl,64KB,0,reverse_bpred_addr_rate,1.0000
ijpeg,tscl,64KB,0,reverse_bpred_dir_rate,1.0000
ijpeg,tscl,64KB,0,reverse_bpred_jr_rate,1.0000
ijpeg,tscl,64KB,0,reverse_bpred_jr_non_ras_rate.PP,1.0000
ijpeg,tscl,64KB,0,reverse_retstack_pushes,427547
ijpeg,tscl,64KB,0,reverse_retstack_pops,427553
ijpeg,tscl,64KB,0,reverse_used_ras.PP,427547
ijpeg,tscl,64KB,0,reverse_ras_hits.PP,427547
ijpeg,tscl,64KB,0,reverse_ras_rate.PP,1.0000
ijpeg,tscl,64KB,0,ob_fwd_lookups,0
ijpeg,tscl,64KB,0,ob_fwd_hits,0
ijpeg,tscl,64KB,0,ob_fwd_chosen,0
ijpeg,tscl,64KB,0,ob_fwd_correct,0
ijpeg,tscl,64KB,0,ob_rev_lookups,3004975
ijpeg,tscl,64KB,0,ob_rev_hits,131072
ijpeg,tscl,64KB,0,ob_rev_chosen,0
ijpeg,tscl,64KB,0,ob_rev_correct,65536
ijpeg,tscl,64KB,0,fhb_fwd_lookups,0
ijpeg,tscl,64KB,0,fhb_rev_lookups,3004975
ijpeg,tscl,64KB,0,fhb_fwd_valid_out,1001478
ijpeg,tscl,64KB,0,fhb_rev_valid_out,1001495
ijpeg,tscl,64KB,0,fhb_fwd_pred_uses,0
ijpeg,tscl,64KB,0,fhb_rev_pred_uses,0
ijpeg,tscl,64KB,0,fhb_fwd_update_uses,6008868
ijpeg,tscl,64KB,0,fhb_rev_update_uses,12017736
ijpeg,tscl,64KB,0,fhb_fwd_writes,1001495
ijpeg,tscl,64KB,0,fhb_rev_writes,1001495
ijpeg,tscl,64KB,0,fhb_fwd_ob_bypassed,0
ijpeg,tscl,64KB,0,fhb_rev_ob_bypassed,131072
ijpeg,tscl,64KB,0,fhb_fwd_oht_bypassed,0
ijpeg,tscl,64KB,0,fhb_rev_oht_bypassed,131072
ijpeg,tscl,64KB,0,oht_fwd_lookups,0
ijpeg,tscl,64KB,0,oht_fwd_hits,0
ijpeg,tscl,64KB,0,oht_fwd_chosen,0
ijpeg,tscl,64KB,0,oht_fwd_correct,0
ijpeg,tscl,64KB,0,oht_rev_lookups,3004975
ijpeg,tscl,64KB,0,oht_rev_hits,935959
ijpeg,tscl,64KB,0,oht_rev_chosen,0
ijpeg,tscl,64KB,0,oht_rev_correct,935956
ijpeg,tscl,64KB,0,frmt_fwd_lookups,0
ijpeg,tscl,64KB,0,frmt_fwd_hits,0
ijpeg,tscl,64KB,0,frmt_fwd_misses,0
ijpeg,tscl,64KB,0,frmt_rev_lookups,0
ijpeg,tscl,64KB,0,frmt_rev_hits,0
ijpeg,tscl,64KB,0,frmt_rev_misses,0
ijpeg,tscl,64KB,0,tage_fwd_lookups,7301417
ijpeg,tscl,64KB,0,tage_rev_lookups,0
ijpeg,tscl,64KB,0,tage_fwd_tag_matches,284887
ijpeg,tscl,64KB,0,tage_rev_tag_matches,0
ijpeg,tscl,64KB,0,sc_fwd_lookups,8013920
ijpeg,tscl,64KB,0,sc_rev_lookups,0
ijpeg,tscl,64KB,0,sc_fwd_inversions,1113
ijpeg,tscl,64KB,0,sc_rev_inversions,0
ijpeg,tscl,64KB,0,sc_fwd_threshold_checks,2003480
ijpeg,tscl,64KB,0,sc_rev_threshold_checks,0
ijpeg,tscl,64KB,0,sc_fwd_threshold_pass,1113
ijpeg,tscl,64KB,0,sc_rev_threshold_pass,0
ijpeg,tscl,64KB,0,sc_fwd_updates,4005912
ijpeg,tscl,64KB,0,sc_rev_updates,1001478
ijpeg,tscl,64KB,0,loop_fwd_lookups,2003480
ijpeg,tscl,64KB,0,loop_rev_lookups,2003480
ijpeg,tscl,64KB,0,loop_fwd_hits,0
ijpeg,tscl,64KB,0,loop_rev_hits,0
ijpeg,tscl,64KB,0,loop_fwd_chosen,0
ijpeg,tscl,64KB,0,loop_rev_chosen,0
ijpeg,tscl,64KB,0,llbp_fwd_lookups,0
ijpeg,tscl,64KB,0,llbp_rev_lookups,0
ijpeg,tscl,64KB,0,llbp_fwd_hits,0
ijpeg,tscl,64KB,0,llbp_rev_hits,0
ijpeg,tscl,64KB,0,llbp_fwd_chosen,0
ijpeg,tscl,64KB,0,llbp_rev_chosen,0
ijpeg,tscl,64KB,1,lookups,2285083
ijpeg,tscl,64KB,1,updates,2283771
ijpeg,tscl,64KB,1,addr_hits,2283045
ijpeg,tscl,64KB,1,dir_hits,2283318
ijpeg,tscl,64KB,1,misses,453
ijpeg,tscl,64KB,1,jr_hits,427542
ijpeg,tscl,64KB,1,jr_seen,427686
ijpeg,tscl,64KB,1,jr_non_ras_hits.PP,138
ijpeg,tscl,64KB,1,jr_non_ras_seen.PP,139
ijpeg,tscl,64KB,1,bpred_addr_rate,0.9997
ijpeg,tscl,64KB,1,bpred_dir_rate,0.9998
ijpeg,tscl,64KB,1,bpred_jr_rate,0.9997
ijpeg,tscl,64KB,1,bpred_jr_non_ras_rate.PP,0.9928
ijpeg,tscl,64KB,1,retstack_pushes,428019
ijpeg,tscl,64KB,1,retstack_pops,427654
ijpeg,tscl,64KB,1,used_ras.PP,427547
ijpeg,tscl,64KB,1,ras_hits.PP,427404
ijpeg,tscl,64KB,1,ras_rate.PP,0.9997
ijpeg,tscl,64KB,1,reverse_lookups,2283771
ijpeg,tscl,64KB,1,reverse_updates,2283771
ijpeg,tscl,64KB,1,reverse_addr_hits,2283767
ijpeg,tscl,64KB,1,reverse_dir_hits,2283767
ijpeg,tscl,64KB,1,reverse_misses,4
ijpeg,tscl,64KB,1,reverse_jr_hits,427686
ijpeg,tscl,64KB,1,reverse_jr_seen,427686
ijpeg,tscl,64KB,1,reverse_jr_non_ras_hits.PP,139
ijpeg,tscl,64KB,1,reverse_jr_non_ras_seen.PP,139
ijpeg,tscl,64KB,1,reverse_bpred_addr_rate,1.0000
ijpeg,tscl,64KB,1,reverse_bpred_dir_rate,1.0000
ijpeg,tscl,64KB,1,reverse_bpred_jr_rate,1.0000
ijpeg,tscl,64KB,1,reverse_bpred_jr_non_ras_rate.PP,1.0000
ijpeg,tscl,64KB,1,reverse_retstack_pushes,427547
ijpeg,tscl,64KB,1,reverse_retstack_pops,427553
ijpeg,tscl,64KB,1,reverse_used_ras.PP,427547
ijpeg,tscl,64KB,1,reverse_ras_hits.PP,427547
ijpeg,tscl,64KB,1,reverse_ras_rate.PP,1.0000
ijpeg,tscl,64KB,1,ob_fwd_lookups,0
ijpeg,tscl,64KB,1,ob_fwd_hits,0
ijpeg,tscl,64KB,1,ob_fwd_chosen,0
ijpeg,tscl,64KB,1,ob_fwd_correct,0
ijpeg,tscl,64KB,1,ob_rev_lookups,3004972
ijpeg,tscl,64KB,1,ob_rev_hits,131072
ijpeg,tscl,64KB,1,ob_rev_chosen,0
ijpeg,tscl,64KB,1,ob_rev_correct,65536
ijpeg,tscl,64KB,1,fhb_fwd_lookups,0
ijpeg,tscl,64KB,1,fhb_rev_lookups,3004972
ijpeg,tscl,64KB,1,fhb_fwd_valid_out,1001478
ijpeg,tscl,64KB,1,fhb_rev_valid_out,1001495
ijpeg,tscl,64KB,1,fhb_fwd_pred_uses,0
ijpeg,tscl,64KB,1,fhb_rev_pred_uses,0
ijpeg,tscl,64KB,1,fhb_fwd_update_uses,0
ijpeg,tscl,64KB,1,fhb_rev_update_uses,0
ijpeg,tscl,64KB,1,fhb_fwd_writes,1001495
ijpeg,tscl,64KB,1,fhb_rev_writes,1001495
ijpeg,tscl,64KB,1,fhb_fwd_ob_bypassed,0
ijpeg,tscl,64KB,1,fhb_rev_ob_bypassed,799436
ijpeg,tscl,64KB,1,fhb_fwd_oht_bypassed,0
ijpeg,tscl,64KB,1,fhb_rev_oht_bypassed,799436
ijpeg,tscl,64KB,1,oht_fwd_lookups,0
ijpeg,tscl,64KB,1,oht_fwd_hits,0
ijpeg,tscl,64KB,1,oht_fwd_chosen,0
ijpeg,tscl,64KB,1,oht_fwd_correct,0
ijpeg,tscl,64KB,1,oht_rev_lookups,3004972
ijpeg,tscl,64KB,1,oht_rev_hits,668364
ijpeg,tscl,64KB,1,oht_rev_chosen,0
ijpeg,tscl,64KB,1,oht_rev_correct,668361
ijpeg,tscl,64KB,1,frmt_fwd_lookups,0
ijpeg,tscl,64KB,1,frmt_fwd_hits,0
ijpeg,tscl,64KB,1,frmt_fwd_misses,0
ijpeg,tscl,64KB,1,frmt_rev_lookups,9136396
ijpeg,tscl,64KB,1,frmt_rev_hits,4006284
ijpeg,tscl,64KB,1,frmt_rev_misses,5130112
ijpeg,tscl,64KB,1,tage_fwd_lookups,7015869
ijpeg,tscl,64KB,1,tage_rev_lookups,0
ijpeg,tscl,64KB,1,tage_fwd_tag_matches,427806
ijpeg,tscl,64KB,1,tage_rev_tag_matches,0
ijpeg,tscl,64KB,1,sc_fwd_lookups,8013908
ijpeg,tscl,64KB,1,sc_rev_lookups,0
ijpeg,tscl,64KB,1,sc_fwd_inversions,0
ijpeg,tscl,64KB,1,sc_rev_inversions,0
ijpeg,tscl,64KB,1,sc_fwd_threshold_checks,2003477
ijpeg,tscl,64KB,1,sc_rev_threshold_checks,0
ijpeg,tscl,64KB,1,sc_fwd_threshold_pass,0
ijpeg,tscl,64KB,1,sc_rev_threshold_pass,0
ijpeg,tscl,64KB,1,sc_fwd_updates,0
ijpeg,tscl,64KB,1,sc_rev_updates,0
ijpeg,tscl,64KB,1,loop_fwd_lookups,2003477
ijpeg,tscl,64KB,1,loop_rev_lookups,2003477
ijpeg,tscl,64KB,1,loop_fwd_hits,0
ijpeg,tscl,64KB,1,loop_rev_hits,0
ijpeg,tscl,64KB,1,loop_fwd_chosen,0
ijpeg,tscl,64KB,1,loop_rev_chosen,0
ijpeg,tscl,64KB,1,llbp_fwd_lookups,0
ijpeg,tscl,64KB,1,llbp_rev_lookups,0
ijpeg,tscl,64KB,1,llbp_fwd_hits,0
ijpeg,tscl,64KB,1,llbp_rev_hits,0
ijpeg,tscl,64KB,1,llbp_fwd_chosen,0
ijpeg,tscl,64KB,1,llbp_rev_chosen,0
li,tscl,128KB,0,lookups,2864111
li,tscl,128KB,0,updates,2297409
li,tscl,128KB,0,addr_hits,2092675
li,tscl,128KB,0,dir_hits,2148518
li,tscl,128KB,0,misses,148891
li,tscl,128KB,0,jr_hits,335025
li,tscl,128KB,0,jr_seen,392200
li,tscl,128KB,0,jr_non_ras_hits.PP,67575
li,tscl,128KB,0,jr_non_ras_seen.PP,81846
li,tscl,128KB,0,bpred_addr_rate,0.9109
li,tscl,128KB,0,bpred_dir_rate,0.9352
li,tscl,128KB,0,bpred_jr_rate,0.8542
li,tscl,128KB,0,bpred_jr_non_ras_rate.PP,0.8256
li,tscl,128KB,0,retstack_pushes,386743
li,tscl,128KB,0,retstack_pops,384677
li,tscl,128KB,0,used_ras.PP,310354
li,tscl,128KB,0,ras_hits.PP,267450
li,tscl,128KB,0,ras_rate.PP,0.8618
li,tscl,128KB,0,reverse_lookups,2297409
li,tscl,128KB,0,reverse_updates,2297409
li,tscl,128KB,0,reverse_addr_hits,2253147
li,tscl,128KB,0,reverse_dir_hits,2265376
li,tscl,128KB,0,reverse_misses,32033
li,tscl,128KB,0,reverse_jr_hits,377933
li,tscl,128KB,0,reverse_jr_seen,392200
li,tscl,128KB,0,reverse_jr_non_ras_hits.PP,67579
li,tscl,128KB,0,reverse_jr_non_ras_seen.PP,81846
li,tscl,128KB,0,reverse_bpred_addr_rate,0.9807
li,tscl,128KB,0,reverse_bpred_dir_rate,0.9861
li,tscl,128KB,0,reverse_bpred_jr_rate,0.9636
li,tscl,128KB,0,reverse_bpred_jr_non_ras_rate.PP,0.8257
li,tscl,128KB,0,reverse_retstack_pushes,310354
li,tscl,128KB,0,reverse_retstack_pops,310650
li,tscl,128KB,0,reverse_used_ras.PP,310354
li,tscl,128KB,0,reverse_ras_hits.PP,310354
li,tscl,128KB,0,reverse_ras_rate.PP,1.0000
li,tscl,128KB,0,ob_fwd_lookups,0
li,tscl,128KB,0,ob_fwd_hits,0
li,tscl,128KB,0,ob_fwd_chosen,0
li,tscl,128KB,0,ob_fwd_correct,0
li,tscl,128KB,0,ob_rev_lookups,4313936
li,tscl,128KB,0,ob_rev_hits,262144
li,tscl,128KB,0,ob_rev_chosen,0
li,tscl,128KB,0,ob_rev_correct,131072
li,tscl,128KB,0,fhb_fwd_lookups,0
li,tscl,128KB,0,fhb_rev_lookups,4313936
li,tscl,128KB,0,fhb_fwd_valid_out,1336240
li,tscl,128KB,0,fhb_rev_valid_out,1336257
li,tscl,128KB,0,fhb_fwd_pred_uses,0
li,tscl,128KB,0,fhb_rev_pred_uses,0
li,tscl,128KB,0,fhb_fwd_update_uses,8017440
li,tscl,128KB,0,fhb_rev_update_uses,16034880
li,tscl,128KB,0,fhb_fwd_writes,1336257
li,tscl,128KB,0,fhb_rev_writes,1336257
li,tscl,128KB,0,fhb_fwd_ob_bypassed,0
li,tscl,128KB,0,fhb_rev_ob_bypassed,262144
li,tscl,128KB,0,fhb_fwd_oht_bypassed,0
li,tscl,128KB,0,fhb_rev_oht_bypassed,262144
li,tscl,128KB,0,oht_fwd_lookups,0
li,tscl,128KB,0,oht_fwd_hits,0
li,tscl,128KB,0,oht_fwd_chosen,0
li,tscl,128KB,0,oht_fwd_correct,0
li,tscl,128KB,0,oht_rev_lookups,4313936
li,tscl,128KB,0,oht_rev_hits,1205185
li,tscl,128KB,0,oht_rev_chosen,0
li,tscl,128KB,0,oht_rev_correct,1179252
li,tscl,128KB,0,frmt_fwd_lookups,0
li,tscl,128KB,0,frmt_fwd_hits,0
li,tscl,128KB,0,frmt_fwd_misses,0
li,tscl,128KB,0,frmt_rev_lookups,0
li,tscl,128KB,0,frmt_rev_hits,0
li,tscl,128KB,0,frmt_rev_misses,0
li,tscl,128KB,0,tage_fwd_lookups,10619451
li,tscl,128KB,0,tage_rev_lookups,0
li,tscl,128KB,0,tage_fwd_tag_matches,566041
li,tscl,128KB,0,tage_rev_tag_matches,0
li,tscl,128KB,0,sc_fwd_lookups,11910716
li,tscl,128KB,0,sc_rev_lookups,0
li,tscl,128KB,0,sc_fwd_inversions,63123
li,tscl,128KB,0,sc_rev_inversions,0
li,tscl,128KB,0,sc_fwd_threshold_checks,2977664
li,tscl,128KB,0,sc_rev_threshold_checks,0
li,tscl,128KB,0,sc_fwd_threshold_pass,63123
li,tscl,128KB,0,sc_rev_threshold_pass,0
li,tscl,128KB,0,sc_fwd_updates,5344960
li,tscl,128KB,0,sc_rev_updates,1336240
li,tscl,128KB,0,loop_fwd_lookups,2977679
li,tscl,128KB,0,loop_rev_lookups,2977679
li,tscl,128KB,0,loop_fwd_hits,15
li,tscl,128KB,0,loop_rev_hits,0
li,tscl,128KB,0,loop_fwd_chosen,15
li,tscl,128KB,0,loop_rev_chosen,0
li,tscl,128KB,0,llbp_fwd_lookups,0
li,tscl,128KB,0,llbp_rev_lookups,0
li,tscl,128KB,0,llbp_fwd_hits,0
li,tscl,128KB,0,llbp_rev_hits,0
li,tscl,128KB,0,llbp_fwd_chosen,0
li,tscl,128KB,0,llbp_rev_chosen,0
li,tscl,128KB,1,lookups,2864233
li,tscl,128KB,1,updates,2297409
li,tscl,128KB,1,addr_hits,2092365
li,tscl,128KB,1,dir_hits,2148191
li,tscl,128KB,1,misses,149218
li,tscl,128KB,1,jr_hits,335040
li,tscl,128KB,1,jr_seen,392200
li,tscl,128KB,1,jr_non_ras_hits.PP,67575
li,tscl,128KB,1,jr_non_ras_seen.PP,81846
li,tscl,128KB,1,bpred_addr_rate,0.9107
li,tscl,128KB,1,bpred_dir_rate,0.9350
li,tscl,128KB,1,bpred_jr_rate,0.8543
li,tscl,128KB,1,bpred_jr_non_ras_rate.PP,0.8256
li,tscl,128KB,1,retstack_pushes,387018
li,tscl,128KB,1,retstack_pops,383241
li,tscl,128KB,1,used_ras.PP,310354
li,tscl,128KB,1,ras_hits.PP,267465
li,tscl,128KB,1,ras_rate.PP,0.8618
li,tscl,128KB,1,reverse_lookups,2297409
li,tscl,128KB,1,reverse_updates,2297409
li,tscl,128KB,1,reverse_addr_hits,2254101
li,tscl,128KB,1,reverse_dir_hits,2266330
li,tscl,128KB,1,reverse_misses,31079
li,tscl,128KB,1,reverse_jr_hits,377933
li,tscl,128KB,1,reverse_jr_seen,392200
li,tscl,128KB,1,reverse_jr_non_ras_hits.PP,67579
li,tscl,128KB,1,reverse_jr_non_ras_seen.PP,81846
li,tscl,128KB,1,reverse_bpred_addr_rate,0.9811
li,tscl,128KB,1,reverse_bpred_dir_rate,0.9865
li,tscl,128KB,1,reverse_bpred_jr_rate,0.9636
li,tscl,128KB,1,reverse_bpred_jr_non_ras_rate.PP,0.8257
li,tscl,128KB,1,reverse_retstack_pushes,310354
li,tscl,128KB,1,reverse_retstack_pops,310650
li,tscl,128KB,1,reverse_used_ras.PP,310354
li,tscl,128KB,1,reverse_ras_hits.PP,310354
li,tscl,128KB,1,reverse_ras_rate.PP,1.0000
li,tscl,128KB,1,ob_fwd_lookups,0
li,tscl,128KB,1,ob_fwd_hits,0
li,tscl,128KB,1,ob_fwd_chosen,0
li,tscl,128KB,1,ob_fwd_correct,0
li,tscl,128KB,1,ob_rev_lookups,4316371
li,tscl,128KB,1,ob_rev_hits,262144
li,tscl,128KB,1,ob_rev_chosen,0
li,tscl,128KB,1,ob_rev_correct,131072
li,tscl,128KB,1,fhb_fwd_lookups,0
li,tscl,128KB,1,fhb_rev_lookups,4316371
li,tscl,128KB,1,fhb_fwd_valid_out,1336240
li,tscl,128KB,1,fhb_rev_valid_out,1336257
li,tscl,128KB,1,fhb_fwd_pred_uses,0
li,tscl,128KB,1,fhb_rev_pred_uses,0
li,tscl,128KB,1,fhb_fwd_update_uses,0
li,tscl,128KB,1,fhb_rev_update_uses,0
li,tscl,128KB,1,fhb_fwd_writes,1336257
li,tscl,128KB,1,fhb_rev_writes,1336257
li,tscl,128KB,1,fhb_fwd_ob_bypassed,0
li,tscl,128KB,1,fhb_rev_ob_bypassed,1300007
li,tscl,128KB,1,fhb_fwd_oht_bypassed,0
li,tscl,128KB,1,fhb_rev_oht_bypassed,1300007
li,tscl,128KB,1,oht_fwd_lookups,0
li,tscl,128KB,1,oht_fwd_hits,0
li,tscl,128KB,1,oht_fwd_chosen,0
li,tscl,128KB,1,oht_fwd_correct,0
li,tscl,128KB,1,oht_rev_lookups,4316371
li,tscl,128KB,1,oht_rev_hits,1037863
li,tscl,128KB,1,oht_rev_chosen,0
li,tscl,128KB,1,oht_rev_correct,1013732
li,tscl,128KB,1,frmt_fwd_lookups,0
li,tscl,128KB,1,frmt_fwd_hits,0
li,tscl,128KB,1,frmt_fwd_misses,0
li,tscl,128KB,1,frmt_rev_lookups,9756460
li,tscl,128KB,1,frmt_rev_hits,5651972
li,tscl,128KB,1,frmt_rev_misses,4104488
li,tscl,128KB,1,tage_fwd_lookups,9989147
li,tscl,128KB,1,tage_rev_lookups,0
li,tscl,128KB,1,tage_fwd_tag_matches,814912
li,tscl,128KB,1,tage_rev_tag_matches,0
li,tscl,128KB,1,sc_fwd_lookups,11920456
li,tscl,128KB,1,sc_rev_lookups,0
li,tscl,128KB,1,sc_fwd_inversions,30083
li,tscl,128KB,1,sc_rev_inversions,0
li,tscl,128KB,1,sc_fwd_threshold_checks,2980099
li,tscl,128KB,1,sc_rev_threshold_checks,0
li,tscl,128KB,1,sc_fwd_threshold_pass,30083
li,tscl,128KB,1,sc_rev_threshold_pass,0
li,tscl,128KB,1,sc_fwd_updates,0
li,tscl,128KB,1,sc_rev_updates,0
li,tscl,128KB,1,loop_fwd_lookups,2980114
li,tscl,128KB,1,loop_rev_lookups,2980114
li,tscl,128KB,1,loop_fwd_hits,15
li,tscl,128KB,1,loop_rev_hits,15
li,tscl,128KB,1,loop_fwd_chosen,15
li,tscl,128KB,1,loop_rev_chosen,15
li,tscl,128KB,1,llbp_fwd_lookups,0
li,tscl,128KB,1,llbp_rev_lookups,0
li,tscl,128KB,1,llbp_fwd_hits,0
li,tscl,128KB,1,llbp_rev_hits,0
li,tscl,128KB,1,llbp_fwd_chosen,0
li,tscl,128KB,1,llbp_rev_chosen,0
li,tscl,16KB,0,lookups,2895143
li,tscl,16KB,0,updates,2297409
li,tscl,16KB,0,addr_hits,2082910
li,tscl,16KB,0,dir_hits,2138403
li,tscl,16KB,0,misses,159006
li,tscl,16KB,0,jr_hits,335375
li,tscl,16KB,0,jr_seen,392200
li,tscl,16KB,0,jr_non_ras_hits.PP,67575
li,tscl,16KB,0,jr_non_ras_seen.PP,81846
li,tscl,16KB,0,bpred_addr_rate,0.9066
li,tscl,16KB,0,bpred_dir_rate,0.9308
li,tscl,16KB,0,bpred_jr_rate,0.8551
li,tscl,16KB,0,bpred_jr_non_ras_rate.PP,0.8256
li,tscl,16KB,0,retstack_pushes,394433
li,tscl,16KB,0,retstack_pops,383564
li,tscl,16KB,0,used_ras.PP,310354
li,tscl,16KB,0,ras_hits.PP,267800
li,tscl,16KB,0,ras_rate.PP,0.8629
li,tscl,16KB,0,reverse_lookups,2297409
li,tscl,16KB,0,reverse_updates,2297409
li,tscl,16KB,0,reverse_addr_hits,2171919
li,tscl,16KB,0,reverse_dir_hits,2184146
li,tscl,16KB,0,reverse_misses,113263
li,tscl,16KB,0,reverse_jr_hits,377933
li,tscl,16KB,0,reverse_jr_seen,392200
li,tscl,16KB,0,reverse_jr_non_ras_hits.PP,67579
li,tscl,16KB,0,reverse_jr_non_ras_seen.PP,81846
li,tscl,16KB,0,reverse_bpred_addr_rate,0.9454
li,tscl,16KB,0,reverse_bpred_dir_rate,0.9507
li,tscl,16KB,0,reverse_bpred_jr_rate,0.9636
li,tscl,16KB,0,reverse_bpred_jr_non_ras_rate.PP,0.8257
li,tscl,16KB,0,reverse_retstack_pushes,310354
li,tscl,16KB,0,reverse_retstack_pops,310650
li,tscl,16KB,0,reverse_used_ras.PP,310354
li,tscl,16KB,0,reverse_ras_hits.PP,310354
li,tscl,16KB,0,reverse_ras_rate.PP,1.0000
li,tscl,16KB,0,ob_fwd_lookups,0
li,tscl,16KB,0,ob_fwd_hits,0
li,tscl,16KB,0,ob_fwd_chosen,0
li,tscl,16KB,0,ob_fwd_correct,0
li,tscl,16KB,0,ob_rev_lookups,4339696
li,tscl,16KB,0,ob_rev_hits,32768
li,tscl,16KB,0,ob_rev_chosen,0
li,tscl,16KB,0,ob_rev_correct,16384
li,tscl,16KB,0,fhb_fwd_lookups,0
li,tscl,16KB,0,fhb_rev_lookups,4339696
li,tscl,16KB,0,fhb_fwd_valid_out,1336240
li,tscl,16KB,0,fhb_rev_valid_out,1336257
li,tscl,16KB,0,fhb_fwd_pred_uses,0
li,tscl,16KB,0,fhb_rev_pred_uses,0
li,tscl,16KB,0,fhb_fwd_update_uses,8017440
li,tscl,16KB,0,fhb_rev_update_uses,16034880
li,tscl,16KB,0,fhb_fwd_writes,1336257
li,tscl,16KB,0,fhb_rev_writes,1336257
li,tscl,16KB,0,fhb_fwd_ob_bypassed,0
li,tscl,16KB,0,fhb_rev_ob_bypassed,32768
li,tscl,16KB,0,fhb_fwd_oht_bypassed,0
li,tscl,16KB,0,fhb_rev_oht_bypassed,32768
li,tscl,16KB,0,oht_fwd_lookups,0
li,tscl,16KB,0,oht_fwd_hits,0
li,tscl,16KB,0,oht_fwd_chosen,0
li,tscl,16KB,0,oht_fwd_correct,0
li,tscl,16KB,0,oht_rev_lookups,4339696
li,tscl,16KB,0,oht_rev_hits,1319867
li,tscl,16KB,0,oht_rev_chosen,0
li,tscl,16KB,0,oht_rev_correct,1212706
li,tscl,16KB,0,frmt_fwd_lookups,0
li,tscl,16KB,0,frmt_fwd_hits,0
li,tscl,16KB,0,frmt_fwd_misses,0
li,tscl,16KB,0,frmt_rev_lookups,0
li,tscl,16KB,0,frmt_rev_hits,0
li,tscl,16KB,0,frmt_rev_misses,0
li,tscl,16KB,0,tage_fwd_lookups,10604766
li,tscl,16KB,0,tage_rev_lookups,0
li,tscl,16KB,0,tage_fwd_tag_matches,725669
li,tscl,16KB,0,tage_rev_tag_matches,0
li,tscl,16KB,0,sc_fwd_lookups,12013756
li,tscl,16KB,0,sc_rev_lookups,0
li,tscl,16KB,0,sc_fwd_inversions,52424
li,tscl,16KB,0,sc_rev_inversions,0
li,tscl,16KB,0,sc_fwd_threshold_checks,3003424
li,tscl,16KB,0,sc_rev_threshold_checks,0
li,tscl,16KB,0,sc_fwd_threshold_pass,52424
li,tscl,16KB,0,sc_rev_threshold_pass,0
li,tscl,16KB,0,sc_fwd_updates,5344960
li,tscl,16KB,0,sc_rev_updates,1336240
li,tscl,16KB,0,loop_fwd_lookups,3003439
li,tscl,16KB,0,loop_rev_lookups,3003439
li,tscl,16KB,0,loop_fwd_hits,15
li,tscl,16KB,0,loop_rev_hits,0
li,tscl,16KB,0,loop_fwd_chosen,15
li,tscl,16KB,0,loop_rev_chosen,0
li,tscl,16KB,0,llbp_fwd_lookups,0
li,tscl,16KB,0,llbp_rev_lookups,0
li,tscl,16KB,0,llbp_fwd_hits,0
li,tscl,16KB,0,llbp_rev_hits,0
li,tscl,16KB,0,llbp_fwd_chosen,0
li,tscl,16KB,0,llbp_rev_chosen,0
li,tscl,16KB,1,lookups,2852425
li,tscl,16KB,1,updates,2297409
li,tscl,16KB,1,addr_hits,2093846
li,tscl,16KB,1,dir_hits,2149495
li,tscl,16KB,1,misses,147914
li,tscl,16KB,1,jr_hits,335217
li,tscl,16KB,1,jr_seen,392200
li,tscl,16KB,1,jr_non_ras_hits.PP,67575
li,tscl,16KB,1,jr_non_ras_seen.PP,81846
li,tscl,16KB,1,bpred_addr_rate,0.9114
li,tscl,16KB,1,bpred_dir_rate,0.9356
li,tscl,16KB,1,bpred_jr_rate,0.8547
li,tscl,16KB,1,bpred_jr_non_ras_rate.PP,0.8256
li,tscl,16KB,1,retstack_pushes,385592
li,tscl,16KB,1,retstack_pops,384934
li,tscl,16KB,1,used_ras.PP,310354
li,tscl,16KB,1,ras_hits.PP,267642
li,tscl,16KB,1,ras_rate.PP,0.8624
li,tscl,16KB,1,reverse_lookups,2297409
li,tscl,16KB,1,reverse_updates,2297409
li,tscl,16KB,1,reverse_addr_hits,2207957
li,tscl,16KB,1,reverse_dir_hits,2220185
li,tscl,16KB,1,reverse_misses,77224
li,tscl,16KB,1,reverse_jr_hits,377933
li,tscl,16KB,1,reverse_jr_seen,392200
li,tscl,16KB,1,reverse_jr_non_ras_hits.PP,67579
li,tscl,16KB,1,reverse_jr_non_ras_seen.PP,81846
li,tscl,16KB,1,reverse_bpred_addr_rate,0.9611
li,tscl,16KB,1,reverse_bpred_dir_rate,0.9664
li,tscl,16KB,1,reverse_bpred_jr_rate,0.9636
li,tscl,16KB,1,reverse_bpred_jr_non_ras_rate.PP,0.8257
li,tscl,16KB,1,reverse_retstack_pushes,310354
li,tscl,16KB,1,reverse_retstack_pops,310650
li,tscl,16KB,1,reverse_used_ras.PP,310354
li,tscl,16KB,1,reverse_ras_hits.PP,310354
li,tscl,16KB,1,reverse_ras_rate.PP,1.0000
li,tscl,16KB,1,ob_fwd_lookups,0
li,tscl,16KB,1,ob_fwd_hits,0
li,tscl,16KB,1,ob_fwd_chosen,0
li,tscl,16KB,1,ob_fwd_correct,0
li,tscl,16KB,1,ob_rev_lookups,4304657
li,tscl,16KB,1,ob_rev_hits,32768
li,tscl,16KB,1,ob_rev_chosen,0
li,tscl,16KB,1,ob_rev_correct,16384
li,tscl,16KB,1,fhb_fwd_lookups,0
li,tscl,16KB,1,fhb_rev_lookups,4304657
li,tscl,16KB,1,fhb_fwd_valid_out,1336240
li,tscl,16KB,1,fhb_rev_valid_out,1336257
li,tscl,16KB,1,fhb_fwd_pred_uses,0
li,tscl,16KB,1,fhb_rev_pred_uses,0
li,tscl,16KB,1,fhb_fwd_update_uses,0
li,tscl,16KB,1,fhb_rev_update_uses,0
li,tscl,16KB,1,fhb_fwd_writes,1336257
li,tscl,16KB,1,fhb_rev_writes,1336257
li,tscl,16KB,1,fhb_fwd_ob_bypassed,0
li,tscl,16KB,1,fhb_rev_ob_bypassed,970559
li,tscl,16KB,1,fhb_fwd_oht_bypassed,0
li,tscl,16KB,1,fhb_rev_oht_bypassed,970559
li,tscl,16KB,1,oht_fwd_lookups,0
li,tscl,16KB,1,oht_fwd_hits,0
li,tscl,16KB,1,oht_fwd_chosen,0
li,tscl,16KB,1,oht_fwd_correct,0
li,tscl,16KB,1,oht_rev_lookups,4304657
li,tscl,16KB,1,oht_rev_hits,937791
li,tscl,16KB,1,oht_rev_chosen,0
li,tscl,16KB,1,oht_rev_correct,868783
li,tscl,16KB,1,frmt_fwd_lookups,0
li,tscl,16KB,1,frmt_fwd_hits,0
li,tscl,16KB,1,frmt_fwd_misses,0
li,tscl,16KB,1,frmt_rev_lookups,9744652
li,tscl,16KB,1,frmt_rev_hits,6604920
li,tscl,16KB,1,frmt_rev_misses,3139732
li,tscl,16KB,1,tage_fwd_lookups,10055498
li,tscl,16KB,1,tage_rev_lookups,0
li,tscl,16KB,1,tage_fwd_tag_matches,900158
li,tscl,16KB,1,tage_rev_tag_matches,0
li,tscl,16KB,1,sc_fwd_lookups,11873600
li,tscl,16KB,1,sc_rev_lookups,0
li,tscl,16KB,1,sc_fwd_inversions,23937
li,tscl,16KB,1,sc_rev_inversions,0
li,tscl,16KB,1,sc_fwd_threshold_checks,2968385
li,tscl,16KB,1,sc_rev_threshold_checks,0
li,tscl,16KB,1,sc_fwd_threshold_pass,23937
li,tscl,16KB,1,sc_rev_threshold_pass,0
li,tscl,16KB,1,sc_fwd_updates,0
li,tscl,16KB,1,sc_rev_updates,0
li,tscl,16KB,1,loop_fwd_lookups,2968400
li,tscl,16KB,1,loop_rev_lookups,2968400
li,tscl,16KB,1,loop_fwd_hits,15
li,tscl,16KB,1,loop_rev_hits,15
li,tscl,16KB,1,loop_fwd_chosen,15
li,tscl,16KB,1,loop_rev_chosen,15
li,tscl,16KB,1,llbp_fwd_lookups,0
li,tscl,16KB,1,llbp_rev_lookups,0
li,tscl,16KB,1,llbp_fwd_hits,0
li,tscl,16KB,1,llbp_rev_hits,0
li,tscl,16KB,1,llbp_fwd_chosen,0
li,tscl,16KB,1,llbp_rev_chosen,0
li,tscl,1MB,0,lookups,2909230
li,tscl,1MB,0,updates,2297409
li,tscl,1MB,0,addr_hits,2078407
li,tscl,1MB,0,dir_hits,2135100
li,tscl,1MB,0,misses,162309
li,tscl,1MB,0,jr_hits,334175
li,tscl,1MB,0,jr_seen,392200
li,tscl,1MB,0,jr_non_ras_hits.PP,67575
li,tscl,1MB,0,jr_non_ras_seen.PP,81846
li,tscl,1MB,0,bpred_addr_rate,0.9047
li,tscl,1MB,0,bpred_dir_rate,0.9294
li,tscl,1MB,0,bpred_jr_rate,0.8521
li,tscl,1MB,0,bpred_jr_non_ras_rate.PP,0.8256
li,tscl,1MB,0,retstack_pushes,400518
li,tscl,1MB,0,retstack_pops,382280
li,tscl,1MB,0,used_ras.PP,310354
li,tscl,1MB,0,ras_hits.PP,266600
li,tscl,1MB,0,ras_rate.PP,0.8590
li,tscl,1MB,0,reverse_lookups,2297409
li,tscl,1MB,0,reverse_updates,2297409
li,tscl,1MB,0,reverse_addr_hits,2275951
li,tscl,1MB,0,reverse_dir_hits,2288180
li,tscl,1MB,0,reverse_misses,9229
li,tscl,1MB,0,reverse_jr_hits,377933
li,tscl,1MB,0,reverse_jr_seen,392200
li,tscl,1MB,0,reverse_jr_non_ras_hits.PP,67579
li,tscl,1MB,0,reverse_jr_non_ras_seen.PP,81846
li,tscl,1MB,0,reverse_bpred_addr_rate,0.9907
li,tscl,1MB,0,reverse_bpred_dir_rate,0.9960
li,tscl,1MB,0,reverse_bpred_jr_rate,0.9636
li,tscl,1MB,0,reverse_bpred_jr_non_ras_rate.PP,0.8257
li,tscl,1MB,0,reverse_retstack_pushes,310354
li,tscl,1MB,0,reverse_retstack_pops,310650
li,tscl,1MB,0,reverse_used_ras.PP,310354
li,tscl,1MB,0,reverse_ras_hits.PP,310354
li,tscl,1MB,0,reverse_ras_rate.PP,1.0000
li,tscl,1MB,0,ob_fwd_lookups,0
li,tscl,1MB,0,ob_fwd_hits,0
li,tscl,1MB,0,ob_fwd_chosen,0
li,tscl,1MB,0,ob_fwd_correct,0
li,tscl,1MB,0,ob_rev_lookups,4349447
li,tscl,1MB,0,ob_rev_hits,2097152
li,tscl,1MB,0,ob_rev_chosen,0
li,tscl,1MB,0,ob_rev_correct,1048576
li,tscl,1MB,0,fhb_fwd_lookups,0
li,tscl,1MB,0,fhb_rev_lookups,4349447
li,tscl,1MB,0,fhb_fwd_valid_out,1336240
li,tscl,1MB,0,fhb_rev_valid_out,1336257
li,tscl,1MB,0,fhb_fwd_pred_uses,0
li,tscl,1MB,0,fhb_rev_pred_uses,0
li,tscl,1MB,0,fhb_fwd_update_uses,8017440
li,tscl,1MB,0,fhb_rev_update_uses,16034880
li,tscl,1MB,0,fhb_fwd_writes,1336257
li,tscl,1MB,0,fhb_rev_writes,1336257
li,tscl,1MB,0,fhb_fwd_ob_bypassed,0
li,tscl,1MB,0,fhb_rev_ob_bypassed,2097152
li,tscl,1MB,0,fhb_fwd_oht_bypassed,0
li,tscl,1MB,0,fhb_rev_oht_bypassed,2097152
li,tscl,1MB,0,oht_fwd_lookups,0
li,tscl,1MB,0,oht_fwd_hits,0
li,tscl,1MB,0,oht_fwd_chosen,0
li,tscl,1MB,0,oht_fwd_correct,0
li,tscl,1MB,0,oht_rev_lookups,4349447
li,tscl,1MB,0,oht_rev_hits,287681
li,tscl,1MB,0,oht_rev_chosen,0
li,tscl,1MB,0,oht_rev_correct,284552
li,tscl,1MB,0,frmt_fwd_lookups,0
li,tscl,1MB,0,frmt_fwd_hits,0
li,tscl,1MB,0,frmt_fwd_misses,0
li,tscl,1MB,0,frmt_rev_lookups,0
li,tscl,1MB,0,frmt_rev_hits,0
li,tscl,1MB,0,frmt_rev_misses,0
li,tscl,1MB,0,tage_fwd_lookups,10699356
li,tscl,1MB,0,tage_rev_lookups,0
li,tscl,1MB,0,tage_fwd_tag_matches,539893
li,tscl,1MB,0,tage_rev_tag_matches,0
li,tscl,1MB,0,sc_fwd_lookups,12052760
li,tscl,1MB,0,sc_rev_lookups,0
li,tscl,1MB,0,sc_fwd_inversions,72132
li,tscl,1MB,0,sc_rev_inversions,0
li,tscl,1MB,0,sc_fwd_threshold_checks,3013175
li,tscl,1MB,0,sc_rev_threshold_checks,0
li,tscl,1MB,0,sc_fwd_threshold_pass,72132
li,tscl,1MB,0,sc_rev_threshold_pass,0
li,tscl,1MB,0,sc_fwd_updates,5344960
li,tscl,1MB,0,sc_rev_updates,1336240
li,tscl,1MB,0,loop_fwd_lookups,3013190
li,tscl,1MB,0,loop_rev_lookups,3013190
li,tscl,1MB,0,loop_fwd_hits,15
li,tscl,1MB,0,loop_rev_hits,0
li,tscl,1MB,0,loop_fwd_chosen,15
li,tscl,1MB,0,loop_rev_chosen,0
li,tscl,1MB,0,llbp_fwd_lookups,0
li,tscl,1MB,0,llbp_rev_lookups,0
li,tscl,1MB,0,llbp_fwd_hits,0
li,tscl,1MB,0,llbp_rev_hits,0
li,tscl,1MB,0,llbp_fwd_chosen,0
li,tscl,1MB,0,llbp_rev_chosen,0
li,tscl,1MB,1,lookups,2869282
li,tscl,1MB,1,updates,2297409
li,tscl,1MB,1,addr_hits,2091284
li,tscl,1MB,1,dir_hits,2147641
li,tscl,1MB,1,misses,149768
li,tscl,1MB,1,jr_hits,334509
li,tscl,1MB,1,jr_seen,392200
li,tscl,1MB,1,jr_non_ras_hits.PP,67575
li,tscl,1MB,1,jr_non_ras_seen.PP,81846
li,tscl,1MB,1,bpred_addr_rate,0.9103
li,tscl,1MB,1,bpred_dir_rate,0.9348
li,tscl,1MB,1,bpred_jr_rate,0.8529
li,tscl,1MB,1,bpred_jr_non_ras_rate.PP,0.8256
li,tscl,1MB,1,retstack_pushes,389327
li,tscl,1MB,1,retstack_pops,382256
li,tscl,1MB,1,used_ras.PP,310354
li,tscl,1MB,1,ras_hits.PP,266934
li,tscl,1MB,1,ras_rate.PP,0.8601
li,tscl,1MB,1,reverse_lookups,2297409
li,tscl,1MB,1,reverse_updates,2297409
li,tscl,1MB,1,reverse_addr_hits,2275950
li,tscl,1MB,1,reverse_dir_hits,2288179
li,tscl,1MB,1,reverse_misses,9230
li,tscl,1MB,1,reverse_jr_hits,377933
li,tscl,1MB,1,reverse_jr_seen,392200
li,tscl,1MB,1,reverse_jr_non_ras_hits.PP,67579
li,tscl,1MB,1,reverse_jr_non_ras_seen.PP,81846
li,tscl,1MB,1,reverse_bpred_addr_rate,0.9907
li,tscl,1MB,1,reverse_bpred_dir_rate,0.9960
li,tscl,1MB,1,reverse_bpred_jr_rate,0.9636
li,tscl,1MB,1,reverse_bpred_jr_non_ras_rate.PP,0.8257
li,tscl,1MB,1,reverse_retstack_pushes,310354
li,tscl,1MB,1,reverse_retstack_pops,310650
li,tscl,1MB,1,reverse_used_ras.PP,310354
li,tscl,1MB,1,reverse_ras_hits.PP,310354
li,tscl,1MB,1,reverse_ras_rate.PP,1.0000
li,tscl,1MB,1,ob_fwd_lookups,0
li,tscl,1MB,1,ob_fwd_hits,0
li,tscl,1MB,1,ob_fwd_chosen,0
li,tscl,1MB,1,ob_fwd_correct,0
li,tscl,1MB,1,ob_rev_lookups,4320758
li,tscl,1MB,1,ob_rev_hits,2097152
li,tscl,1MB,1,ob_rev_chosen,0
li,tscl,1MB,1,ob_rev_correct,1048576
li,tscl,1MB,1,fhb_fwd_lookups,0
li,tscl,1MB,1,fhb_rev_lookups,4320758
li,tscl,1MB,1,fhb_fwd_valid_out,1336240
li,tscl,1MB,1,fhb_rev_valid_out,1336257
li,tscl,1MB,1,fhb_fwd_pred_uses,0
li,tscl,1MB,1,fhb_rev_pred_uses,0
li,tscl,1MB,1,fhb_fwd_update_uses,0
li,tscl,1MB,1,fhb_rev_update_uses,0
li,tscl,1MB,1,fhb_fwd_writes,1336257
li,tscl,1MB,1,fhb_rev_writes,1336257
li,tscl,1MB,1,fhb_fwd_ob_bypassed,0
li,tscl,1MB,1,fhb_rev_ob_bypassed,2359282
li,tscl,1MB,1,fhb_fwd_oht_bypassed,0
li,tscl,1MB,1,fhb_rev_oht_bypassed,2359282
li,tscl,1MB,1,oht_fwd_lookups,0
li,tscl,1MB,1,oht_fwd_hits,0
li,tscl,1MB,1,oht_fwd_chosen,0
li,tscl,1MB,1,oht_fwd_correct,0
li,tscl,1MB,1,oht_rev_lookups,4320758
li,tscl,1MB,1,oht_rev_hits,262130
li,tscl,1MB,1,oht_rev_chosen,0
li,tscl,1MB,1,oht_rev_correct,259095
li,tscl,1MB,1,frmt_fwd_lookups,0
li,tscl,1MB,1,frmt_fwd_hits,0
li,tscl,1MB,1,frmt_fwd_misses,0
li,tscl,1MB,1,frmt_rev_lookups,9761509
li,tscl,1MB,1,frmt_rev_hits,5656352
li,tscl,1MB,1,frmt_rev_misses,4105157
li,tscl,1MB,1,tage_fwd_lookups,9834136
li,tscl,1MB,1,tage_rev_lookups,0
li,tscl,1MB,1,tage_fwd_tag_matches,813180
li,tscl,1MB,1,tage_rev_tag_matches,0
li,tscl,1MB,1,sc_fwd_lookups,11938004
li,tscl,1MB,1,sc_rev_lookups,0
li,tscl,1MB,1,sc_fwd_inversions,32581
li,tscl,1MB,1,sc_rev_inversions,0
li,tscl,1MB,1,sc_fwd_threshold_checks,2984486
li,tscl,1MB,1,sc_rev_threshold_checks,0
li,tscl,1MB,1,sc_fwd_threshold_pass,32581
li,tscl,1MB,1,sc_rev_threshold_pass,0
li,tscl,1MB,1,sc_fwd_updates,0
li,tscl,1MB,1,sc_rev_updates,0
li,tscl,1MB,1,loop_fwd_lookups,2984501
li,tscl,1MB,1,loop_rev_lookups,2984501
li,tscl,1MB,1,loop_fwd_hits,15
li,tscl,1MB,1,loop_rev_hits,15
li,tscl,1MB,1,loop_fwd_chosen,15
li,tscl,1MB,1,loop_rev_chosen,15
li,tscl,1MB,1,llbp_fwd_lookups,0
li,tscl,1MB,1,llbp_rev_lookups,0
li,tscl,1MB,1,llbp_fwd_hits,0
li,tscl,1MB,1,llbp_rev_hits,0
li,tscl,1MB,1,llbp_fwd_chosen,0
li,tscl,1MB,1,llbp_rev_chosen,0
li,tscl,256KB,0,lookups,2903564
li,tscl,256KB,0,updates,2297409
li,tscl,256KB,0,addr_hits,2078999
li,tscl,256KB,0,dir_hits,2135175
li,tscl,256KB,0,misses,162234
li,tscl,256KB,0,jr_hits,334692
li,tscl,256KB,0,jr_seen,392200
li,tscl,256KB,0,jr_non_ras_hits.PP,67575
li,tscl,256KB,0,jr_non_ras_seen.PP,81846
li,tscl,256KB,0,bpred_addr_rate,0.9049
li,tscl,256KB,0,bpred_dir_rate,0.9294
li,tscl,256KB,0,bpred_jr_rate,0.8534
li,tscl,256KB,0,bpred_jr_non_ras_rate.PP,0.8256
li,tscl,256KB,0,retstack_pushes,396071
li,tscl,256KB,0,retstack_pops,383403
li,tscl,256KB,0,used_ras.PP,310354
li,tscl,256KB,0,ras_hits.PP,267117
li,tscl,256KB,0,ras_rate.PP,0.8607
li,tscl,256KB,0,reverse_lookups,2297409
li,tscl,256KB,0,reverse_updates,2297409
li,tscl,256KB,0,reverse_addr_hits,2263597
li,tscl,256KB,0,reverse_dir_hits,2275826
li,tscl,256KB,0,reverse_misses,21583
li,tscl,256KB,0,reverse_jr_hits,377933
li,tscl,256KB,0,reverse_jr_seen,392200
li,tscl,256KB,0,reverse_jr_non_ras_hits.PP,67579
li,tscl,256KB,0,reverse_jr_non_ras_seen.PP,81846
li,tscl,256KB,0,reverse_bpred_addr_rate,0.9853
li,tscl,256KB,0,reverse_bpred_dir_rate,0.9906
li,tscl,256KB,0,reverse_bpred_jr_rate,0.9636
li,tscl,256KB,0,reverse_bpred_jr_non_ras_rate.PP,0.8257
li,tscl,256KB,0,reverse_retstack_pushes,310354
li,tscl,256KB,0,reverse_retstack_pops,310650
li,tscl,256KB,0,reverse_used_ras.PP,310354
li,tscl,256KB,0,reverse_ras_hits.PP,310354
li,tscl,256KB,0,reverse_ras_rate.PP,1.0000
li,tscl,256KB,0,ob_fwd_lookups,0
li,tscl,256KB,0,ob_fwd_hits,0
li,tscl,256KB,0,ob_fwd_chosen,0
li,tscl,256KB,0,ob_fwd_correct,0
li,tscl,256KB,0,ob_rev_lookups,4345862
li,tscl,256KB,0,ob_rev_hits,524288
li,tscl,256KB,0,ob_rev_chosen,0
li,tscl,256KB,0,ob_rev_correct,262144
li,tscl,256KB,0,fhb_fwd_lookups,0
li,tscl,256KB,0,fhb_rev_lookups,4345862
li,tscl,256KB,0,fhb_fwd_valid_out,1336240
li,tscl,256KB,0,fhb_rev_valid_out,1336257
li,tscl,256KB,0,fhb_fwd_pred_uses,0
li,tscl,256KB,0,fhb_rev_pred_uses,0
li,tscl,256KB,0,fhb_fwd_update_uses,8017440
li,tscl,256KB,0,fhb_rev_update_uses,16034880
li,tscl,256KB,0,fhb_fwd_writes,1336257
li,tscl,256KB,0,fhb_rev_writes,1336257
li,tscl,256KB,0,fhb_fwd_ob_bypassed,0
li,tscl,256KB,0,fhb_rev_ob_bypassed,524288
li,tscl,256KB,0,fhb_fwd_oht_bypassed,0
li,tscl,256KB,0,fhb_rev_oht_bypassed,524288
li,tscl,256KB,0,oht_fwd_lookups,0
li,tscl,256KB,0,oht_fwd_hits,0
li,tscl,256KB,0,oht_fwd_chosen,0
li,tscl,256KB,0,oht_fwd_correct,0
li,tscl,256KB,0,oht_rev_lookups,4345862
li,tscl,256KB,0,oht_rev_hits,1074113
li,tscl,256KB,0,oht_rev_chosen,0
li,tscl,256KB,0,oht_rev_correct,1058630
li,tscl,256KB,0,frmt_fwd_lookups,0
li,tscl,256KB,0,frmt_fwd_hits,0
li,tscl,256KB,0,frmt_fwd_misses,0
li,tscl,256KB,0,frmt_rev_lookups,0
li,tscl,256KB,0,frmt_rev_hits,0
li,tscl,256KB,0,frmt_rev_misses,0
li,tscl,256KB,0,tage_fwd_lookups,10685980
li,tscl,256KB,0,tage_rev_lookups,0
li,tscl,256KB,0,tage_fwd_tag_matches,582012
li,tscl,256KB,0,tage_rev_tag_matches,0
li,tscl,256KB,0,sc_fwd_lookups,12038420
li,tscl,256KB,0,sc_rev_lookups,0
li,tscl,256KB,0,sc_fwd_inversions,69633
li,tscl,256KB,0,sc_rev_inversions,0
li,tscl,256KB,0,sc_fwd_threshold_checks,3009590
li,tscl,256KB,0,sc_rev_threshold_checks,0
li,tscl,256KB,0,sc_fwd_threshold_pass,69633
li,tscl,256KB,0,sc_rev_threshold_pass,0
li,tscl,256KB,0,sc_fwd_updates,5344960
li,tscl,256KB,0,sc_rev_updates,1336240
li,tscl,256KB,0,loop_fwd_lookups,3009605
li,tscl,256KB,0,loop_rev_lookups,3009605
li,tscl,256KB,0,loop_fwd_hits,15
li,tscl,256KB,0,loop_rev_hits,0
li,tscl,256KB,0,loop_fwd_chosen,15
li,tscl,256KB,0,loop_rev_chosen,0
li,tscl,256KB,0,llbp_fwd_lookups,0
li,tscl,256KB,0,llbp_rev_lookups,0
li,tscl,256KB,0,llbp_fwd_hits,0
li,tscl,256KB,0,llbp_rev_hits,0
li,tscl,256KB,0,llbp_fwd_chosen,0
li,tscl,256KB,0,llbp_rev_chosen,0
li,tscl,256KB,1,lookups,2866765
li,tscl,256KB,1,updates,2297409
li,tscl,256KB,1,addr_hits,2091915
li,tscl,256KB,1,dir_hits,2147784
li,tscl,256KB,1,misses,149625
li,tscl,256KB,1,jr_hits,334997
li,tscl,256KB,1,jr_seen,392200
li,tscl,256KB,1,jr_non_ras_hits.PP,67575
li,tscl,256KB,1,jr_non_ras_seen.PP,81846
li,tscl,256KB,1,bpred_addr_rate,0.9106
li,tscl,256KB,1,bpred_dir_rate,0.9349
li,tscl,256KB,1,bpred_jr_rate,0.8541
li,tscl,256KB,1,bpred_jr_non_ras_rate.PP,0.8256
li,tscl,256KB,1,retstack_pushes,386230
li,tscl,256KB,1,retstack_pops,383014
li,tscl,256KB,1,used_ras.PP,310354
li,tscl,256KB,1,ras_hits.PP,267422
li,tscl,256KB,1,ras_rate.PP,0.8617
li,tscl,256KB,1,reverse_lookups,2297409
li,tscl,256KB,1,reverse_updates,2297409
li,tscl,256KB,1,reverse_addr_hits,2264413
li,tscl,256KB,1,reverse_dir_hits,2276642
li,tscl,256KB,1,reverse_misses,20767
li,tscl,256KB,1,reverse_jr_hits,377933
li,tscl,256KB,1,reverse_jr_seen,392200
li,tscl,256KB,1,reverse_jr_non_ras_hits.PP,67579
li,tscl,256KB,1,reverse_jr_non_ras_seen.PP,81846
li,tscl,256KB,1,reverse_bpred_addr_rate,0.9856
li,tscl,256KB,1,reverse_bpred_dir_rate,0.9910
li,tscl,256KB,1,reverse_bpred_jr_rate,0.9636
li,tscl,256KB,1,reverse_bpred_jr_non_ras_rate.PP,0.8257
li,tscl,256KB,1,reverse_retstack_pushes,310354
li,tscl,256KB,1,reverse_retstack_pops,310650
li,tscl,256KB,1,reverse_used_ras.PP,310354
li,tscl,256KB,1,reverse_ras_hits.PP,310354
li,tscl,256KB,1,reverse_ras_rate.PP,1.0000
li,tscl,256KB,1,ob_fwd_lookups,0
li,tscl,256KB,1,ob_fwd_hits,0
li,tscl,256KB,1,ob_fwd_chosen,0
li,tscl,256KB,1,ob_fwd_correct,0
li,tscl,256KB,1,ob_rev_lookups,4319140
li,tscl,256KB,1,ob_rev_hits,524288
li,tscl,256KB,1,ob_rev_chosen,0
li,tscl,256KB,1,ob_rev_correct,262144
li,tscl,256KB,1,fhb_fwd_lookups,0
li,tscl,256KB,1,fhb_rev_lookups,4319140
li,tscl,256KB,1,fhb_fwd_valid_out,1336240
li,tscl,256KB,1,fhb_rev_valid_out,1336257
li,tscl,256KB,1,fhb_fwd_pred_uses,0
li,tscl,256KB,1,fhb_rev_pred_uses,0
li,tscl,256KB,1,fhb_fwd_update_uses,0
li,tscl,256KB,1,fhb_rev_update_uses,0
li,tscl,256KB,1,fhb_fwd_writes,1336257
li,tscl,256KB,1,fhb_rev_writes,1336257
li,tscl,256KB,1,fhb_fwd_ob_bypassed,0
li,tscl,256KB,1,fhb_rev_ob_bypassed,1474891
li,tscl,256KB,1,fhb_fwd_oht_bypassed,0
li,tscl,256KB,1,fhb_rev_oht_bypassed,1474891
li,tscl,256KB,1,oht_fwd_lookups,0
li,tscl,256KB,1,oht_fwd_hits,0
li,tscl,256KB,1,oht_fwd_chosen,0
li,tscl,256KB,1,oht_fwd_correct,0
li,tscl,256KB,1,oht_rev_lookups,4319140
li,tscl,256KB,1,oht_rev_hits,950603
li,tscl,256KB,1,oht_rev_chosen,0
li,tscl,256KB,1,oht_rev_correct,936283
li,tscl,256KB,1,frmt_fwd_lookups,0
li,tscl,256KB,1,frmt_fwd_hits,0
li,tscl,256KB,1,frmt_fwd_misses,0
li,tscl,256KB,1,frmt_rev_lookups,9758992
li,tscl,256KB,1,frmt_rev_hits,5654734
li,tscl,256KB,1,frmt_rev_misses,4104258
li,tscl,256KB,1,tage_fwd_lookups,9901736
li,tscl,256KB,1,tage_rev_lookups,0
li,tscl,256KB,1,tage_fwd_tag_matches,827123
li,tscl,256KB,1,tage_rev_tag_matches,0
li,tscl,256KB,1,sc_fwd_lookups,11931532
li,tscl,256KB,1,sc_rev_lookups,0
li,tscl,256KB,1,sc_fwd_inversions,32894
li,tscl,256KB,1,sc_rev_inversions,0
li,tscl,256KB,1,sc_fwd_threshold_checks,2982868
li,tscl,256KB,1,sc_rev_threshold_checks,0
li,tscl,256KB,1,sc_fwd_threshold_pass,32894
li,tscl,256KB,1,sc_rev_threshold_pass,0
li,tscl,256KB,1,sc_fwd_updates,0
li,tscl,256KB,1,sc_rev_updates,0
li,tscl,256KB,1,loop_fwd_lookups,2982883
li,tscl,256KB,1,loop_rev_lookups,2982883
li,tscl,256KB,1,loop_fwd_hits,15
li,tscl,256KB,1,loop_rev_hits,15
li,tscl,256KB,1,loop_fwd_chosen,15
li,tscl,256KB,1,loop_rev_chosen,15
li,tscl,256KB,1,llbp_fwd_lookups,0
li,tscl,256KB,1,llbp_rev_lookups,0
li,tscl,256KB,1,llbp_fwd_hits,0
li,tscl,256KB,1,llbp_rev_hits,0
li,tscl,256KB,1,llbp_fwd_chosen,0
li,tscl,256KB,1,llbp_rev_chosen,0
li,tscl,32KB,0,lookups,2898033
li,tscl,32KB,0,updates,2297409
li,tscl,32KB,0,addr_hits,2079955
li,tscl,32KB,0,dir_hits,2135714
li,tscl,32KB,0,misses,161695
li,tscl,32KB,0,jr_hits,335109
li,tscl,32KB,0,jr_seen,392200
li,tscl,32KB,0,jr_non_ras_hits.PP,67575
li,tscl,32KB,0,jr_non_ras_seen.PP,81846
li,tscl,32KB,0,bpred_addr_rate,0.9053
li,tscl,32KB,0,bpred_dir_rate,0.9296
li,tscl,32KB,0,bpred_jr_rate,0.8544
li,tscl,32KB,0,bpred_jr_non_ras_rate.PP,0.8256
li,tscl,32KB,0,retstack_pushes,394574
li,tscl,32KB,0,retstack_pops,385586
li,tscl,32KB,0,used_ras.PP,310354
li,tscl,32KB,0,ras_hits.PP,267534
li,tscl,32KB,0,ras_rate.PP,0.8620
li,tscl,32KB,0,reverse_lookups,2297409
li,tscl,32KB,0,reverse_updates,2297409
li,tscl,32KB,0,reverse_addr_hits,2217837
li,tscl,32KB,0,reverse_dir_hits,2230065
li,tscl,32KB,0,reverse_misses,67344
li,tscl,32KB,0,reverse_jr_hits,377933
li,tscl,32KB,0,reverse_jr_seen,392200
li,tscl,32KB,0,reverse_jr_non_ras_hits.PP,67579
li,tscl,32KB,0,reverse_jr_non_ras_seen.PP,81846
li,tscl,32KB,0,reverse_bpred_addr_rate,0.9654
li,tscl,32KB,0,reverse_bpred_dir_rate,0.9707
li,tscl,32KB,0,reverse_bpred_jr_rate,0.9636
li,tscl,32KB,0,reverse_bpred_jr_non_ras_rate.PP,0.8257
li,tscl,32KB,0,reverse_retstack_pushes,310354
li,tscl,32KB,0,reverse_retstack_pops,310650
li,tscl,32KB,0,reverse_used_ras.PP,310354
li,tscl,32KB,0,reverse_ras_hits.PP,310354
li,tscl,32KB,0,reverse_ras_rate.PP,1.0000
li,tscl,32KB,0,ob_fwd_lookups,0
li,tscl,32KB,0,ob_fwd_hits,0
li,tscl,32KB,0,ob_fwd_chosen,0
li,tscl,32KB,0,ob_fwd_correct,0
li,tscl,32KB,0,ob_rev_lookups,4339000
li,tscl,32KB,0,ob_rev_hits,65536
li,tscl,32KB,0,ob_rev_chosen,0
li,tscl,32KB,0,ob_rev_correct,32768
li,tscl,32KB,0,fhb_fwd_lookups,0
li,tscl,32KB,0,fhb_rev_lookups,4339000
li,tscl,32KB,0,fhb_fwd_valid_out,1336240
li,tscl,32KB,0,fhb_rev_valid_out,1336257
li,tscl,32KB,0,fhb_fwd_pred_uses,0
li,tscl,32KB,0,fhb_rev_pred_uses,0
li,tscl,32KB,0,fhb_fwd_update_uses,8017440
li,tscl,32KB,0,fhb_rev_update_uses,16034880
li,tscl,32KB,0,fhb_fwd_writes,1336257
li,tscl,32KB,0,fhb_rev_writes,1336257
li,tscl,32KB,0,fhb_fwd_ob_bypassed,0
li,tscl,32KB,0,fhb_rev_ob_bypassed,65536
li,tscl,32KB,0,fhb_fwd_oht_bypassed,0
li,tscl,32KB,0,fhb_rev_oht_bypassed,65536
li,tscl,32KB,0,oht_fwd_lookups,0
li,tscl,32KB,0,oht_fwd_hits,0
li,tscl,32KB,0,oht_fwd_chosen,0
li,tscl,32KB,0,oht_fwd_correct,0
li,tscl,32KB,0,oht_rev_lookups,4339000
li,tscl,32KB,0,oht_rev_hits,1303483
li,tscl,32KB,0,oht_rev_chosen,0
li,tscl,32KB,0,oht_rev_correct,1242240
li,tscl,32KB,0,frmt_fwd_lookups,0
li,tscl,32KB,0,frmt_fwd_hits,0
li,tscl,32KB,0,frmt_fwd_misses,0
li,tscl,32KB,0,frmt_rev_lookups,0
li,tscl,32KB,0,frmt_rev_hits,0
li,tscl,32KB,0,frmt_rev_misses,0
li,tscl,32KB,0,tage_fwd_lookups,10570448
li,tscl,32KB,0,tage_rev_lookups,0
li,tscl,32KB,0,tage_fwd_tag_matches,692755
li,tscl,32KB,0,tage_rev_tag_matches,0
li,tscl,32KB,0,sc_fwd_lookups,12010972
li,tscl,32KB,0,sc_rev_lookups,0
li,tscl,32KB,0,sc_fwd_inversions,80879
li,tscl,32KB,0,sc_rev_inversions,0
li,tscl,32KB,0,sc_fwd_threshold_checks,3002728
li,tscl,32KB,0,sc_rev_threshold_checks,0
li,tscl,32KB,0,sc_fwd_threshold_pass,80879
li,tscl,32KB,0,sc_rev_threshold_pass,0
li,tscl,32KB,0,sc_fwd_updates,5344960
li,tscl,32KB,0,sc_rev_updates,1336240
li,tscl,32KB,0,loop_fwd_lookups,3002743
li,tscl,32KB,0,loop_rev_lookups,3002743
li,tscl,32KB,0,loop_fwd_hits,15
li,tscl,32KB,0,loop_rev_hits,0
li,tscl,32KB,0,loop_fwd_chosen,15
li,tscl,32KB,0,loop_rev_chosen,0
li,tscl,32KB,0,llbp_fwd_lookups,0
li,tscl,32KB,0,llbp_rev_lookups,0
li,tscl,32KB,0,llbp_fwd_hits,0
li,tscl,32KB,0,llbp_rev_hits,0
li,tscl,32KB,0,llbp_fwd_chosen,0
li,tscl,32KB,0,llbp_rev_chosen,0
li,tscl,32KB,1,lookups,2860346
li,tscl,32KB,1,updates,2297409
li,tscl,32KB,1,addr_hits,2092563
li,tscl,32KB,1,dir_hits,2148157
li,tscl,32KB,1,misses,149252
li,tscl,32KB,1,jr_hits,335272
li,tscl,32KB,1,jr_seen,392200
li,tscl,32KB,1,jr_non_ras_hits.PP,67575
li,tscl,32KB,1,jr_non_ras_seen.PP,81846
li,tscl,32KB,1,bpred_addr_rate,0.9108
li,tscl,32KB,1,bpred_dir_rate,0.9350
li,tscl,32KB,1,bpred_jr_rate,0.8548
li,tscl,32KB,1,bpred_jr_non_ras_rate.PP,0.8256
li,tscl,32KB,1,retstack_pushes,385339
li,tscl,32KB,1,retstack_pops,383863
li,tscl,32KB,1,used_ras.PP,310354
li,tscl,32KB,1,ras_hits.PP,267697
li,tscl,32KB,1,ras_rate.PP,0.8626
li,tscl,32KB,1,reverse_lookups,2297409
li,tscl,32KB,1,reverse_updates,2297409
li,tscl,32KB,1,reverse_addr_hits,2231546
li,tscl,32KB,1,reverse_dir_hits,2243775
li,tscl,32KB,1,reverse_misses,53634
li,tscl,32KB,1,reverse_jr_hits,377933
li,tscl,32KB,1,reverse_jr_seen,392200
li,tscl,32KB,1,reverse_jr_non_ras_hits.PP,67579
li,tscl,32KB,1,reverse_jr_non_ras_seen.PP,81846
li,tscl,32KB,1,reverse_bpred_addr_rate,0.9713
li,tscl,32KB,1,reverse_bpred_dir_rate,0.9767
li,tscl,32KB,1,reverse_bpred_jr_rate,0.9636
li,tscl,32KB,1,reverse_bpred_jr_non_ras_rate.PP,0.8257
li,tscl,32KB,1,reverse_retstack_pushes,310354
li,tscl,32KB,1,reverse_retstack_pops,310650
li,tscl,32KB,1,reverse_used_ras.PP,310354
li,tscl,32KB,1,reverse_ras_hits.PP,310354
li,tscl,32KB,1,reverse_ras_rate.PP,1.0000
li,tscl,32KB,1,ob_fwd_lookups,0
li,tscl,32KB,1,ob_fwd_hits,0
li,tscl,32KB,1,ob_fwd_chosen,0
li,tscl,32KB,1,ob_fwd_correct,0
li,tscl,32KB,1,ob_rev_lookups,4314233
li,tscl,32KB,1,ob_rev_hits,65536
li,tscl,32KB,1,ob_rev_chosen,0
li,tscl,32KB,1,ob_rev_correct,32768
li,tscl,32KB,1,fhb_fwd_lookups,0
li,tscl,32KB,1,fhb_rev_lookups,4314233
li,tscl,32KB,1,fhb_fwd_valid_out,1336240
li,tscl,32KB,1,fhb_rev_valid_out,1336257
li,tscl,32KB,1,fhb_fwd_pred_uses,0
li,tscl,32KB,1,fhb_rev_pred_uses,0
li,tscl,32KB,1,fhb_fwd_update_uses,0
li,tscl,32KB,1,fhb_rev_update_uses,0
li,tscl,32KB,1,fhb_fwd_writes,1336257
li,tscl,32KB,1,fhb_rev_writes,1336257
li,tscl,32KB,1,fhb_fwd_ob_bypassed,0
li,tscl,32KB,1,fhb_rev_ob_bypassed,1073628
li,tscl,32KB,1,fhb_fwd_oht_bypassed,0
li,tscl,32KB,1,fhb_rev_oht_bypassed,1073628
li,tscl,32KB,1,oht_fwd_lookups,0
li,tscl,32KB,1,oht_fwd_hits,0
li,tscl,32KB,1,oht_fwd_chosen,0
li,tscl,32KB,1,oht_fwd_correct,0
li,tscl,32KB,1,oht_rev_lookups,4314233
li,tscl,32KB,1,oht_rev_hits,1008092
li,tscl,32KB,1,oht_rev_chosen,0
li,tscl,32KB,1,oht_rev_correct,961877
li,tscl,32KB,1,frmt_fwd_lookups,0
li,tscl,32KB,1,frmt_fwd_hits,0
li,tscl,32KB,1,frmt_fwd_misses,0
li,tscl,32KB,1,frmt_rev_lookups,9752573
li,tscl,32KB,1,frmt_rev_hits,6087129
li,tscl,32KB,1,frmt_rev_misses,3665444
li,tscl,32KB,1,tage_fwd_lookups,10012473
li,tscl,32KB,1,tage_rev_lookups,0
li,tscl,32KB,1,tage_fwd_tag_matches,850656
li,tscl,32KB,1,tage_rev_tag_matches,0
li,tscl,32KB,1,sc_fwd_lookups,11911904
li,tscl,32KB,1,sc_rev_lookups,0
li,tscl,32KB,1,sc_fwd_inversions,27012
li,tscl,32KB,1,sc_rev_inversions,0
li,tscl,32KB,1,sc_fwd_threshold_checks,2977961
li,tscl,32KB,1,sc_rev_threshold_checks,0
li,tscl,32KB,1,sc_fwd_threshold_pass,27012
li,tscl,32KB,1,sc_rev_threshold_pass,0
li,tscl,32KB,1,sc_fwd_updates,0
li,tscl,32KB,1,sc_rev_updates,0
li,tscl,32KB,1,loop_fwd_lookups,2977976
li,tscl,32KB,1,loop_rev_lookups,2977976
li,tscl,32KB,1,loop_fwd_hits,15
li,tscl,32KB,1,loop_rev_hits,15
li,tscl,32KB,1,loop_fwd_chosen,15
li,tscl,32KB,1,loop_rev_chosen,15
li,tscl,32KB,1,llbp_fwd_lookups,0
li,tscl,32KB,1,llbp_rev_lookups,0
li,tscl,32KB,1,llbp_fwd_hits,0
li,tscl,32KB,1,llbp_rev_hits,0
li,tscl,32KB,1,llbp_fwd_chosen,0
li,tscl,32KB,1,llbp_rev_chosen,0
li,tscl,512KB,0,lookups,2907568
li,tscl,512KB,0,updates,2297409
li,tscl,512KB,0,addr_hits,2078197
li,tscl,512KB,0,dir_hits,2134822
li,tscl,512KB,0,misses,162587
li,tscl,512KB,0,jr_hits,334243
li,tscl,512KB,0,jr_seen,392200
li,tscl,512KB,0,jr_non_ras_hits.PP,67575
li,tscl,512KB,0,jr_non_ras_seen.PP,81846
li,tscl,512KB,0,bpred_addr_rate,0.9046
li,tscl,512KB,0,bpred_dir_rate,0.9292
li,tscl,512KB,0,bpred_jr_rate,0.8522
li,tscl,512KB,0,bpred_jr_non_ras_rate.PP,0.8256
li,tscl,512KB,0,retstack_pushes,399881
li,tscl,512KB,0,retstack_pops,382187
li,tscl,512KB,0,used_ras.PP,310354
li,tscl,512KB,0,ras_hits.PP,266668
li,tscl,512KB,0,ras_rate.PP,0.8592
li,tscl,512KB,0,reverse_lookups,2297409
li,tscl,512KB,0,reverse_updates,2297409
li,tscl,512KB,0,reverse_addr_hits,2269131
li,tscl,512KB,0,reverse_dir_hits,2281360
li,tscl,512KB,0,reverse_misses,16049
li,tscl,512KB,0,reverse_jr_hits,377933
li,tscl,512KB,0,reverse_jr_seen,392200
li,tscl,512KB,0,reverse_jr_non_ras_hits.PP,67579
li,tscl,512KB,0,reverse_jr_non_ras_seen.PP,81846
li,tscl,512KB,0,reverse_bpred_addr_rate,0.9877
li,tscl,512KB,0,reverse_bpred_dir_rate,0.9930
li,tscl,512KB,0,reverse_bpred_jr_rate,0.9636
li,tscl,512KB,0,reverse_bpred_jr_non_ras_rate.PP,0.8257
li,tscl,512KB,0,reverse_retstack_pushes,310354
li,tscl,512KB,0,reverse_retstack_pops,310650
li,tscl,512KB,0,reverse_used_ras.PP,310354
li,tscl,512KB,0,reverse_ras_hits.PP,310354
li,tscl,512KB,0,reverse_ras_rate.PP,1.0000
li,tscl,512KB,0,ob_fwd_lookups,0
li,tscl,512KB,0,ob_fwd_hits,0
li,tscl,512KB,0,ob_fwd_chosen,0
li,tscl,512KB,0,ob_fwd_correct,0
li,tscl,512KB,0,ob_rev_lookups,4347502
li,tscl,512KB,0,ob_rev_hits,1048576
li,tscl,512KB,0,ob_rev_chosen,0
li,tscl,512KB,0,ob_rev_correct,524288
li,tscl,512KB,0,fhb_fwd_lookups,0
li,tscl,512KB,0,fhb_rev_lookups,4347502
li,tscl,512KB,0,fhb_fwd_valid_out,1336240
li,tscl,512KB,0,fhb_rev_valid_out,1336257
li,tscl,512KB,0,fhb_fwd_pred_uses,0
li,tscl,512KB,0,fhb_rev_pred_uses,0
li,tscl,512KB,0,fhb_fwd_update_uses,8017440
li,tscl,512KB,0,fhb_rev_update_uses,16034880
li,tscl,512KB,0,fhb_fwd_writes,1336257
li,tscl,512KB,0,fhb_rev_writes,1336257
li,tscl,512KB,0,fhb_fwd_ob_bypassed,0
li,tscl,512KB,0,fhb_rev_ob_bypassed,1048576
li,tscl,512KB,0,fhb_fwd_oht_bypassed,0
li,tscl,512KB,0,fhb_rev_oht_bypassed,1048576
li,tscl,512KB,0,oht_fwd_lookups,0
li,tscl,512KB,0,oht_fwd_hits,0
li,tscl,512KB,0,oht_fwd_chosen,0
li,tscl,512KB,0,oht_fwd_correct,0
li,tscl,512KB,0,oht_rev_lookups,4347502
li,tscl,512KB,0,oht_rev_hits,811969
li,tscl,512KB,0,oht_rev_chosen,0
li,tscl,512KB,0,oht_rev_correct,802020
li,tscl,512KB,0,frmt_fwd_lookups,0
li,tscl,512KB,0,frmt_fwd_hits,0
li,tscl,512KB,0,frmt_fwd_misses,0
li,tscl,512KB,0,frmt_rev_lookups,0
li,tscl,512KB,0,frmt_rev_hits,0
li,tscl,512KB,0,frmt_rev_misses,0
li,tscl,512KB,0,tage_fwd_lookups,10669370
li,tscl,512KB,0,tage_rev_lookups,0
li,tscl,512KB,0,tage_fwd_tag_matches,555459
li,tscl,512KB,0,tage_rev_tag_matches,0
li,tscl,512KB,0,sc_fwd_lookups,12044980
li,tscl,512KB,0,sc_rev_lookups,0
li,tscl,512KB,0,sc_fwd_inversions,73498
li,tscl,512KB,0,sc_rev_inversions,0
li,tscl,512KB,0,sc_fwd_threshold_checks,3011230
li,tscl,512KB,0,sc_rev_threshold_checks,0
li,tscl,512KB,0,sc_fwd_threshold_pass,73498
li,tscl,512KB,0,sc_rev_threshold_pass,0
li,tscl,512KB,0,sc_fwd_updates,5344960
li,tscl,512KB,0,sc_rev_updates,1336240
li,tscl,512KB,0,loop_fwd_lookups,3011245
li,tscl,512KB,0,loop_rev_lookups,3011245
li,tscl,512KB,0,loop_fwd_hits,15
li,tscl,512KB,0,loop_rev_hits,0
li,tscl,512KB,0,loop_fwd_chosen,15
li,tscl,512KB,0,loop_rev_chosen,0
li,tscl,512KB,0,llbp_fwd_lookups,0
li,tscl,512KB,0,llbp_rev_lookups,0
li,tscl,512KB,0,llbp_fwd_hits,0
li,tscl,512KB,0,llbp_rev_hits,0
li,tscl,512KB,0,llbp_fwd_chosen,0
li,tscl,512KB,0,llbp_rev_chosen,0
li,tscl,512KB,1,lookups,2870027
li,tscl,512KB,1,updates,2297409
li,tscl,512KB,1,addr_hits,2089443
li,tscl,512KB,1,dir_hits,2145561
li,tscl,512KB,1,misses,151848
li,tscl,512KB,1,jr_hits,334748
li,tscl,512KB,1,jr_seen,392200
li,tscl,512KB,1,jr_non_ras_hits.PP,67575
li,tscl,512KB,1,jr_non_ras_seen.PP,81846
li,tscl,512KB,1,bpred_addr_rate,0.9095
li,tscl,512KB,1,bpred_dir_rate,0.9339
li,tscl,512KB,1,bpred_jr_rate,0.8535
li,tscl,512KB,1,bpred_jr_non_ras_rate.PP,0.8256
li,tscl,512KB,1,retstack_pushes,390032
li,tscl,512KB,1,retstack_pops,382225
li,tscl,512KB,1,used_ras.PP,310354
li,tscl,512KB,1,ras_hits.PP,267173
li,tscl,512KB,1,ras_rate.PP,0.8609
li,tscl,512KB,1,reverse_lookups,2297409
li,tscl,512KB,1,reverse_updates,2297409
li,tscl,512KB,1,reverse_addr_hits,2269131
li,tscl,512KB,1,reverse_dir_hits,2281360
li,tscl,512KB,1,reverse_misses,16049
li,tscl,512KB,1,reverse_jr_hits,377933
li,tscl,512KB,1,reverse_jr_seen,392200
li,tscl,512KB,1,reverse_jr_non_ras_hits.PP,67579
li,tscl,512KB,1,reverse_jr_non_ras_seen.PP,81846
li,tscl,512KB,1,reverse_bpred_addr_rate,0.9877
li,tscl,512KB,1,reverse_bpred_dir_rate,0.9930
li,tscl,512KB,1,reverse_bpred_jr_rate,0.9636
li,tscl,512KB,1,reverse_bpred_jr_non_ras_rate.PP,0.8257
li,tscl,512KB,1,reverse_retstack_pushes,310354
li,tscl,512KB,1,reverse_retstack_pops,310650
li,tscl,512KB,1,reverse_used_ras.PP,310354
li,tscl,512KB,1,reverse_ras_hits.PP,310354
li,tscl,512KB,1,reverse_ras_rate.PP,1.0000
li,tscl,512KB,1,ob_fwd_lookups,0
li,tscl,512KB,1,ob_fwd_hits,0
li,tscl,512KB,1,ob_fwd_chosen,0
li,tscl,512KB,1,ob_fwd_correct,0
li,tscl,512KB,1,ob_rev_lookups,4319418
li,tscl,512KB,1,ob_rev_hits,1048576
li,tscl,512KB,1,ob_rev_chosen,0
li,tscl,512KB,1,ob_rev_correct,524288
li,tscl,512KB,1,fhb_fwd_lookups,0
li,tscl,512KB,1,fhb_rev_lookups,4319418
li,tscl,512KB,1,fhb_fwd_valid_out,1336240
li,tscl,512KB,1,fhb_rev_valid_out,1336257
li,tscl,512KB,1,fhb_fwd_pred_uses,0
li,tscl,512KB,1,fhb_rev_pred_uses,0
li,tscl,512KB,1,fhb_fwd_update_uses,0
li,tscl,512KB,1,fhb_rev_update_uses,0
li,tscl,512KB,1,fhb_fwd_writes,1336257
li,tscl,512KB,1,fhb_rev_writes,1336257
li,tscl,512KB,1,fhb_fwd_ob_bypassed,0
li,tscl,512KB,1,fhb_rev_ob_bypassed,1783786
li,tscl,512KB,1,fhb_fwd_oht_bypassed,0
li,tscl,512KB,1,fhb_rev_oht_bypassed,1783786
li,tscl,512KB,1,oht_fwd_lookups,0
li,tscl,512KB,1,oht_fwd_hits,0
li,tscl,512KB,1,oht_fwd_chosen,0
li,tscl,512KB,1,oht_fwd_correct,0
li,tscl,512KB,1,oht_rev_lookups,4319418
li,tscl,512KB,1,oht_rev_hits,735210
li,tscl,512KB,1,oht_rev_chosen,0
li,tscl,512KB,1,oht_rev_correct,725449
li,tscl,512KB,1,frmt_fwd_lookups,0
li,tscl,512KB,1,frmt_fwd_hits,0
li,tscl,512KB,1,frmt_fwd_misses,0
li,tscl,512KB,1,frmt_rev_lookups,9762254
li,tscl,512KB,1,frmt_rev_hits,5655012
li,tscl,512KB,1,frmt_rev_misses,4107242
li,tscl,512KB,1,tage_fwd_lookups,9834322
li,tscl,512KB,1,tage_rev_lookups,0
li,tscl,512KB,1,tage_fwd_tag_matches,827840
li,tscl,512KB,1,tage_rev_tag_matches,0
li,tscl,512KB,1,sc_fwd_lookups,11932644
li,tscl,512KB,1,sc_rev_lookups,0
li,tscl,512KB,1,sc_fwd_inversions,33781
li,tscl,512KB,1,sc_rev_inversions,0
li,tscl,512KB,1,sc_fwd_threshold_checks,2983146
li,tscl,512KB,1,sc_rev_threshold_checks,0
li,tscl,512KB,1,sc_fwd_threshold_pass,33781
li,tscl,512KB,1,sc_rev_threshold_pass,0
li,tscl,512KB,1,sc_fwd_updates,0
li,tscl,512KB,1,sc_rev_updates,0
li,tscl,512KB,1,loop_fwd_lookups,2983161
li,tscl,512KB,1,loop_rev_lookups,2983161
li,tscl,512KB,1,loop_fwd_hits,15
li,tscl,512KB,1,loop_rev_hits,15
li,tscl,512KB,1,loop_fwd_chosen,15
li,tscl,512KB,1,loop_rev_chosen,15
li,tscl,512KB,1,llbp_fwd_lookups,0
li,tscl,512KB,1,llbp_rev_lookups,0
li,tscl,512KB,1,llbp_fwd_hits,0
li,tscl,512KB,1,llbp_rev_hits,0
li,tscl,512KB,1,llbp_fwd_chosen,0
li,tscl,512KB,1,llbp_rev_chosen,0
li,tscl,64KB,0,lookups,2900866
li,tscl,64KB,0,updates,2297409
li,tscl,64KB,0,addr_hits,2079517
li,tscl,64KB,0,dir_hits,2135491
li,tscl,64KB,0,misses,161918
li,tscl,64KB,0,jr_hits,334894
li,tscl,64KB,0,jr_seen,392200
li,tscl,64KB,0,jr_non_ras_hits.PP,67575
li,tscl,64KB,0,jr_non_ras_seen.PP,81846
li,tscl,64KB,0,bpred_addr_rate,0.9052
li,tscl,64KB,0,bpred_dir_rate,0.9295
li,tscl,64KB,0,bpred_jr_rate,0.8539
li,tscl,64KB,0,bpred_jr_non_ras_rate.PP,0.8256
li,tscl,64KB,0,retstack_pushes,395014
li,tscl,64KB,0,retstack_pops,385121
li,tscl,64KB,0,used_ras.PP,310354
li,tscl,64KB,0,ras_hits.PP,267319
li,tscl,64KB,0,ras_rate.PP,0.8613
li,tscl,64KB,0,reverse_lookups,2297409
li,tscl,64KB,0,reverse_updates,2297409
li,tscl,64KB,0,reverse_addr_hits,2231804
li,tscl,64KB,0,reverse_dir_hits,2244033
li,tscl,64KB,0,reverse_misses,53376
li,tscl,64KB,0,reverse_jr_hits,377933
li,tscl,64KB,0,reverse_jr_seen,392200
li,tscl,64KB,0,reverse_jr_non_ras_hits.PP,67579
li,tscl,64KB,0,reverse_jr_non_ras_seen.PP,81846
li,tscl,64KB,0,reverse_bpred_addr_rate,0.9714
li,tscl,64KB,0,reverse_bpred_dir_rate,0.9768
li,tscl,64KB,0,reverse_bpred_jr_rate,0.9636
li,tscl,64KB,0,reverse_bpred_jr_non_ras_rate.PP,0.8257
li,tscl,64KB,0,reverse_retstack_pushes,310354
li,tscl,64KB,0,reverse_retstack_pops,310650
li,tscl,64KB,0,reverse_used_ras.PP,310354
li,tscl,64KB,0,reverse_ras_hits.PP,310354
li,tscl,64KB,0,reverse_ras_rate.PP,1.0000
li,tscl,64KB,0,ob_fwd_lookups,0
li,tscl,64KB,0,ob_fwd_hits,0
li,tscl,64KB,0,ob_fwd_chosen,0
li,tscl,64KB,0,ob_fwd_correct,0
li,tscl,64KB,0,ob_rev_lookups,4341231
li,tscl,64KB,0,ob_rev_hits,131072
li,tscl,64KB,0,ob_rev_chosen,0
li,tscl,64KB,0,ob_rev_correct,65536
li,tscl,64KB,0,fhb_fwd_lookups,0
li,tscl,64KB,0,fhb_rev_lookups,4341231
li,tscl,64KB,0,fhb_fwd_valid_out,1336240
li,tscl,64KB,0,fhb_rev_valid_out,1336257
li,tscl,64KB,0,fhb_fwd_pred_uses,0
li,tscl,64KB,0,fhb_rev_pred_uses,0
li,tscl,64KB,0,fhb_fwd_update_uses,8017440
li,tscl,64KB,0,fhb_rev_update_uses,16034880
li,tscl,64KB,0,fhb_fwd_writes,1336257
li,tscl,64KB,0,fhb_rev_writes,1336257
li,tscl,64KB,0,fhb_fwd_ob_bypassed,0
li,tscl,64KB,0,fhb_rev_ob_bypassed,131072
li,tscl,64KB,0,fhb_fwd_oht_bypassed,0
li,tscl,64KB,0,fhb_rev_oht_bypassed,131072
li,tscl,64KB,0,oht_fwd_lookups,0
li,tscl,64KB,0,oht_fwd_hits,0
li,tscl,64KB,0,oht_fwd_chosen,0
li,tscl,64KB,0,oht_fwd_correct,0
li,tscl,64KB,0,oht_rev_lookups,4341231
li,tscl,64KB,0,oht_rev_hits,1270721
li,tscl,64KB,0,oht_rev_chosen,0
li,tscl,64KB,0,oht_rev_correct,1223445
li,tscl,64KB,0,frmt_fwd_lookups,0
li,tscl,64KB,0,frmt_fwd_hits,0
li,tscl,64KB,0,frmt_fwd_misses,0
li,tscl,64KB,0,frmt_rev_lookups,0
li,tscl,64KB,0,frmt_rev_hits,0
li,tscl,64KB,0,frmt_rev_misses,0
li,tscl,64KB,0,tage_fwd_lookups,10588858
li,tscl,64KB,0,tage_rev_lookups,0
li,tscl,64KB,0,tage_fwd_tag_matches,648101
li,tscl,64KB,0,tage_rev_tag_matches,0
li,tscl,64KB,0,sc_fwd_lookups,12019896
li,tscl,64KB,0,sc_rev_lookups,0
li,tscl,64KB,0,sc_fwd_inversions,92073
li,tscl,64KB,0,sc_rev_inversions,0
li,tscl,64KB,0,sc_fwd_threshold_checks,3004959
li,tscl,64KB,0,sc_rev_threshold_checks,0
li,tscl,64KB,0,sc_fwd_threshold_pass,92073
li,tscl,64KB,0,sc_rev_threshold_pass,0
li,tscl,64KB,0,sc_fwd_updates,5344960
li,tscl,64KB,0,sc_rev_updates,1336240
li,tscl,64KB,0,loop_fwd_lookups,3004974
li,tscl,64KB,0,loop_rev_lookups,3004974
li,tscl,64KB,0,loop_fwd_hits,15
li,tscl,64KB,0,loop_rev_hits,0
li,tscl,64KB,0,loop_fwd_chosen,15
li,tscl,64KB,0,loop_rev_chosen,0
li,tscl,64KB,0,llbp_fwd_lookups,0
li,tscl,64KB,0,llbp_rev_lookups,0
li,tscl,64KB,0,llbp_fwd_hits,0
li,tscl,64KB,0,llbp_rev_hits,0
li,tscl,64KB,0,llbp_fwd_chosen,0
li,tscl,64KB,0,llbp_rev_chosen,0
li,tscl,64KB,1,lookups,2861756
li,tscl,64KB,1,updates,2297409
li,tscl,64KB,1,addr_hits,2092518
li,tscl,64KB,1,dir_hits,2148255
li,tscl,64KB,1,misses,149154
li,tscl,64KB,1,jr_hits,335129
li,tscl,64KB,1,jr_seen,392200
li,tscl,64KB,1,jr_non_ras_hits.PP,67575
li,tscl,64KB,1,jr_non_ras_seen.PP,81846
li,tscl,64KB,1,bpred_addr_rate,0.9108
li,tscl,64KB,1,bpred_dir_rate,0.9351
li,tscl,64KB,1,bpred_jr_rate,0.8545
li,tscl,64KB,1,bpred_jr_non_ras_rate.PP,0.8256
li,tscl,64KB,1,retstack_pushes,384861
li,tscl,64KB,1,retstack_pops,383883
li,tscl,64KB,1,used_ras.PP,310354
li,tscl,64KB,1,ras_hits.PP,267554
li,tscl,64KB,1,ras_rate.PP,0.8621
li,tscl,64KB,1,reverse_lookups,2297409
li,tscl,64KB,1,reverse_updates,2297409
li,tscl,64KB,1,reverse_addr_hits,2236563
li,tscl,64KB,1,reverse_dir_hits,2248792
li,tscl,64KB,1,reverse_misses,48617
li,tscl,64KB,1,reverse_jr_hits,377933
li,tscl,64KB,1,reverse_jr_seen,392200
li,tscl,64KB,1,reverse_jr_non_ras_hits.PP,67579
li,tscl,64KB,1,reverse_jr_non_ras_seen.PP,81846
li,tscl,64KB,1,reverse_bpred_addr_rate,0.9735
li,tscl,64KB,1,reverse_bpred_dir_rate,0.9788
li,tscl,64KB,1,reverse_bpred_jr_rate,0.9636
li,tscl,64KB,1,reverse_bpred_jr_non_ras_rate.PP,0.8257
li,tscl,64KB,1,reverse_retstack_pushes,310354
li,tscl,64KB,1,reverse_retstack_pops,310650
li,tscl,64KB,1,reverse_used_ras.PP,310354
li,tscl,64KB,1,reverse_ras_hits.PP,310354
li,tscl,64KB,1,reverse_ras_rate.PP,1.0000
li,tscl,64KB,1,ob_fwd_lookups,0
li,tscl,64KB,1,ob_fwd_hits,0
li,tscl,64KB,1,ob_fwd_chosen,0
li,tscl,64KB,1,ob_fwd_correct,0
li,tscl,64KB,1,ob_rev_lookups,4315280
li,tscl,64KB,1,ob_rev_hits,131072
li,tscl,64KB,1,ob_rev_chosen,0
li,tscl,64KB,1,ob_rev_correct,65536
li,tscl,64KB,1,fhb_fwd_lookups,0
li,tscl,64KB,1,fhb_rev_lookups,4315280
li,tscl,64KB,1,fhb_fwd_valid_out,1336240
li,tscl,64KB,1,fhb_rev_valid_out,1336257
li,tscl,64KB,1,fhb_fwd_pred_uses,0
li,tscl,64KB,1,fhb_rev_pred_uses,0
li,tscl,64KB,1,fhb_fwd_update_uses,0
li,tscl,64KB,1,fhb_rev_update_uses,0
li,tscl,64KB,1,fhb_fwd_writes,1336257
li,tscl,64KB,1,fhb_rev_writes,1336257
li,tscl,64KB,1,fhb_fwd_ob_bypassed,0
li,tscl,64KB,1,fhb_rev_ob_bypassed,1160626
li,tscl,64KB,1,fhb_fwd_oht_bypassed,0
li,tscl,64KB,1,fhb_rev_oht_bypassed,1160626
li,tscl,64KB,1,oht_fwd_lookups,0
li,tscl,64KB,1,oht_fwd_hits,0
li,tscl,64KB,1,oht_fwd_chosen,0
li,tscl,64KB,1,oht_fwd_correct,0
li,tscl,64KB,1,oht_rev_lookups,4315280
li,tscl,64KB,1,oht_rev_hits,1029554
li,tscl,64KB,1,oht_rev_chosen,0
li,tscl,64KB,1,oht_rev_correct,988178
li,tscl,64KB,1,frmt_fwd_lookups,0
li,tscl,64KB,1,frmt_fwd_hits,0
li,tscl,64KB,1,frmt_fwd_misses,0
li,tscl,64KB,1,frmt_rev_lookups,9753983
li,tscl,64KB,1,frmt_rev_hits,5712026
li,tscl,64KB,1,frmt_rev_misses,4041957
li,tscl,64KB,1,tage_fwd_lookups,9963489
li,tscl,64KB,1,tage_rev_lookups,0
li,tscl,64KB,1,tage_fwd_tag_matches,838373
li,tscl,64KB,1,tage_rev_tag_matches,0
li,tscl,64KB,1,sc_fwd_lookups,11916092
li,tscl,64KB,1,sc_rev_lookups,0
li,tscl,64KB,1,sc_fwd_inversions,27825
li,tscl,64KB,1,sc_rev_inversions,0
li,tscl,64KB,1,sc_fwd_threshold_checks,2979008
li,tscl,64KB,1,sc_rev_threshold_checks,0
li,tscl,64KB,1,sc_fwd_threshold_pass,27825
li,tscl,64KB,1,sc_rev_threshold_pass,0
li,tscl,64KB,1,sc_fwd_updates,0
li,tscl,64KB,1,sc_rev_updates,0
li,tscl,64KB,1,loop_fwd_lookups,2979023
li,tscl,64KB,1,loop_rev_lookups,2979023
li,tscl,64KB,1,loop_fwd_hits,15
li,tscl,64KB,1,loop_rev_hits,15
li,tscl,64KB,1,loop_fwd_chosen,15
li,tscl,64KB,1,loop_rev_chosen,15
li,tscl,64KB,1,llbp_fwd_lookups,0
li,tscl,64KB,1,llbp_rev_lookups,0
li,tscl,64KB,1,llbp_fwd_hits,0
li,tscl,64KB,1,llbp_rev_hits,0
li,tscl,64KB,1,llbp_fwd_chosen,0
li,tscl,64KB,1,llbp_rev_chosen,0
perl,tscl,128KB,0,lookups,2325368
perl,tscl,128KB,0,updates,2039361
perl,tscl,128KB,0,addr_hits,1885848
perl,tscl,128KB,0,dir_hits,1975343
perl,tscl,128KB,0,misses,64018
perl,tscl,128KB,0,jr_hits,171183
perl,tscl,128KB,0,jr_seen,266399
perl,tscl,128KB,0,jr_non_ras_hits.PP,15615
perl,tscl,128KB,0,jr_non_ras_seen.PP,104413
perl,tscl,128KB,0,bpred_addr_rate,0.9247
perl,tscl,128KB,0,bpred_dir_rate,0.9686
perl,tscl,128KB,0,bpred_jr_rate,0.6426
perl,tscl,128KB,0,bpred_jr_non_ras_rate.PP,0.1496
perl,tscl,128KB,0,retstack_pushes,203521
perl,tscl,128KB,0,retstack_pops,168449
perl,tscl,128KB,0,used_ras.PP,161986
perl,tscl,128KB,0,ras_hits.PP,155568
perl,tscl,128KB,0,ras_rate.PP,0.9604
perl,tscl,128KB,0,reverse_lookups,2039361
perl,tscl,128KB,0,reverse_updates,2039361
perl,tscl,128KB,0,reverse_addr_hits,1941323
perl,tscl,128KB,0,reverse_dir_hits,2023403
perl,tscl,128KB,0,reverse_misses,15958
perl,tscl,128KB,0,reverse_jr_hits,177617
perl,tscl,128KB,0,reverse_jr_seen,266399
perl,tscl,128KB,0,reverse_jr_non_ras_hits.PP,15631
perl,tscl,128KB,0,reverse_jr_non_ras_seen.PP,104413
perl,tscl,128KB,0,reverse_bpred_addr_rate,0.9519
perl,tscl,128KB,0,reverse_bpred_dir_rate,0.9922
perl,tscl,128KB,0,reverse_bpred_jr_rate,0.6667
perl,tscl,128KB,0,reverse_bpred_jr_non_ras_rate.PP,0.1497
perl,tscl,128KB,0,reverse_retstack_pushes,161986
perl,tscl,128KB,0,reverse_retstack_pops,162068
perl,tscl,128KB,0,reverse_used_ras.PP,161986
perl,tscl,128KB,0,reverse_ras_hits.PP,161986
perl,tscl,128KB,0,reverse_ras_rate.PP,1.0000
perl,tscl,128KB,0,ob_fwd_lookups,0
perl,tscl,128KB,0,ob_fwd_hits,0
perl,tscl,128KB,0,ob_fwd_chosen,0
perl,tscl,128KB,0,ob_fwd_correct,0
perl,tscl,128KB,0,ob_rev_lookups,4161142
perl,tscl,128KB,0,ob_rev_hits,262144
perl,tscl,128KB,0,ob_rev_chosen,0
perl,tscl,128KB,0,ob_rev_correct,131072
perl,tscl,128KB,0,fhb_fwd_lookups,0
perl,tscl,128KB,0,fhb_rev_lookups,4161142
perl,tscl,128KB,0,fhb_fwd_valid_out,1333382
perl,tscl,128KB,0,fhb_rev_valid_out,1333399
perl,tscl,128KB,0,fhb_fwd_pred_uses,0
perl,tscl,128KB,0,fhb_rev_pred_uses,0
perl,tscl,128KB,0,fhb_fwd_update_uses,8000292
perl,tscl,128KB,0,fhb_rev_update_uses,16000584
perl,tscl,128KB,0,fhb_fwd_writes,1333399
perl,tscl,128KB,0,fhb_rev_writes,1333399
perl,tscl,128KB,0,fhb_fwd_ob_bypassed,0
perl,tscl,128KB,0,fhb_rev_ob_bypassed,262144
perl,tscl,128KB,0,fhb_fwd_oht_bypassed,0
perl,tscl,128KB,0,fhb_rev_oht_bypassed,262144
perl,tscl,128KB,0,oht_fwd_lookups,0
perl,tscl,128KB,0,oht_fwd_hits,0
perl,tscl,128KB,0,oht_fwd_chosen,0
perl,tscl,128KB,0,oht_fwd_correct,0
perl,tscl,128KB,0,oht_rev_lookups,4161142
perl,tscl,128KB,0,oht_rev_hits,1202327
perl,tscl,128KB,0,oht_rev_chosen,0
perl,tscl,128KB,0,oht_rev_correct,1193270
perl,tscl,128KB,0,frmt_fwd_lookups,0
perl,tscl,128KB,0,frmt_fwd_hits,0
perl,tscl,128KB,0,frmt_fwd_misses,0
perl,tscl,128KB,0,frmt_rev_lookups,0
perl,tscl,128KB,0,frmt_rev_hits,0
perl,tscl,128KB,0,frmt_rev_misses,0
perl,tscl,128KB,0,tage_fwd_lookups,10089751
perl,tscl,128KB,0,tage_rev_lookups,0
perl,tscl,128KB,0,tage_fwd_tag_matches,477054
perl,tscl,128KB,0,tage_rev_tag_matches,0
perl,tscl,128KB,0,sc_fwd_lookups,11310972
perl,tscl,128KB,0,sc_rev_lookups,0
perl,tscl,128KB,0,sc_fwd_inversions,13432
perl,tscl,128KB,0,sc_rev_inversions,0
perl,tscl,128KB,0,sc_fwd_threshold_checks,2827743
perl,tscl,128KB,0,sc_rev_threshold_checks,0
perl,tscl,128KB,0,sc_fwd_threshold_pass,13432
perl,tscl,128KB,0,sc_rev_threshold_pass,0
perl,tscl,128KB,0,sc_fwd_updates,5333528
perl,tscl,128KB,0,sc_rev_updates,1333382
perl,tscl,128KB,0,loop_fwd_lookups,2827743
perl,tscl,128KB,0,loop_rev_lookups,2827743
perl,tscl,128KB,0,loop_fwd_hits,0
perl,tscl,128KB,0,loop_rev_hits,0
perl,tscl,128KB,0,loop_fwd_chosen,0
perl,tscl,128KB,0,loop_rev_chosen,0
perl,tscl,128KB,0,llbp_fwd_lookups,0
perl,tscl,128KB,0,llbp_rev_lookups,0
perl,tscl,128KB,0,llbp_fwd_hits,0
perl,tscl,128KB,0,llbp_rev_hits,0
perl,tscl,128KB,0,llbp_fwd_chosen,0
perl,tscl,128KB,0,llbp_rev_chosen,0
perl,tscl,128KB,1,lookups,2328168
perl,tscl,128KB,1,updates,2039361
perl,tscl,128KB,1,addr_hits,1884637
perl,tscl,128KB,1,dir_hits,1974130
perl,tscl,128KB,1,misses,65231
perl,tscl,128KB,1,jr_hits,171179
perl,tscl,128KB,1,jr_seen,266399
perl,tscl,128KB,1,jr_non_ras_hits.PP,15615
perl,tscl,128KB,1,jr_non_ras_seen.PP,104413
perl,tscl,128KB,1,bpred_addr_rate,0.9241
perl,tscl,128KB,1,bpred_dir_rate,0.9680
perl,tscl,128KB,1,bpred_jr_rate,0.6426
perl,tscl,128KB,1,bpred_jr_non_ras_rate.PP,0.1496
perl,tscl,128KB,1,retstack_pushes,203726
perl,tscl,128KB,1,retstack_pops,168501
perl,tscl,128KB,1,used_ras.PP,161986
perl,tscl,128KB,1,ras_hits.PP,155564
perl,tscl,128KB,1,ras_rate.PP,0.9604
perl,tscl,128KB,1,reverse_lookups,2039361
perl,tscl,128KB,1,reverse_updates,2039361
perl,tscl,128KB,1,reverse_addr_hits,1941186
perl,tscl,128KB,1,reverse_dir_hits,2023256
perl,tscl,128KB,1,reverse_misses,16105
perl,tscl,128KB,1,reverse_jr_hits,177617
perl,tscl,128KB,1,reverse_jr_seen,266399
perl,tscl,128KB,1,reverse_jr_non_ras_hits.PP,15631
perl,tscl,128KB,1,reverse_jr_non_ras_seen.PP,104413
perl,tscl,128KB,1,reverse_bpred_addr_rate,0.9519
perl,tscl,128KB,1,reverse_bpred_dir_rate,0.9921
perl,tscl,128KB,1,reverse_bpred_jr_rate,0.6667
perl,tscl,128KB,1,reverse_bpred_jr_non_ras_rate.PP,0.1497
perl,tscl,128KB,1,reverse_retstack_pushes,161986
perl,tscl,128KB,1,reverse_retstack_pops,162068
perl,tscl,128KB,1,reverse_used_ras.PP,161986
perl,tscl,128KB,1,reverse_ras_hits.PP,161986
perl,tscl,128KB,1,reverse_ras_rate.PP,1.0000
perl,tscl,128KB,1,ob_fwd_lookups,0
perl,tscl,128KB,1,ob_fwd_hits,0
perl,tscl,128KB,1,ob_fwd_chosen,0
perl,tscl,128KB,1,ob_fwd_correct,0
perl,tscl,128KB,1,ob_rev_lookups,4162564
perl,tscl,128KB,1,ob_rev_hits,262144
perl,tscl,128KB,1,ob_rev_chosen,0
perl,tscl,128KB,1,ob_rev_correct,131072
perl,tscl,128KB,1,fhb_fwd_lookups,0
perl,tscl,128KB,1,fhb_rev_lookups,4162564
perl,tscl,128KB,1,fhb_fwd_valid_out,1333382
perl,tscl,128KB,1,fhb_rev_valid_out,1333399
perl,tscl,128KB,1,fhb_fwd_pred_uses,0
perl,tscl,128KB,1,fhb_rev_pred_uses,0
perl,tscl,128KB,1,fhb_fwd_update_uses,0
perl,tscl,128KB,1,fhb_rev_update_uses,0
perl,tscl,128KB,1,fhb_fwd_writes,1333399
perl,tscl,128KB,1,fhb_rev_writes,1333399
perl,tscl,128KB,1,fhb_fwd_ob_bypassed,0
perl,tscl,128KB,1,fhb_rev_ob_bypassed,1279043
perl,tscl,128KB,1,fhb_fwd_oht_bypassed,0
perl,tscl,128KB,1,fhb_rev_oht_bypassed,1279043
perl,tscl,128KB,1,oht_fwd_lookups,0
perl,tscl,128KB,1,oht_fwd_hits,0
perl,tscl,128KB,1,oht_fwd_chosen,0
perl,tscl,128KB,1,oht_fwd_correct,0
perl,tscl,128KB,1,oht_rev_lookups,4162564
perl,tscl,128KB,1,oht_rev_hits,1016899
perl,tscl,128KB,1,oht_rev_chosen,0
perl,tscl,128KB,1,oht_rev_correct,1007922
perl,tscl,128KB,1,frmt_fwd_lookups,0
perl,tscl,128KB,1,frmt_fwd_hits,0
perl,tscl,128KB,1,frmt_fwd_misses,0
perl,tscl,128KB,1,frmt_rev_lookups,8446251
perl,tscl,128KB,1,frmt_rev_hits,5582570
perl,tscl,128KB,1,frmt_rev_misses,2863681
perl,tscl,128KB,1,tage_fwd_lookups,9705280
perl,tscl,128KB,1,tage_rev_lookups,0
perl,tscl,128KB,1,tage_fwd_tag_matches,642379
perl,tscl,128KB,1,tage_rev_tag_matches,0
perl,tscl,128KB,1,sc_fwd_lookups,11316660
perl,tscl,128KB,1,sc_rev_lookups,0
perl,tscl,128KB,1,sc_fwd_inversions,12553
perl,tscl,128KB,1,sc_rev_inversions,0
perl,tscl,128KB,1,sc_fwd_threshold_checks,2829165
perl,tscl,128KB,1,sc_rev_threshold_checks,0
perl,tscl,128KB,1,sc_fwd_threshold_pass,12553
perl,tscl,128KB,1,sc_rev_threshold_pass,0
perl,tscl,128KB,1,sc_fwd_updates,0
perl,tscl,128KB,1,sc_rev_updates,0
perl,tscl,128KB,1,loop_fwd_lookups,2829165
perl,tscl,128KB,1,loop_rev_lookups,2829165
perl,tscl,128KB,1,loop_fwd_hits,0
perl,tscl,128KB,1,loop_rev_hits,0
perl,tscl,128KB,1,loop_fwd_chosen,0
perl,tscl,128KB,1,loop_rev_chosen,0
perl,tscl,128KB,1,llbp_fwd_lookups,0
perl,tscl,128KB,1,llbp_rev_lookups,0
perl,tscl,128KB,1,llbp_fwd_hits,0
perl,tscl,128KB,1,llbp_rev_hits,0
perl,tscl,128KB,1,llbp_fwd_chosen,0
perl,tscl,128KB,1,llbp_rev_chosen,0
perl,tscl,16KB,0,lookups,2328124
perl,tscl,16KB,0,updates,2039361
perl,tscl,16KB,0,addr_hits,1884977
perl,tscl,16KB,0,dir_hits,1974470
perl,tscl,16KB,0,misses,64891
perl,tscl,16KB,0,jr_hits,171187
perl,tscl,16KB,0,jr_seen,266399
perl,tscl,16KB,0,jr_non_ras_hits.PP,15615
perl,tscl,16KB,0,jr_non_ras_seen.PP,104413
perl,tscl,16KB,0,bpred_addr_rate,0.9243
perl,tscl,16KB,0,bpred_dir_rate,0.9682
perl,tscl,16KB,0,bpred_jr_rate,0.6426
perl,tscl,16KB,0,bpred_jr_non_ras_rate.PP,0.1496
perl,tscl,16KB,0,retstack_pushes,203487
perl,tscl,16KB,0,retstack_pops,168190
perl,tscl,16KB,0,used_ras.PP,161986
perl,tscl,16KB,0,ras_hits.PP,155572
perl,tscl,16KB,0,ras_rate.PP,0.9604
perl,tscl,16KB,0,reverse_lookups,2039361
perl,tscl,16KB,0,reverse_updates,2039361
perl,tscl,16KB,0,reverse_addr_hits,1914728
perl,tscl,16KB,0,reverse_dir_hits,1996772
perl,tscl,16KB,0,reverse_misses,42589
perl,tscl,16KB,0,reverse_jr_hits,177617
perl,tscl,16KB,0,reverse_jr_seen,266399
perl,tscl,16KB,0,reverse_jr_non_ras_hits.PP,15631
perl,tscl,16KB,0,reverse_jr_non_ras_seen.PP,104413
perl,tscl,16KB,0,reverse_bpred_addr_rate,0.9389
perl,tscl,16KB,0,reverse_bpred_dir_rate,0.9791
perl,tscl,16KB,0,reverse_bpred_jr_rate,0.6667
perl,tscl,16KB,0,reverse_bpred_jr_non_ras_rate.PP,0.1497
perl,tscl,16KB,0,reverse_retstack_pushes,161986
perl,tscl,16KB,0,reverse_retstack_pops,162068
perl,tscl,16KB,0,reverse_used_ras.PP,161986
perl,tscl,16KB,0,reverse_ras_hits.PP,161986
perl,tscl,16KB,0,reverse_ras_rate.PP,1.0000
perl,tscl,16KB,0,ob_fwd_lookups,0
perl,tscl,16KB,0,ob_fwd_hits,0
perl,tscl,16KB,0,ob_fwd_chosen,0
perl,tscl,16KB,0,ob_fwd_correct,0
perl,tscl,16KB,0,ob_rev_lookups,4163674
perl,tscl,16KB,0,ob_rev_hits,32768
perl,tscl,16KB,0,ob_rev_chosen,0
perl,tscl,16KB,0,ob_rev_correct,16384
perl,tscl,16KB,0,fhb_fwd_lookups,0
perl,tscl,16KB,0,fhb_rev_lookups,4163674
perl,tscl,16KB,0,fhb_fwd_valid_out,1333382
perl,tscl,16KB,0,fhb_rev_valid_out,1333399
perl,tscl,16KB,0,fhb_fwd_pred_uses,0
perl,tscl,16KB,0,fhb_rev_pred_uses,0
perl,tscl,16KB,0,fhb_fwd_update_uses,8000292
perl,tscl,16KB,0,fhb_rev_update_uses,16000584
perl,tscl,16KB,0,fhb_fwd_writes,1333399
perl,tscl,16KB,0,fhb_rev_writes,1333399
perl,tscl,16KB,0,fhb_fwd_ob_bypassed,0
perl,tscl,16KB,0,fhb_rev_ob_bypassed,32768
perl,tscl,16KB,0,fhb_fwd_oht_bypassed,0
perl,tscl,16KB,0,fhb_rev_oht_bypassed,32768
perl,tscl,16KB,0,oht_fwd_lookups,0
perl,tscl,16KB,0,oht_fwd_hits,0
perl,tscl,16KB,0,oht_fwd_chosen,0
perl,tscl,16KB,0,oht_fwd_correct,0
perl,tscl,16KB,0,oht_rev_lookups,4163674
perl,tscl,16KB,0,oht_rev_hits,1317015
perl,tscl,16KB,0,oht_rev_chosen,0
perl,tscl,16KB,0,oht_rev_correct,1281363
perl,tscl,16KB,0,frmt_fwd_lookups,0
perl,tscl,16KB,0,frmt_fwd_hits,0
perl,tscl,16KB,0,frmt_fwd_misses,0
perl,tscl,16KB,0,frmt_rev_lookups,0
perl,tscl,16KB,0,frmt_rev_hits,0
perl,tscl,16KB,0,frmt_rev_misses,0
perl,tscl,16KB,0,tage_fwd_lookups,10163750
perl,tscl,16KB,0,tage_rev_lookups,0
perl,tscl,16KB,0,tage_fwd_tag_matches,500035
perl,tscl,16KB,0,tage_rev_tag_matches,0
perl,tscl,16KB,0,sc_fwd_lookups,11321100
perl,tscl,16KB,0,sc_rev_lookups,0
perl,tscl,16KB,0,sc_fwd_inversions,9127
perl,tscl,16KB,0,sc_rev_inversions,0
perl,tscl,16KB,0,sc_fwd_threshold_checks,2830275
perl,tscl,16KB,0,sc_rev_threshold_checks,0
perl,tscl,16KB,0,sc_fwd_threshold_pass,9127
perl,tscl,16KB,0,sc_rev_threshold_pass,0
perl,tscl,16KB,0,sc_fwd_updates,5333528
perl,tscl,16KB,0,sc_rev_updates,1333382
perl,tscl,16KB,0,loop_fwd_lookups,2830275
perl,tscl,16KB,0,loop_rev_lookups,2830275
perl,tscl,16KB,0,loop_fwd_hits,0
perl,tscl,16KB,0,loop_rev_hits,0
perl,tscl,16KB,0,loop_fwd_chosen,0
perl,tscl,16KB,0,loop_rev_chosen,0
perl,tscl,16KB,0,llbp_fwd_lookups,0
perl,tscl,16KB,0,llbp_rev_lookups,0
perl,tscl,16KB,0,llbp_fwd_hits,0
perl,tscl,16KB,0,llbp_rev_hits,0
perl,tscl,16KB,0,llbp_fwd_chosen,0
perl,tscl,16KB,0,llbp_rev_chosen,0
perl,tscl,16KB,1,lookups,2331013
perl,tscl,16KB,1,updates,2039361
perl,tscl,16KB,1,addr_hits,1872604
perl,tscl,16KB,1,dir_hits,1962086
perl,tscl,16KB,1,misses,77275
perl,tscl,16KB,1,jr_hits,171192
perl,tscl,16KB,1,jr_seen,266399
perl,tscl,16KB,1,jr_non_ras_hits.PP,15615
perl,tscl,16KB,1,jr_non_ras_seen.PP,104413
perl,tscl,16KB,1,bpred_addr_rate,0.9182
perl,tscl,16KB,1,bpred_dir_rate,0.9621
perl,tscl,16KB,1,bpred_jr_rate,0.6426
perl,tscl,16KB,1,bpred_jr_non_ras_rate.PP,0.1496
perl,tscl,16KB,1,retstack_pushes,203506
perl,tscl,16KB,1,retstack_pops,168451
perl,tscl,16KB,1,used_ras.PP,161986
perl,tscl,16KB,1,ras_hits.PP,155577
perl,tscl,16KB,1,ras_rate.PP,0.9604
perl,tscl,16KB,1,reverse_lookups,2039361
perl,tscl,16KB,1,reverse_updates,2039361
perl,tscl,16KB,1,reverse_addr_hits,1912383
perl,tscl,16KB,1,reverse_dir_hits,1994413
perl,tscl,16KB,1,reverse_misses,44948
perl,tscl,16KB,1,reverse_jr_hits,177617
perl,tscl,16KB,1,reverse_jr_seen,266399
perl,tscl,16KB,1,reverse_jr_non_ras_hits.PP,15631
perl,tscl,16KB,1,reverse_jr_non_ras_seen.PP,104413
perl,tscl,16KB,1,reverse_bpred_addr_rate,0.9377
perl,tscl,16KB,1,reverse_bpred_dir_rate,0.9780
perl,tscl,16KB,1,reverse_bpred_jr_rate,0.6667
perl,tscl,16KB,1,reverse_bpred_jr_non_ras_rate.PP,0.1497
perl,tscl,16KB,1,reverse_retstack_pushes,161986
perl,tscl,16KB,1,reverse_retstack_pops,162068
perl,tscl,16KB,1,reverse_used_ras.PP,161986
perl,tscl,16KB,1,reverse_ras_hits.PP,161986
perl,tscl,16KB,1,reverse_ras_rate.PP,1.0000
perl,tscl,16KB,1,ob_fwd_lookups,0
perl,tscl,16KB,1,ob_fwd_hits,0
perl,tscl,16KB,1,ob_fwd_chosen,0
perl,tscl,16KB,1,ob_fwd_correct,0
perl,tscl,16KB,1,ob_rev_lookups,4165889
perl,tscl,16KB,1,ob_rev_hits,32768
perl,tscl,16KB,1,ob_rev_chosen,0
perl,tscl,16KB,1,ob_rev_correct,16384
perl,tscl,16KB,1,fhb_fwd_lookups,0
perl,tscl,16KB,1,fhb_rev_lookups,4165889
perl,tscl,16KB,1,fhb_fwd_valid_out,1333382
perl,tscl,16KB,1,fhb_rev_valid_out,1333399
perl,tscl,16KB,1,fhb_fwd_pred_uses,0
perl,tscl,16KB,1,fhb_rev_pred_uses,0
perl,tscl,16KB,1,fhb_fwd_update_uses,0
perl,tscl,16KB,1,fhb_rev_update_uses,0
perl,tscl,16KB,1,fhb_fwd_writes,1333399
perl,tscl,16KB,1,fhb_rev_writes,1333399
perl,tscl,16KB,1,fhb_fwd_ob_bypassed,0
perl,tscl,16KB,1,fhb_rev_ob_bypassed,998513
perl,tscl,16KB,1,fhb_fwd_oht_bypassed,0
perl,tscl,16KB,1,fhb_rev_oht_bypassed,998513
perl,tscl,16KB,1,oht_fwd_lookups,0
perl,tscl,16KB,1,oht_fwd_hits,0
perl,tscl,16KB,1,oht_fwd_chosen,0
perl,tscl,16KB,1,oht_fwd_correct,0
perl,tscl,16KB,1,oht_rev_lookups,4165889
perl,tscl,16KB,1,oht_rev_hits,965745
perl,tscl,16KB,1,oht_rev_chosen,0
perl,tscl,16KB,1,oht_rev_correct,929076
perl,tscl,16KB,1,frmt_fwd_lookups,0
perl,tscl,16KB,1,frmt_fwd_hits,0
perl,tscl,16KB,1,frmt_fwd_misses,0
perl,tscl,16KB,1,frmt_rev_lookups,8449096
perl,tscl,16KB,1,frmt_rev_hits,7645217
perl,tscl,16KB,1,frmt_rev_misses,803879
perl,tscl,16KB,1,tage_fwd_lookups,9714063
perl,tscl,16KB,1,tage_rev_lookups,0
perl,tscl,16KB,1,tage_fwd_tag_matches,692148
perl,tscl,16KB,1,tage_rev_tag_matches,0
perl,tscl,16KB,1,sc_fwd_lookups,11329960
perl,tscl,16KB,1,sc_rev_lookups,0
perl,tscl,16KB,1,sc_fwd_inversions,24086
perl,tscl,16KB,1,sc_rev_inversions,0
perl,tscl,16KB,1,sc_fwd_threshold_checks,2832490
perl,tscl,16KB,1,sc_rev_threshold_checks,0
perl,tscl,16KB,1,sc_fwd_threshold_pass,24086
perl,tscl,16KB,1,sc_rev_threshold_pass,0
perl,tscl,16KB,1,sc_fwd_updates,0
perl,tscl,16KB,1,sc_rev_updates,0
perl,tscl,16KB,1,loop_fwd_lookups,2832490
perl,tscl,16KB,1,loop_rev_lookups,2832490
perl,tscl,16KB,1,loop_fwd_hits,0
perl,tscl,16KB,1,loop_rev_hits,0
perl,tscl,16KB,1,loop_fwd_chosen,0
perl,tscl,16KB,1,loop_rev_chosen,0
perl,tscl,16KB,1,llbp_fwd_lookups,0
perl,tscl,16KB,1,llbp_rev_lookups,0
perl,tscl,16KB,1,llbp_fwd_hits,0
perl,tscl,16KB,1,llbp_rev_hits,0
perl,tscl,16KB,1,llbp_fwd_chosen,0
perl,tscl,16KB,1,llbp_rev_chosen,0
perl,tscl,1MB,0,lookups,2325815
perl,tscl,1MB,0,updates,2039361
perl,tscl,1MB,0,addr_hits,1885564
perl,tscl,1MB,0,dir_hits,1975056
perl,tscl,1MB,0,misses,64305
perl,tscl,1MB,0,jr_hits,171186
perl,tscl,1MB,0,jr_seen,266399
perl,tscl,1MB,0,jr_non_ras_hits.PP,15615
perl,tscl,1MB,0,jr_non_ras_seen.PP,104413
perl,tscl,1MB,0,bpred_addr_rate,0.9246
perl,tscl,1MB,0,bpred_dir_rate,0.9685
perl,tscl,1MB,0,bpred_jr_rate,0.6426
perl,tscl,1MB,0,bpred_jr_non_ras_rate.PP,0.1496
perl,tscl,1MB,0,retstack_pushes,203693
perl,tscl,1MB,0,retstack_pops,168897
perl,tscl,1MB,0,used_ras.PP,161986
perl,tscl,1MB,0,ras_hits.PP,155571
perl,tscl,1MB,0,ras_rate.PP,0.9604
perl,tscl,1MB,0,reverse_lookups,2039361
perl,tscl,1MB,0,reverse_updates,2039361
perl,tscl,1MB,0,reverse_addr_hits,1948558
perl,tscl,1MB,0,reverse_dir_hits,2030642
perl,tscl,1MB,0,reverse_misses,8719
perl,tscl,1MB,0,reverse_jr_hits,177617
perl,tscl,1MB,0,reverse_jr_seen,266399
perl,tscl,1MB,0,reverse_jr_non_ras_hits.PP,15631
perl,tscl,1MB,0,reverse_jr_non_ras_seen.PP,104413
perl,tscl,1MB,0,reverse_bpred_addr_rate,0.9555
perl,tscl,1MB,0,reverse_bpred_dir_rate,0.9957
perl,tscl,1MB,0,reverse_bpred_jr_rate,0.6667
perl,tscl,1MB,0,reverse_bpred_jr_non_ras_rate.PP,0.1497
perl,tscl,1MB,0,reverse_retstack_pushes,161986
perl,tscl,1MB,0,reverse_retstack_pops,162068
perl,tscl,1MB,0,reverse_used_ras.PP,161986
perl,tscl,1MB,0,reverse_ras_hits.PP,161986
perl,tscl,1MB,0,reverse_ras_rate.PP,1.0000
perl,tscl,1MB,0,ob_fwd_lookups,0
perl,tscl,1MB,0,ob_fwd_hits,0
perl,tscl,1MB,0,ob_fwd_chosen,0
perl,tscl,1MB,0,ob_fwd_correct,0
perl,tscl,1MB,0,ob_rev_lookups,4160409
perl,tscl,1MB,0,ob_rev_hits,2097152
perl,tscl,1MB,0,ob_rev_chosen,0
perl,tscl,1MB,0,ob_rev_correct,1048570
perl,tscl,1MB,0,fhb_fwd_lookups,0
perl,tscl,1MB,0,fhb_rev_lookups,4160409
perl,tscl,1MB,0,fhb_fwd_valid_out,1333382
perl,tscl,1MB,0,fhb_rev_valid_out,1333399
perl,tscl,1MB,0,fhb_fwd_pred_uses,0
perl,tscl,1MB,0,fhb_rev_pred_uses,0
perl,tscl,1MB,0,fhb_fwd_update_uses,8000292
perl,tscl,1MB,0,fhb_rev_update_uses,16000584
perl,tscl,1MB,0,fhb_fwd_writes,1333399
perl,tscl,1MB,0,fhb_rev_writes,1333399
perl,tscl,1MB,0,fhb_fwd_ob_bypassed,0
perl,tscl,1MB,0,fhb_rev_ob_bypassed,2097152
perl,tscl,1MB,0,fhb_fwd_oht_bypassed,0
perl,tscl,1MB,0,fhb_rev_oht_bypassed,2097152
perl,tscl,1MB,0,oht_fwd_lookups,0
perl,tscl,1MB,0,oht_fwd_hits,0
perl,tscl,1MB,0,oht_fwd_chosen,0
perl,tscl,1MB,0,oht_fwd_correct,0
perl,tscl,1MB,0,oht_rev_lookups,4160409
perl,tscl,1MB,0,oht_rev_hits,284823
perl,tscl,1MB,0,oht_rev_chosen,0
perl,tscl,1MB,0,oht_rev_correct,283007
perl,tscl,1MB,0,frmt_fwd_lookups,0
perl,tscl,1MB,0,frmt_fwd_hits,0
perl,tscl,1MB,0,frmt_fwd_misses,0
perl,tscl,1MB,0,frmt_rev_lookups,0
perl,tscl,1MB,0,frmt_rev_hits,0
perl,tscl,1MB,0,frmt_rev_misses,0
perl,tscl,1MB,0,tage_fwd_lookups,10090631
perl,tscl,1MB,0,tage_rev_lookups,0
perl,tscl,1MB,0,tage_fwd_tag_matches,456910
perl,tscl,1MB,0,tage_rev_tag_matches,0
perl,tscl,1MB,0,sc_fwd_lookups,11308040
perl,tscl,1MB,0,sc_rev_lookups,0
perl,tscl,1MB,0,sc_fwd_inversions,17707
perl,tscl,1MB,0,sc_rev_inversions,0
perl,tscl,1MB,0,sc_fwd_threshold_checks,2827010
perl,tscl,1MB,0,sc_rev_threshold_checks,0
perl,tscl,1MB,0,sc_fwd_threshold_pass,17707
perl,tscl,1MB,0,sc_rev_threshold_pass,0
perl,tscl,1MB,0,sc_fwd_updates,5333528
perl,tscl,1MB,0,sc_rev_updates,1333382
perl,tscl,1MB,0,loop_fwd_lookups,2827010
perl,tscl,1MB,0,loop_rev_lookups,2827010
perl,tscl,1MB,0,loop_fwd_hits,0
perl,tscl,1MB,0,loop_rev_hits,0
perl,tscl,1MB,0,loop_fwd_chosen,0
perl,tscl,1MB,0,loop_rev_chosen,0
perl,tscl,1MB,0,llbp_fwd_lookups,0
perl,tscl,1MB,0,llbp_rev_lookups,0
perl,tscl,1MB,0,llbp_fwd_hits,0
perl,tscl,1MB,0,llbp_rev_hits,0
perl,tscl,1MB,0,llbp_fwd_chosen,0
perl,tscl,1MB,0,llbp_rev_chosen,0
perl,tscl,1MB,1,lookups,2323003
perl,tscl,1MB,1,updates,2039361
perl,tscl,1MB,1,addr_hits,1887107
perl,tscl,1MB,1,dir_hits,1976598
perl,tscl,1MB,1,misses,62763
perl,tscl,1MB,1,jr_hits,171182
perl,tscl,1MB,1,jr_seen,266399
perl,tscl,1MB,1,jr_non_ras_hits.PP,15615
perl,tscl,1MB,1,jr_non_ras_seen.PP,104413
perl,tscl,1MB,1,bpred_addr_rate,0.9253
perl,tscl,1MB,1,bpred_dir_rate,0.9692
perl,tscl,1MB,1,bpred_jr_rate,0.6426
perl,tscl,1MB,1,bpred_jr_non_ras_rate.PP,0.1496
perl,tscl,1MB,1,retstack_pushes,203698
perl,tscl,1MB,1,retstack_pops,167355
perl,tscl,1MB,1,used_ras.PP,161986
perl,tscl,1MB,1,ras_hits.PP,155567
perl,tscl,1MB,1,ras_rate.PP,0.9604
perl,tscl,1MB,1,reverse_lookups,2039361
perl,tscl,1MB,1,reverse_updates,2039361
perl,tscl,1MB,1,reverse_addr_hits,1948534
perl,tscl,1MB,1,reverse_dir_hits,2030618
perl,tscl,1MB,1,reverse_misses,8743
perl,tscl,1MB,1,reverse_jr_hits,177617
perl,tscl,1MB,1,reverse_jr_seen,266399
perl,tscl,1MB,1,reverse_jr_non_ras_hits.PP,15631
perl,tscl,1MB,1,reverse_jr_non_ras_seen.PP,104413
perl,tscl,1MB,1,reverse_bpred_addr_rate,0.9555
perl,tscl,1MB,1,reverse_bpred_dir_rate,0.9957
perl,tscl,1MB,1,reverse_bpred_jr_rate,0.6667
perl,tscl,1MB,1,reverse_bpred_jr_non_ras_rate.PP,0.1497
perl,tscl,1MB,1,reverse_retstack_pushes,161986
perl,tscl,1MB,1,reverse_retstack_pops,162068
perl,tscl,1MB,1,reverse_used_ras.PP,161986
perl,tscl,1MB,1,reverse_ras_hits.PP,161986
perl,tscl,1MB,1,reverse_ras_rate.PP,1.0000
perl,tscl,1MB,1,ob_fwd_lookups,0
perl,tscl,1MB,1,ob_fwd_hits,0
perl,tscl,1MB,1,ob_fwd_chosen,0
perl,tscl,1MB,1,ob_fwd_correct,0
perl,tscl,1MB,1,ob_rev_lookups,4160669
perl,tscl,1MB,1,ob_rev_hits,2097152
perl,tscl,1MB,1,ob_rev_chosen,0
perl,tscl,1MB,1,ob_rev_correct,1048570
perl,tscl,1MB,1,fhb_fwd_lookups,0
perl,tscl,1MB,1,fhb_rev_lookups,4160669
perl,tscl,1MB,1,fhb_fwd_valid_out,1333382
perl,tscl,1MB,1,fhb_rev_valid_out,1333399
perl,tscl,1MB,1,fhb_fwd_pred_uses,0
perl,tscl,1MB,1,fhb_rev_pred_uses,0
perl,tscl,1MB,1,fhb_fwd_update_uses,0
perl,tscl,1MB,1,fhb_rev_update_uses,0
perl,tscl,1MB,1,fhb_fwd_writes,1333399
perl,tscl,1MB,1,fhb_rev_writes,1333399
perl,tscl,1MB,1,fhb_fwd_ob_bypassed,0
perl,tscl,1MB,1,fhb_rev_ob_bypassed,2342922
perl,tscl,1MB,1,fhb_fwd_oht_bypassed,0
perl,tscl,1MB,1,fhb_rev_oht_bypassed,2342922
perl,tscl,1MB,1,oht_fwd_lookups,0
perl,tscl,1MB,1,oht_fwd_hits,0
perl,tscl,1MB,1,oht_fwd_chosen,0
perl,tscl,1MB,1,oht_fwd_correct,0
perl,tscl,1MB,1,oht_rev_lookups,4160669
perl,tscl,1MB,1,oht_rev_hits,245770
perl,tscl,1MB,1,oht_rev_chosen,0
perl,tscl,1MB,1,oht_rev_correct,243959
perl,tscl,1MB,1,frmt_fwd_lookups,0
perl,tscl,1MB,1,frmt_fwd_hits,0
perl,tscl,1MB,1,frmt_fwd_misses,0
perl,tscl,1MB,1,frmt_rev_lookups,8441086
perl,tscl,1MB,1,frmt_rev_hits,5492336
perl,tscl,1MB,1,frmt_rev_misses,2948750
perl,tscl,1MB,1,tage_fwd_lookups,9677821
perl,tscl,1MB,1,tage_rev_lookups,0
perl,tscl,1MB,1,tage_fwd_tag_matches,616030
perl,tscl,1MB,1,tage_rev_tag_matches,0
perl,tscl,1MB,1,sc_fwd_lookups,11309080
perl,tscl,1MB,1,sc_rev_lookups,0
perl,tscl,1MB,1,sc_fwd_inversions,14211
perl,tscl,1MB,1,sc_rev_inversions,0
perl,tscl,1MB,1,sc_fwd_threshold_checks,2827270
perl,tscl,1MB,1,sc_rev_threshold_checks,0
perl,tscl,1MB,1,sc_fwd_threshold_pass,14211
perl,tscl,1MB,1,sc_rev_threshold_pass,0
perl,tscl,1MB,1,sc_fwd_updates,0
perl,tscl,1MB,1,sc_rev_updates,0
perl,tscl,1MB,1,loop_fwd_lookups,2827270
perl,tscl,1MB,1,loop_rev_lookups,2827270
perl,tscl,1MB,1,loop_fwd_hits,0
perl,tscl,1MB,1,loop_rev_hits,0
perl,tscl,1MB,1,loop_fwd_chosen,0
perl,tscl,1MB,1,loop_rev_chosen,0
perl,tscl,1MB,1,llbp_fwd_lookups,0
perl,tscl,1MB,1,llbp_rev_lookups,0
perl,tscl,1MB,1,llbp_fwd_hits,0
perl,tscl,1MB,1,llbp_rev_hits,0
perl,tscl,1MB,1,llbp_fwd_chosen,0
perl,tscl,1MB,1,llbp_rev_chosen,0
perl,tscl,256KB,0,lookups,2327783
perl,tscl,256KB,0,updates,2039361
perl,tscl,256KB,0,addr_hits,1884831
perl,tscl,256KB,0,dir_hits,1974326
perl,tscl,256KB,0,misses,65035
perl,tscl,256KB,0,jr_hits,171183
perl,tscl,256KB,0,jr_seen,266399
perl,tscl,256KB,0,jr_non_ras_hits.PP,15615
perl,tscl,256KB,0,jr_non_ras_seen.PP,104413
perl,tscl,256KB,0,bpred_addr_rate,0.9242
perl,tscl,256KB,0,bpred_dir_rate,0.9681
perl,tscl,256KB,0,bpred_jr_rate,0.6426
perl,tscl,256KB,0,bpred_jr_non_ras_rate.PP,0.1496
perl,tscl,256KB,0,retstack_pushes,203716
perl,tscl,256KB,0,retstack_pops,168636
perl,tscl,256KB,0,used_ras.PP,161986
perl,tscl,256KB,0,ras_hits.PP,155568
perl,tscl,256KB,0,ras_rate.PP,0.9604
perl,tscl,256KB,0,reverse_lookups,2039361
perl,tscl,256KB,0,reverse_updates,2039361
perl,tscl,256KB,0,reverse_addr_hits,1943689
perl,tscl,256KB,0,reverse_dir_hits,2025771
perl,tscl,256KB,0,reverse_misses,13590
perl,tscl,256KB,0,reverse_jr_hits,177617
perl,tscl,256KB,0,reverse_jr_seen,266399
perl,tscl,256KB,0,reverse_jr_non_ras_hits.PP,15631
perl,tscl,256KB,0,reverse_jr_non_ras_seen.PP,104413
perl,tscl,256KB,0,reverse_bpred_addr_rate,0.9531
perl,tscl,256KB,0,reverse_bpred_dir_rate,0.9933
perl,tscl,256KB,0,reverse_bpred_jr_rate,0.6667
perl,tscl,256KB,0,reverse_bpred_jr_non_ras_rate.PP,0.1497
perl,tscl,256KB,0,reverse_retstack_pushes,161986
perl,tscl,256KB,0,reverse_retstack_pops,162068
perl,tscl,256KB,0,reverse_used_ras.PP,161986
perl,tscl,256KB,0,reverse_ras_hits.PP,161986
perl,tscl,256KB,0,reverse_ras_rate.PP,1.0000
perl,tscl,256KB,0,ob_fwd_lookups,0
perl,tscl,256KB,0,ob_fwd_hits,0
perl,tscl,256KB,0,ob_fwd_chosen,0
perl,tscl,256KB,0,ob_fwd_correct,0
perl,tscl,256KB,0,ob_rev_lookups,4162047
perl,tscl,256KB,0,ob_rev_hits,524288
perl,tscl,256KB,0,ob_rev_chosen,0
perl,tscl,256KB,0,ob_rev_correct,262144
perl,tscl,256KB,0,fhb_fwd_lookups,0
perl,tscl,256KB,0,fhb_rev_lookups,4162047
perl,tscl,256KB,0,fhb_fwd_valid_out,1333382
perl,tscl,256KB,0,fhb_rev_valid_out,1333399
perl,tscl,256KB,0,fhb_fwd_pred_uses,0
perl,tscl,256KB,0,fhb_rev_pred_uses,0
perl,tscl,256KB,0,fhb_fwd_update_uses,8000292
perl,tscl,256KB,0,fhb_rev_update_uses,16000584
perl,tscl,256KB,0,fhb_fwd_writes,1333399
perl,tscl,256KB,0,fhb_rev_writes,1333399
perl,tscl,256KB,0,fhb_fwd_ob_bypassed,0
perl,tscl,256KB,0,fhb_rev_ob_bypassed,524288
perl,tscl,256KB,0,fhb_fwd_oht_bypassed,0
perl,tscl,256KB,0,fhb_rev_oht_bypassed,524288
perl,tscl,256KB,0,oht_fwd_lookups,0
perl,tscl,256KB,0,oht_fwd_hits,0
perl,tscl,256KB,0,oht_fwd_chosen,0
perl,tscl,256KB,0,oht_fwd_correct,0
perl,tscl,256KB,0,oht_rev_lookups,4162047
perl,tscl,256KB,0,oht_rev_hits,1071255
perl,tscl,256KB,0,oht_rev_chosen,0
perl,tscl,256KB,0,oht_rev_correct,1064564
perl,tscl,256KB,0,frmt_fwd_lookups,0
perl,tscl,256KB,0,frmt_fwd_hits,0
perl,tscl,256KB,0,frmt_fwd_misses,0
perl,tscl,256KB,0,frmt_rev_lookups,0
perl,tscl,256KB,0,frmt_rev_hits,0
perl,tscl,256KB,0,frmt_rev_misses,0
perl,tscl,256KB,0,tage_fwd_lookups,10186333
perl,tscl,256KB,0,tage_rev_lookups,0
perl,tscl,256KB,0,tage_fwd_tag_matches,461283
perl,tscl,256KB,0,tage_rev_tag_matches,0
perl,tscl,256KB,0,sc_fwd_lookups,11314592
perl,tscl,256KB,0,sc_rev_lookups,0
perl,tscl,256KB,0,sc_fwd_inversions,13404
perl,tscl,256KB,0,sc_rev_inversions,0
perl,tscl,256KB,0,sc_fwd_threshold_checks,2828648
perl,tscl,256KB,0,sc_rev_threshold_checks,0
perl,tscl,256KB,0,sc_fwd_threshold_pass,13404
perl,tscl,256KB,0,sc_rev_threshold_pass,0
perl,tscl,256KB,0,sc_fwd_updates,5333528
perl,tscl,256KB,0,sc_rev_updates,1333382
perl,tscl,256KB,0,loop_fwd_lookups,2828648
perl,tscl,256KB,0,loop_rev_lookups,2828648
perl,tscl,256KB,0,loop_fwd_hits,0
perl,tscl,256KB,0,loop_rev_hits,0
perl,tscl,256KB,0,loop_fwd_chosen,0
perl,tscl,256KB,0,loop_rev_chosen,0
perl,tscl,256KB,0,llbp_fwd_lookups,0
perl,tscl,256KB,0,llbp_rev_lookups,0
perl,tscl,256KB,0,llbp_fwd_hits,0
perl,tscl,256KB,0,llbp_rev_hits,0
perl,tscl,256KB,0,llbp_fwd_chosen,0
perl,tscl,256KB,0,llbp_rev_chosen,0
perl,tscl,256KB,1,lookups,2324822
perl,tscl,256KB,1,updates,2039361
perl,tscl,256KB,1,addr_hits,1886376
perl,tscl,256KB,1,dir_hits,1975869
perl,tscl,256KB,1,misses,63492
perl,tscl,256KB,1,jr_hits,171179
perl,tscl,256KB,1,jr_seen,266399
perl,tscl,256KB,1,jr_non_ras_hits.PP,15615
perl,tscl,256KB,1,jr_non_ras_seen.PP,104413
perl,tscl,256KB,1,bpred_addr_rate,0.9250
perl,tscl,256KB,1,bpred_dir_rate,0.9689
perl,tscl,256KB,1,bpred_jr_rate,0.6426
perl,tscl,256KB,1,bpred_jr_non_ras_rate.PP,0.1496
perl,tscl,256KB,1,retstack_pushes,203728
perl,tscl,256KB,1,retstack_pops,167118
perl,tscl,256KB,1,used_ras.PP,161986
perl,tscl,256KB,1,ras_hits.PP,155564
perl,tscl,256KB,1,ras_rate.PP,0.9604
perl,tscl,256KB,1,reverse_lookups,2039361
perl,tscl,256KB,1,reverse_updates,2039361
perl,tscl,256KB,1,reverse_addr_hits,1943635
perl,tscl,256KB,1,reverse_dir_hits,2025717
perl,tscl,256KB,1,reverse_misses,13644
perl,tscl,256KB,1,reverse_jr_hits,177617
perl,tscl,256KB,1,reverse_jr_seen,266399
perl,tscl,256KB,1,reverse_jr_non_ras_hits.PP,15631
perl,tscl,256KB,1,reverse_jr_non_ras_seen.PP,104413
perl,tscl,256KB,1,reverse_bpred_addr_rate,0.9531
perl,tscl,256KB,1,reverse_bpred_dir_rate,0.9933
perl,tscl,256KB,1,reverse_bpred_jr_rate,0.6667
perl,tscl,256KB,1,reverse_bpred_jr_non_ras_rate.PP,0.1497
perl,tscl,256KB,1,reverse_retstack_pushes,161986
perl,tscl,256KB,1,reverse_retstack_pops,162068
perl,tscl,256KB,1,reverse_used_ras.PP,161986
perl,tscl,256KB,1,reverse_ras_hits.PP,161986
perl,tscl,256KB,1,reverse_ras_rate.PP,1.0000
perl,tscl,256KB,1,ob_fwd_lookups,0
perl,tscl,256KB,1,ob_fwd_hits,0
perl,tscl,256KB,1,ob_fwd_chosen,0
perl,tscl,256KB,1,ob_fwd_correct,0
perl,tscl,256KB,1,ob_rev_lookups,4162251
perl,tscl,256KB,1,ob_rev_hits,524288
perl,tscl,256KB,1,ob_rev_chosen,0
perl,tscl,256KB,1,ob_rev_correct,262144
perl,tscl,256KB,1,fhb_fwd_lookups,0
perl,tscl,256KB,1,fhb_rev_lookups,4162251
perl,tscl,256KB,1,fhb_fwd_valid_out,1333382
perl,tscl,256KB,1,fhb_rev_valid_out,1333399
perl,tscl,256KB,1,fhb_fwd_pred_uses,0
perl,tscl,256KB,1,fhb_rev_pred_uses,0
perl,tscl,256KB,1,fhb_fwd_update_uses,0
perl,tscl,256KB,1,fhb_rev_update_uses,0
perl,tscl,256KB,1,fhb_fwd_writes,1333399
perl,tscl,256KB,1,fhb_rev_writes,1333399
perl,tscl,256KB,1,fhb_fwd_ob_bypassed,0
perl,tscl,256KB,1,fhb_rev_ob_bypassed,1439571
perl,tscl,256KB,1,fhb_fwd_oht_bypassed,0
perl,tscl,256KB,1,fhb_rev_oht_bypassed,1439571
perl,tscl,256KB,1,oht_fwd_lookups,0
perl,tscl,256KB,1,oht_fwd_hits,0
perl,tscl,256KB,1,oht_fwd_chosen,0
perl,tscl,256KB,1,oht_fwd_correct,0
perl,tscl,256KB,1,oht_rev_lookups,4162251
perl,tscl,256KB,1,oht_rev_hits,915283
perl,tscl,256KB,1,oht_rev_chosen,0
perl,tscl,256KB,1,oht_rev_correct,908612
perl,tscl,256KB,1,frmt_fwd_lookups,0
perl,tscl,256KB,1,frmt_fwd_hits,0
perl,tscl,256KB,1,frmt_fwd_misses,0
perl,tscl,256KB,1,frmt_rev_lookups,8442905
perl,tscl,256KB,1,frmt_rev_hits,5513843
perl,tscl,256KB,1,frmt_rev_misses,2929062
perl,tscl,256KB,1,tage_fwd_lookups,9805811
perl,tscl,256KB,1,tage_rev_lookups,0
perl,tscl,256KB,1,tage_fwd_tag_matches,613754
perl,tscl,256KB,1,tage_rev_tag_matches,0
perl,tscl,256KB,1,sc_fwd_lookups,11315408
perl,tscl,256KB,1,sc_rev_lookups,0
perl,tscl,256KB,1,sc_fwd_inversions,12513
perl,tscl,256KB,1,sc_rev_inversions,0
perl,tscl,256KB,1,sc_fwd_threshold_checks,2828852
perl,tscl,256KB,1,sc_rev_threshold_checks,0
perl,tscl,256KB,1,sc_fwd_threshold_pass,12513
perl,tscl,256KB,1,sc_rev_threshold_pass,0
perl,tscl,256KB,1,sc_fwd_updates,0
perl,tscl,256KB,1,sc_rev_updates,0
perl,tscl,256KB,1,loop_fwd_lookups,2828852
perl,tscl,256KB,1,loop_rev_lookups,2828852
perl,tscl,256KB,1,loop_fwd_hits,0
perl,tscl,256KB,1,loop_rev_hits,0
perl,tscl,256KB,1,loop_fwd_chosen,0
perl,tscl,256KB,1,loop_rev_chosen,0
perl,tscl,256KB,1,llbp_fwd_lookups,0
perl,tscl,256KB,1,llbp_rev_lookups,0
perl,tscl,256KB,1,llbp_fwd_hits,0
perl,tscl,256KB,1,llbp_rev_hits,0
perl,tscl,256KB,1,llbp_fwd_chosen,0
perl,tscl,256KB,1,llbp_rev_chosen,0
perl,tscl,32KB,0,lookups,2328312
perl,tscl,32KB,0,updates,2039361
perl,tscl,32KB,0,addr_hits,1885286
perl,tscl,32KB,0,dir_hits,1974782
perl,tscl,32KB,0,misses,64579
perl,tscl,32KB,0,jr_hits,171180
perl,tscl,32KB,0,jr_seen,266399
perl,tscl,32KB,0,jr_non_ras_hits.PP,15615
perl,tscl,32KB,0,jr_non_ras_seen.PP,104413
perl,tscl,32KB,0,bpred_addr_rate,0.9244
perl,tscl,32KB,0,bpred_dir_rate,0.9683
perl,tscl,32KB,0,bpred_jr_rate,0.6426
perl,tscl,32KB,0,bpred_jr_non_ras_rate.PP,0.1496
perl,tscl,32KB,0,retstack_pushes,203787
perl,tscl,32KB,0,retstack_pops,168334
perl,tscl,32KB,0,used_ras.PP,161986
perl,tscl,32KB,0,ras_hits.PP,155565
perl,tscl,32KB,0,ras_rate.PP,0.9604
perl,tscl,32KB,0,reverse_lookups,2039361
perl,tscl,32KB,0,reverse_updates,2039361
perl,tscl,32KB,0,reverse_addr_hits,1926139
perl,tscl,32KB,0,reverse_dir_hits,2008200
perl,tscl,32KB,0,reverse_misses,31161
perl,tscl,32KB,0,reverse_jr_hits,177617
perl,tscl,32KB,0,reverse_jr_seen,266399
perl,tscl,32KB,0,reverse_jr_non_ras_hits.PP,15631
perl,tscl,32KB,0,reverse_jr_non_ras_seen.PP,104413
perl,tscl,32KB,0,reverse_bpred_addr_rate,0.9445
perl,tscl,32KB,0,reverse_bpred_dir_rate,0.9847
perl,tscl,32KB,0,reverse_bpred_jr_rate,0.6667
perl,tscl,32KB,0,reverse_bpred_jr_non_ras_rate.PP,0.1497
perl,tscl,32KB,0,reverse_retstack_pushes,161986
perl,tscl,32KB,0,reverse_retstack_pops,162068
perl,tscl,32KB,0,reverse_used_ras.PP,161986
perl,tscl,32KB,0,reverse_ras_hits.PP,161986
perl,tscl,32KB,0,reverse_ras_rate.PP,1.0000
perl,tscl,32KB,0,ob_fwd_lookups,0
perl,tscl,32KB,0,ob_fwd_hits,0
perl,tscl,32KB,0,ob_fwd_chosen,0
perl,tscl,32KB,0,ob_fwd_correct,0
perl,tscl,32KB,0,ob_rev_lookups,4163030
perl,tscl,32KB,0,ob_rev_hits,65536
perl,tscl,32KB,0,ob_rev_chosen,0
perl,tscl,32KB,0,ob_rev_correct,32768
perl,tscl,32KB,0,fhb_fwd_lookups,0
perl,tscl,32KB,0,fhb_rev_lookups,4163030
perl,tscl,32KB,0,fhb_fwd_valid_out,1333382
perl,tscl,32KB,0,fhb_rev_valid_out,1333399
perl,tscl,32KB,0,fhb_fwd_pred_uses,0
perl,tscl,32KB,0,fhb_rev_pred_uses,0
perl,tscl,32KB,0,fhb_fwd_update_uses,8000292
perl,tscl,32KB,0,fhb_rev_update_uses,16000584
perl,tscl,32KB,0,fhb_fwd_writes,1333399
perl,tscl,32KB,0,fhb_rev_writes,1333399
perl,tscl,32KB,0,fhb_fwd_ob_bypassed,0
perl,tscl,32KB,0,fhb_rev_ob_bypassed,65536
perl,tscl,32KB,0,fhb_fwd_oht_bypassed,0
perl,tscl,32KB,0,fhb_rev_oht_bypassed,65536
perl,tscl,32KB,0,oht_fwd_lookups,0
perl,tscl,32KB,0,oht_fwd_hits,0
perl,tscl,32KB,0,oht_fwd_chosen,0
perl,tscl,32KB,0,oht_fwd_correct,0
perl,tscl,32KB,0,oht_rev_lookups,4163030
perl,tscl,32KB,0,oht_rev_hits,1300631
perl,tscl,32KB,0,oht_rev_chosen,0
perl,tscl,32KB,0,oht_rev_correct,1276390
perl,tscl,32KB,0,frmt_fwd_lookups,0
perl,tscl,32KB,0,frmt_fwd_hits,0
perl,tscl,32KB,0,frmt_fwd_misses,0
perl,tscl,32KB,0,frmt_rev_lookups,0
perl,tscl,32KB,0,frmt_rev_hits,0
perl,tscl,32KB,0,frmt_rev_misses,0
perl,tscl,32KB,0,tage_fwd_lookups,10153165
perl,tscl,32KB,0,tage_rev_lookups,0
perl,tscl,32KB,0,tage_fwd_tag_matches,482699
perl,tscl,32KB,0,tage_rev_tag_matches,0
perl,tscl,32KB,0,sc_fwd_lookups,11318524
perl,tscl,32KB,0,sc_rev_lookups,0
perl,tscl,32KB,0,sc_fwd_inversions,10571
perl,tscl,32KB,0,sc_rev_inversions,0
perl,tscl,32KB,0,sc_fwd_threshold_checks,2829631
perl,tscl,32KB,0,sc_rev_threshold_checks,0
perl,tscl,32KB,0,sc_fwd_threshold_pass,10571
perl,tscl,32KB,0,sc_rev_threshold_pass,0
perl,tscl,32KB,0,sc_fwd_updates,5333528
perl,tscl,32KB,0,sc_rev_updates,1333382
perl,tscl,32KB,0,loop_fwd_lookups,2829631
perl,tscl,32KB,0,loop_rev_lookups,2829631
perl,tscl,32KB,0,loop_fwd_hits,0
perl,tscl,32KB,0,loop_rev_hits,0
perl,tscl,32KB,0,loop_fwd_chosen,0
perl,tscl,32KB,0,loop_rev_chosen,0
perl,tscl,32KB,0,llbp_fwd_lookups,0
perl,tscl,32KB,0,llbp_rev_lookups,0
perl,tscl,32KB,0,llbp_fwd_hits,0
perl,tscl,32KB,0,llbp_rev_hits,0
perl,tscl,32KB,0,llbp_fwd_chosen,0
perl,tscl,32KB,0,llbp_rev_chosen,0
perl,tscl,32KB,1,lookups,2328755
perl,tscl,32KB,1,updates,2039361
perl,tscl,32KB,1,addr_hits,1881716
perl,tscl,32KB,1,dir_hits,1971207
perl,tscl,32KB,1,misses,68154
perl,tscl,32KB,1,jr_hits,171180
perl,tscl,32KB,1,jr_seen,266399
perl,tscl,32KB,1,jr_non_ras_hits.PP,15615
perl,tscl,32KB,1,jr_non_ras_seen.PP,104413
perl,tscl,32KB,1,bpred_addr_rate,0.9227
perl,tscl,32KB,1,bpred_dir_rate,0.9666
perl,tscl,32KB,1,bpred_jr_rate,0.6426
perl,tscl,32KB,1,bpred_jr_non_ras_rate.PP,0.1496
perl,tscl,32KB,1,retstack_pushes,203793
perl,tscl,32KB,1,retstack_pops,168350
perl,tscl,32KB,1,used_ras.PP,161986
perl,tscl,32KB,1,ras_hits.PP,155565
perl,tscl,32KB,1,ras_rate.PP,0.9604
perl,tscl,32KB,1,reverse_lookups,2039361
perl,tscl,32KB,1,reverse_updates,2039361
perl,tscl,32KB,1,reverse_addr_hits,1926640
perl,tscl,32KB,1,reverse_dir_hits,2008685
perl,tscl,32KB,1,reverse_misses,30676
perl,tscl,32KB,1,reverse_jr_hits,177617
perl,tscl,32KB,1,reverse_jr_seen,266399
perl,tscl,32KB,1,reverse_jr_non_ras_hits.PP,15631
perl,tscl,32KB,1,reverse_jr_non_ras_seen.PP,104413
perl,tscl,32KB,1,reverse_bpred_addr_rate,0.9447
perl,tscl,32KB,1,reverse_bpred_dir_rate,0.9850
perl,tscl,32KB,1,reverse_bpred_jr_rate,0.6667
perl,tscl,32KB,1,reverse_bpred_jr_non_ras_rate.PP,0.1497
perl,tscl,32KB,1,reverse_retstack_pushes,161986
perl,tscl,32KB,1,reverse_retstack_pops,162068
perl,tscl,32KB,1,reverse_used_ras.PP,161986
perl,tscl,32KB,1,reverse_ras_hits.PP,161986
perl,tscl,32KB,1,reverse_ras_rate.PP,1.0000
perl,tscl,32KB,1,ob_fwd_lookups,0
perl,tscl,32KB,1,ob_fwd_hits,0
perl,tscl,32KB,1,ob_fwd_chosen,0
perl,tscl,32KB,1,ob_fwd_correct,0
perl,tscl,32KB,1,ob_rev_lookups,4163008
perl,tscl,32KB,1,ob_rev_hits,65536
perl,tscl,32KB,1,ob_rev_chosen,0
perl,tscl,32KB,1,ob_rev_correct,32768
perl,tscl,32KB,1,fhb_fwd_lookups,0
perl,tscl,32KB,1,fhb_rev_lookups,4163008
perl,tscl,32KB,1,fhb_fwd_valid_out,1333382
perl,tscl,32KB,1,fhb_rev_valid_out,1333399
perl,tscl,32KB,1,fhb_fwd_pred_uses,0
perl,tscl,32KB,1,fhb_rev_pred_uses,0
perl,tscl,32KB,1,fhb_fwd_update_uses,0
perl,tscl,32KB,1,fhb_rev_update_uses,0
perl,tscl,32KB,1,fhb_fwd_writes,1333399
perl,tscl,32KB,1,fhb_rev_writes,1333399
perl,tscl,32KB,1,fhb_fwd_ob_bypassed,0
perl,tscl,32KB,1,fhb_rev_ob_bypassed,1098288
perl,tscl,32KB,1,fhb_fwd_oht_bypassed,0
perl,tscl,32KB,1,fhb_rev_oht_bypassed,1098288
perl,tscl,32KB,1,oht_fwd_lookups,0
perl,tscl,32KB,1,oht_fwd_hits,0
perl,tscl,32KB,1,oht_fwd_chosen,0
perl,tscl,32KB,1,oht_fwd_correct,0
perl,tscl,32KB,1,oht_rev_lookups,4163008
perl,tscl,32KB,1,oht_rev_hits,1032752
perl,tscl,32KB,1,oht_rev_chosen,0
perl,tscl,32KB,1,oht_rev_correct,1009810
perl,tscl,32KB,1,frmt_fwd_lookups,0
perl,tscl,32KB,1,frmt_fwd_hits,0
perl,tscl,32KB,1,frmt_fwd_misses,0
perl,tscl,32KB,1,frmt_rev_lookups,8446838
perl,tscl,32KB,1,frmt_rev_hits,6582522
perl,tscl,32KB,1,frmt_rev_misses,1864316
perl,tscl,32KB,1,tage_fwd_lookups,9694345
perl,tscl,32KB,1,tage_rev_lookups,0
perl,tscl,32KB,1,tage_fwd_tag_matches,658083
perl,tscl,32KB,1,tage_rev_tag_matches,0
perl,tscl,32KB,1,sc_fwd_lookups,11318436
perl,tscl,32KB,1,sc_rev_lookups,0
perl,tscl,32KB,1,sc_fwd_inversions,14328
perl,tscl,32KB,1,sc_rev_inversions,0
perl,tscl,32KB,1,sc_fwd_threshold_checks,2829609
perl,tscl,32KB,1,sc_rev_threshold_checks,0
perl,tscl,32KB,1,sc_fwd_threshold_pass,14328
perl,tscl,32KB,1,sc_rev_threshold_pass,0
perl,tscl,32KB,1,sc_fwd_updates,0
perl,tscl,32KB,1,sc_rev_updates,0
perl,tscl,32KB,1,loop_fwd_lookups,2829609
perl,tscl,32KB,1,loop_rev_lookups,2829609
perl,tscl,32KB,1,loop_fwd_hits,0
perl,tscl,32KB,1,loop_rev_hits,0
perl,tscl,32KB,1,loop_fwd_chosen,0
perl,tscl,32KB,1,loop_rev_chosen,0
perl,tscl,32KB,1,llbp_fwd_lookups,0
perl,tscl,32KB,1,llbp_rev_lookups,0
perl,tscl,32KB,1,llbp_fwd_hits,0
perl,tscl,32KB,1,llbp_rev_hits,0
perl,tscl,32KB,1,llbp_fwd_chosen,0
perl,tscl,32KB,1,llbp_rev_chosen,0
perl,tscl,512KB,0,lookups,2324718
perl,tscl,512KB,0,updates,2039361
perl,tscl,512KB,0,addr_hits,1886111
perl,tscl,512KB,0,dir_hits,1975607
perl,tscl,512KB,0,misses,63754
perl,tscl,512KB,0,jr_hits,171183
perl,tscl,512KB,0,jr_seen,266399
perl,tscl,512KB,0,jr_non_ras_hits.PP,15615
perl,tscl,512KB,0,jr_non_ras_seen.PP,104413
perl,tscl,512KB,0,bpred_addr_rate,0.9249
perl,tscl,512KB,0,bpred_dir_rate,0.9687
perl,tscl,512KB,0,bpred_jr_rate,0.6426
perl,tscl,512KB,0,bpred_jr_non_ras_rate.PP,0.1496
perl,tscl,512KB,0,retstack_pushes,203711
perl,tscl,512KB,0,retstack_pops,167114
perl,tscl,512KB,0,used_ras.PP,161986
perl,tscl,512KB,0,ras_hits.PP,155568
perl,tscl,512KB,0,ras_rate.PP,0.9604
perl,tscl,512KB,0,reverse_lookups,2039361
perl,tscl,512KB,0,reverse_updates,2039361
perl,tscl,512KB,0,reverse_addr_hits,1946227
perl,tscl,512KB,0,reverse_dir_hits,2028310
perl,tscl,512KB,0,reverse_misses,11051
perl,tscl,512KB,0,reverse_jr_hits,177617
perl,tscl,512KB,0,reverse_jr_seen,266399
perl,tscl,512KB,0,reverse_jr_non_ras_hits.PP,15631
perl,tscl,512KB,0,reverse_jr_non_ras_seen.PP,104413
perl,tscl,512KB,0,reverse_bpred_addr_rate,0.9543
perl,tscl,512KB,0,reverse_bpred_dir_rate,0.9946
perl,tscl,512KB,0,reverse_bpred_jr_rate,0.6667
perl,tscl,512KB,0,reverse_bpred_jr_non_ras_rate.PP,0.1497
perl,tscl,512KB,0,reverse_retstack_pushes,161986
perl,tscl,512KB,0,reverse_retstack_pops,162068
perl,tscl,512KB,0,reverse_used_ras.PP,161986
perl,tscl,512KB,0,reverse_ras_hits.PP,161986
perl,tscl,512KB,0,reverse_ras_rate.PP,1.0000
perl,tscl,512KB,0,ob_fwd_lookups,0
perl,tscl,512KB,0,ob_fwd_hits,0
perl,tscl,512KB,0,ob_fwd_chosen,0
perl,tscl,512KB,0,ob_fwd_correct,0
perl,tscl,512KB,0,ob_rev_lookups,4161993
perl,tscl,512KB,0,ob_rev_hits,1048576
perl,tscl,512KB,0,ob_rev_chosen,0
perl,tscl,512KB,0,ob_rev_correct,524288
perl,tscl,512KB,0,fhb_fwd_lookups,0
perl,tscl,512KB,0,fhb_rev_lookups,4161993
perl,tscl,512KB,0,fhb_fwd_valid_out,1333382
perl,tscl,512KB,0,fhb_rev_valid_out,1333399
perl,tscl,512KB,0,fhb_fwd_pred_uses,0
perl,tscl,512KB,0,fhb_rev_pred_uses,0
perl,tscl,512KB,0,fhb_fwd_update_uses,8000292
perl,tscl,512KB,0,fhb_rev_update_uses,16000584
perl,tscl,512KB,0,fhb_fwd_writes,1333399
perl,tscl,512KB,0,fhb_rev_writes,1333399
perl,tscl,512KB,0,fhb_fwd_ob_bypassed,0
perl,tscl,512KB,0,fhb_rev_ob_bypassed,1048576
perl,tscl,512KB,0,fhb_fwd_oht_bypassed,0
perl,tscl,512KB,0,fhb_rev_oht_bypassed,1048576
perl,tscl,512KB,0,oht_fwd_lookups,0
perl,tscl,512KB,0,oht_fwd_hits,0
perl,tscl,512KB,0,oht_fwd_chosen,0
perl,tscl,512KB,0,oht_fwd_correct,0
perl,tscl,512KB,0,oht_rev_lookups,4161993
perl,tscl,512KB,0,oht_rev_hits,809111
perl,tscl,512KB,0,oht_rev_chosen,0
perl,tscl,512KB,0,oht_rev_correct,804958
perl,tscl,512KB,0,frmt_fwd_lookups,0
perl,tscl,512KB,0,frmt_fwd_hits,0
perl,tscl,512KB,0,frmt_fwd_misses,0
perl,tscl,512KB,0,frmt_rev_lookups,0
perl,tscl,512KB,0,frmt_rev_hits,0
perl,tscl,512KB,0,frmt_rev_misses,0
perl,tscl,512KB,0,tage_fwd_lookups,10172914
perl,tscl,512KB,0,tage_rev_lookups,0
perl,tscl,512KB,0,tage_fwd_tag_matches,463757
perl,tscl,512KB,0,tage_rev_tag_matches,0
perl,tscl,512KB,0,sc_fwd_lookups,11314376
perl,tscl,512KB,0,sc_rev_lookups,0
perl,tscl,512KB,0,sc_fwd_inversions,14225
perl,tscl,512KB,0,sc_rev_inversions,0
perl,tscl,512KB,0,sc_fwd_threshold_checks,2828594
perl,tscl,512KB,0,sc_rev_threshold_checks,0
perl,tscl,512KB,0,sc_fwd_threshold_pass,14225
perl,tscl,512KB,0,sc_rev_threshold_pass,0
perl,tscl,512KB,0,sc_fwd_updates,5333528
perl,tscl,512KB,0,sc_rev_updates,1333382
perl,tscl,512KB,0,loop_fwd_lookups,2828594
perl,tscl,512KB,0,loop_rev_lookups,2828594
perl,tscl,512KB,0,loop_fwd_hits,0
perl,tscl,512KB,0,loop_rev_hits,0
perl,tscl,512KB,0,loop_fwd_chosen,0
perl,tscl,512KB,0,loop_rev_chosen,0
perl,tscl,512KB,0,llbp_fwd_lookups,0
perl,tscl,512KB,0,llbp_rev_lookups,0
perl,tscl,512KB,0,llbp_fwd_hits,0
perl,tscl,512KB,0,llbp_rev_hits,0
perl,tscl,512KB,0,llbp_fwd_chosen,0
perl,tscl,512KB,0,llbp_rev_chosen,0
perl,tscl,512KB,1,lookups,2324541
perl,tscl,512KB,1,updates,2039361
perl,tscl,512KB,1,addr_hits,1886367
perl,tscl,512KB,1,dir_hits,1975857
perl,tscl,512KB,1,misses,63504
perl,tscl,512KB,1,jr_hits,171182
perl,tscl,512KB,1,jr_seen,266399
perl,tscl,512KB,1,jr_non_ras_hits.PP,15615
perl,tscl,512KB,1,jr_non_ras_seen.PP,104413
perl,tscl,512KB,1,bpred_addr_rate,0.9250
perl,tscl,512KB,1,bpred_dir_rate,0.9689
perl,tscl,512KB,1,bpred_jr_rate,0.6426
perl,tscl,512KB,1,bpred_jr_non_ras_rate.PP,0.1496
perl,tscl,512KB,1,retstack_pushes,203720
perl,tscl,512KB,1,retstack_pops,166907
perl,tscl,512KB,1,used_ras.PP,161986
perl,tscl,512KB,1,ras_hits.PP,155567
perl,tscl,512KB,1,ras_rate.PP,0.9604
perl,tscl,512KB,1,reverse_lookups,2039361
perl,tscl,512KB,1,reverse_updates,2039361
perl,tscl,512KB,1,reverse_addr_hits,1946192
perl,tscl,512KB,1,reverse_dir_hits,2028275
perl,tscl,512KB,1,reverse_misses,11086
perl,tscl,512KB,1,reverse_jr_hits,177617
perl,tscl,512KB,1,reverse_jr_seen,266399
perl,tscl,512KB,1,reverse_jr_non_ras_hits.PP,15631
perl,tscl,512KB,1,reverse_jr_non_ras_seen.PP,104413
perl,tscl,512KB,1,reverse_bpred_addr_rate,0.9543
perl,tscl,512KB,1,reverse_bpred_dir_rate,0.9946
perl,tscl,512KB,1,reverse_bpred_jr_rate,0.6667
perl,tscl,512KB,1,reverse_bpred_jr_non_ras_rate.PP,0.1497
perl,tscl,512KB,1,reverse_retstack_pushes,161986
perl,tscl,512KB,1,reverse_retstack_pops,162068
perl,tscl,512KB,1,reverse_used_ras.PP,161986
perl,tscl,512KB,1,reverse_ras_hits.PP,161986
perl,tscl,512KB,1,reverse_ras_rate.PP,1.0000
perl,tscl,512KB,1,ob_fwd_lookups,0
perl,tscl,512KB,1,ob_fwd_hits,0
perl,tscl,512KB,1,ob_fwd_chosen,0
perl,tscl,512KB,1,ob_fwd_correct,0
perl,tscl,512KB,1,ob_rev_lookups,4162237
perl,tscl,512KB,1,ob_rev_hits,1048576
perl,tscl,512KB,1,ob_rev_chosen,0
perl,tscl,512KB,1,ob_rev_correct,524288
perl,tscl,512KB,1,fhb_fwd_lookups,0
perl,tscl,512KB,1,fhb_rev_lookups,4162237
perl,tscl,512KB,1,fhb_fwd_valid_out,1333382
perl,tscl,512KB,1,fhb_rev_valid_out,1333399
perl,tscl,512KB,1,fhb_fwd_pred_uses,0
perl,tscl,512KB,1,fhb_rev_pred_uses,0
perl,tscl,512KB,1,fhb_fwd_update_uses,0
perl,tscl,512KB,1,fhb_rev_update_uses,0
perl,tscl,512KB,1,fhb_fwd_writes,1333399
perl,tscl,512KB,1,fhb_rev_writes,1333399
perl,tscl,512KB,1,fhb_fwd_ob_bypassed,0
perl,tscl,512KB,1,fhb_rev_ob_bypassed,1740837
perl,tscl,512KB,1,fhb_fwd_oht_bypassed,0
perl,tscl,512KB,1,fhb_rev_oht_bypassed,1740837
perl,tscl,512KB,1,oht_fwd_lookups,0
perl,tscl,512KB,1,oht_fwd_hits,0
perl,tscl,512KB,1,oht_fwd_chosen,0
perl,tscl,512KB,1,oht_fwd_correct,0
perl,tscl,512KB,1,oht_rev_lookups,4162237
perl,tscl,512KB,1,oht_rev_hits,692261
perl,tscl,512KB,1,oht_rev_chosen,0
perl,tscl,512KB,1,oht_rev_correct,688114
perl,tscl,512KB,1,frmt_fwd_lookups,0
perl,tscl,512KB,1,frmt_fwd_hits,0
perl,tscl,512KB,1,frmt_fwd_misses,0
perl,tscl,512KB,1,frmt_rev_lookups,8442624
perl,tscl,512KB,1,frmt_rev_hits,5493920
perl,tscl,512KB,1,frmt_rev_misses,2948704
perl,tscl,512KB,1,tage_fwd_lookups,9733379
perl,tscl,512KB,1,tage_rev_lookups,0
perl,tscl,512KB,1,tage_fwd_tag_matches,645778
perl,tscl,512KB,1,tage_rev_tag_matches,0
perl,tscl,512KB,1,sc_fwd_lookups,11315352
perl,tscl,512KB,1,sc_rev_lookups,0
perl,tscl,512KB,1,sc_fwd_inversions,13355
perl,tscl,512KB,1,sc_rev_inversions,0
perl,tscl,512KB,1,sc_fwd_threshold_checks,2828838
perl,tscl,512KB,1,sc_rev_threshold_checks,0
perl,tscl,512KB,1,sc_fwd_threshold_pass,13355
perl,tscl,512KB,1,sc_rev_threshold_pass,0
perl,tscl,512KB,1,sc_fwd_updates,0
perl,tscl,512KB,1,sc_rev_updates,0
perl,tscl,512KB,1,loop_fwd_lookups,2828838
perl,tscl,512KB,1,loop_rev_lookups,2828838
perl,tscl,512KB,1,loop_fwd_hits,0
perl,tscl,512KB,1,loop_rev_hits,0
perl,tscl,512KB,1,loop_fwd_chosen,0
perl,tscl,512KB,1,loop_rev_chosen,0
perl,tscl,512KB,1,llbp_fwd_lookups,0
perl,tscl,512KB,1,llbp_rev_lookups,0
perl,tscl,512KB,1,llbp_fwd_hits,0
perl,tscl,512KB,1,llbp_rev_hits,0
perl,tscl,512KB,1,llbp_fwd_chosen,0
perl,tscl,512KB,1,llbp_rev_chosen,0
perl,tscl,64KB,0,lookups,2328272
perl,tscl,64KB,0,updates,2039361
perl,tscl,64KB,0,addr_hits,1884859
perl,tscl,64KB,0,dir_hits,1974363
perl,tscl,64KB,0,misses,64998
perl,tscl,64KB,0,jr_hits,171173
perl,tscl,64KB,0,jr_seen,266399
perl,tscl,64KB,0,jr_non_ras_hits.PP,15615
perl,tscl,64KB,0,jr_non_ras_seen.PP,104413
perl,tscl,64KB,0,bpred_addr_rate,0.9242
perl,tscl,64KB,0,bpred_dir_rate,0.9681
perl,tscl,64KB,0,bpred_jr_rate,0.6425
perl,tscl,64KB,0,bpred_jr_non_ras_rate.PP,0.1496
perl,tscl,64KB,0,retstack_pushes,203773
perl,tscl,64KB,0,retstack_pops,168621
perl,tscl,64KB,0,used_ras.PP,161986
perl,tscl,64KB,0,ras_hits.PP,155558
perl,tscl,64KB,0,ras_rate.PP,0.9603
perl,tscl,64KB,0,reverse_lookups,2039361
perl,tscl,64KB,0,reverse_updates,2039361
perl,tscl,64KB,0,reverse_addr_hits,1936113
perl,tscl,64KB,0,reverse_dir_hits,2018187
perl,tscl,64KB,0,reverse_misses,21174
perl,tscl,64KB,0,reverse_jr_hits,177617
perl,tscl,64KB,0,reverse_jr_seen,266399
perl,tscl,64KB,0,reverse_jr_non_ras_hits.PP,15631
perl,tscl,64KB,0,reverse_jr_non_ras_seen.PP,104413
perl,tscl,64KB,0,reverse_bpred_addr_rate,0.9494
perl,tscl,64KB,0,reverse_bpred_dir_rate,0.9896
perl,tscl,64KB,0,reverse_bpred_jr_rate,0.6667
perl,tscl,64KB,0,reverse_bpred_jr_non_ras_rate.PP,0.1497
perl,tscl,64KB,0,reverse_retstack_pushes,161986
perl,tscl,64KB,0,reverse_retstack_pops,162068
perl,tscl,64KB,0,reverse_used_ras.PP,161986
perl,tscl,64KB,0,reverse_ras_hits.PP,161986
perl,tscl,64KB,0,reverse_ras_rate.PP,1.0000
perl,tscl,64KB,0,ob_fwd_lookups,0
perl,tscl,64KB,0,ob_fwd_hits,0
perl,tscl,64KB,0,ob_fwd_chosen,0
perl,tscl,64KB,0,ob_fwd_correct,0
perl,tscl,64KB,0,ob_rev_lookups,4162422
perl,tscl,64KB,0,ob_rev_hits,131072
perl,tscl,64KB,0,ob_rev_chosen,0
perl,tscl,64KB,0,ob_rev_correct,65536
perl,tscl,64KB,0,fhb_fwd_lookups,0
perl,tscl,64KB,0,fhb_rev_lookups,4162422
perl,tscl,64KB,0,fhb_fwd_valid_out,1333382
perl,tscl,64KB,0,fhb_rev_valid_out,1333399
perl,tscl,64KB,0,fhb_fwd_pred_uses,0
perl,tscl,64KB,0,fhb_rev_pred_uses,0
perl,tscl,64KB,0,fhb_fwd_update_uses,8000292
perl,tscl,64KB,0,fhb_rev_update_uses,16000584
perl,tscl,64KB,0,fhb_fwd_writes,1333399
perl,tscl,64KB,0,fhb_rev_writes,1333399
perl,tscl,64KB,0,fhb_fwd_ob_bypassed,0
perl,tscl,64KB,0,fhb_rev_ob_bypassed,131072
perl,tscl,64KB,0,fhb_fwd_oht_bypassed,0
perl,tscl,64KB,0,fhb_rev_oht_bypassed,131072
perl,tscl,64KB,0,oht_fwd_lookups,0
perl,tscl,64KB,0,oht_fwd_hits,0
perl,tscl,64KB,0,oht_fwd_chosen,0
perl,tscl,64KB,0,oht_fwd_correct,0
perl,tscl,64KB,0,oht_rev_lookups,4162422
perl,tscl,64KB,0,oht_rev_hits,1267863
perl,tscl,64KB,0,oht_rev_chosen,0
perl,tscl,64KB,0,oht_rev_correct,1253596
perl,tscl,64KB,0,frmt_fwd_lookups,0
perl,tscl,64KB,0,frmt_fwd_hits,0
perl,tscl,64KB,0,frmt_fwd_misses,0
perl,tscl,64KB,0,frmt_rev_lookups,0
perl,tscl,64KB,0,frmt_rev_hits,0
perl,tscl,64KB,0,frmt_rev_misses,0
perl,tscl,64KB,0,tage_fwd_lookups,10220360
perl,tscl,64KB,0,tage_rev_lookups,0
perl,tscl,64KB,0,tage_fwd_tag_matches,473294
perl,tscl,64KB,0,tage_rev_tag_matches,0
perl,tscl,64KB,0,sc_fwd_lookups,11316092
perl,tscl,64KB,0,sc_rev_lookups,0
perl,tscl,64KB,0,sc_fwd_inversions,12134
perl,tscl,64KB,0,sc_rev_inversions,0
perl,tscl,64KB,0,sc_fwd_threshold_checks,2829023
perl,tscl,64KB,0,sc_rev_threshold_checks,0
perl,tscl,64KB,0,sc_fwd_threshold_pass,12134
perl,tscl,64KB,0,sc_rev_threshold_pass,0
perl,tscl,64KB,0,sc_fwd_updates,5333528
perl,tscl,64KB,0,sc_rev_updates,1333382
perl,tscl,64KB,0,loop_fwd_lookups,2829023
perl,tscl,64KB,0,loop_rev_lookups,2829023
perl,tscl,64KB,0,loop_fwd_hits,0
perl,tscl,64KB,0,loop_rev_hits,0
perl,tscl,64KB,0,loop_fwd_chosen,0
perl,tscl,64KB,0,loop_rev_chosen,0
perl,tscl,64KB,0,llbp_fwd_lookups,0
perl,tscl,64KB,0,llbp_rev_lookups,0
perl,tscl,64KB,0,llbp_fwd_hits,0
perl,tscl,64KB,0,llbp_rev_hits,0
perl,tscl,64KB,0,llbp_fwd_chosen,0
perl,tscl,64KB,0,llbp_rev_chosen,0
perl,tscl,64KB,1,lookups,2328301
perl,tscl,64KB,1,updates,2039361
perl,tscl,64KB,1,addr_hits,1884955
perl,tscl,64KB,1,dir_hits,1974453
perl,tscl,64KB,1,misses,64908
perl,tscl,64KB,1,jr_hits,171174
perl,tscl,64KB,1,jr_seen,266399
perl,tscl,64KB,1,jr_non_ras_hits.PP,15615
perl,tscl,64KB,1,jr_non_ras_seen.PP,104413
perl,tscl,64KB,1,bpred_addr_rate,0.9243
perl,tscl,64KB,1,bpred_dir_rate,0.9682
perl,tscl,64KB,1,bpred_jr_rate,0.6425
perl,tscl,64KB,1,bpred_jr_non_ras_rate.PP,0.1496
perl,tscl,64KB,1,retstack_pushes,203780
perl,tscl,64KB,1,retstack_pops,168632
perl,tscl,64KB,1,used_ras.PP,161986
perl,tscl,64KB,1,ras_hits.PP,155559
perl,tscl,64KB,1,ras_rate.PP,0.9603
perl,tscl,64KB,1,reverse_lookups,2039361
perl,tscl,64KB,1,reverse_updates,2039361
perl,tscl,64KB,1,reverse_addr_hits,1936834
perl,tscl,64KB,1,reverse_dir_hits,2018898
perl,tscl,64KB,1,reverse_misses,20463
perl,tscl,64KB,1,reverse_jr_hits,177617
perl,tscl,64KB,1,reverse_jr_seen,266399
perl,tscl,64KB,1,reverse_jr_non_ras_hits.PP,15631
perl,tscl,64KB,1,reverse_jr_non_ras_seen.PP,104413
perl,tscl,64KB,1,reverse_bpred_addr_rate,0.9497
perl,tscl,64KB,1,reverse_bpred_dir_rate,0.9900
perl,tscl,64KB,1,reverse_bpred_jr_rate,0.6667
perl,tscl,64KB,1,reverse_bpred_jr_non_ras_rate.PP,0.1497
perl,tscl,64KB,1,reverse_retstack_pushes,161986
perl,tscl,64KB,1,reverse_retstack_pops,162068
perl,tscl,64KB,1,reverse_used_ras.PP,161986
perl,tscl,64KB,1,reverse_ras_hits.PP,161986
perl,tscl,64KB,1,reverse_ras_rate.PP,1.0000
perl,tscl,64KB,1,ob_fwd_lookups,0
perl,tscl,64KB,1,ob_fwd_hits,0
perl,tscl,64KB,1,ob_fwd_chosen,0
perl,tscl,64KB,1,ob_fwd_correct,0
perl,tscl,64KB,1,ob_rev_lookups,4162380
perl,tscl,64KB,1,ob_rev_hits,131072
perl,tscl,64KB,1,ob_rev_chosen,0
perl,tscl,64KB,1,ob_rev_correct,65536
perl,tscl,64KB,1,fhb_fwd_lookups,0
perl,tscl,64KB,1,fhb_rev_lookups,4162380
perl,tscl,64KB,1,fhb_fwd_valid_out,1333382
perl,tscl,64KB,1,fhb_rev_valid_out,1333399
perl,tscl,64KB,1,fhb_fwd_pred_uses,0
perl,tscl,64KB,1,fhb_rev_pred_uses,0
perl,tscl,64KB,1,fhb_fwd_update_uses,0
perl,tscl,64KB,1,fhb_rev_update_uses,0
perl,tscl,64KB,1,fhb_fwd_writes,1333399
perl,tscl,64KB,1,fhb_rev_writes,1333399
perl,tscl,64KB,1,fhb_fwd_ob_bypassed,0
perl,tscl,64KB,1,fhb_rev_ob_bypassed,1180131
perl,tscl,64KB,1,fhb_fwd_oht_bypassed,0
perl,tscl,64KB,1,fhb_rev_oht_bypassed,1180131
perl,tscl,64KB,1,oht_fwd_lookups,0
perl,tscl,64KB,1,oht_fwd_hits,0
perl,tscl,64KB,1,oht_fwd_chosen,0
perl,tscl,64KB,1,oht_fwd_correct,0
perl,tscl,64KB,1,oht_rev_lookups,4162380
perl,tscl,64KB,1,oht_rev_hits,1049059
perl,tscl,64KB,1,oht_rev_chosen,0
perl,tscl,64KB,1,oht_rev_correct,1036017
perl,tscl,64KB,1,frmt_fwd_lookups,0
perl,tscl,64KB,1,frmt_fwd_hits,0
perl,tscl,64KB,1,frmt_fwd_misses,0
perl,tscl,64KB,1,frmt_rev_lookups,8446384
perl,tscl,64KB,1,frmt_rev_hits,5942328
perl,tscl,64KB,1,frmt_rev_misses,2504056
perl,tscl,64KB,1,tage_fwd_lookups,9682276
perl,tscl,64KB,1,tage_rev_lookups,0
perl,tscl,64KB,1,tage_fwd_tag_matches,650034
perl,tscl,64KB,1,tage_rev_tag_matches,0
perl,tscl,64KB,1,sc_fwd_lookups,11315924
perl,tscl,64KB,1,sc_rev_lookups,0
perl,tscl,64KB,1,sc_fwd_inversions,12062
perl,tscl,64KB,1,sc_rev_inversions,0
perl,tscl,64KB,1,sc_fwd_threshold_checks,2828981
perl,tscl,64KB,1,sc_rev_threshold_checks,0
perl,tscl,64KB,1,sc_fwd_threshold_pass,12062
perl,tscl,64KB,1,sc_rev_threshold_pass,0
perl,tscl,64KB,1,sc_fwd_updates,0
perl,tscl,64KB,1,sc_rev_updates,0
perl,tscl,64KB,1,loop_fwd_lookups,2828981
perl,tscl,64KB,1,loop_rev_lookups,2828981
perl,tscl,64KB,1,loop_fwd_hits,0
perl,tscl,64KB,1,loop_rev_hits,0
perl,tscl,64KB,1,loop_fwd_chosen,0
perl,tscl,64KB,1,loop_rev_chosen,0
perl,tscl,64KB,1,llbp_fwd_lookups,0
perl,tscl,64KB,1,llbp_rev_lookups,0
perl,tscl,64KB,1,llbp_fwd_hits,0
perl,tscl,64KB,1,llbp_rev_hits,0
perl,tscl,64KB,1,llbp_fwd_chosen,0
perl,tscl,64KB,1,llbp_rev_chosen,0
gcc,tscl,128KB,0,sim_num_insn,10000000
gcc,tscl,128KB,0,sim_num_refs,3825174
gcc,tscl,128KB,0,sim_num_loads,2544354
gcc,tscl,128KB,0,sim_num_stores,1280820.0000
gcc,tscl,128KB,0,sim_num_branches,2060509
gcc,tscl,128KB,0,sim_elapsed_time,11
gcc,tscl,128KB,0,sim_inst_rate,909090.9091
gcc,tscl,128KB,0,sim_total_insn,11324141
gcc,tscl,128KB,0,sim_total_refs,4267069
gcc,tscl,128KB,0,sim_total_loads,2888796
gcc,tscl,128KB,0,sim_total_stores,1378273.0000
gcc,tscl,128KB,0,sim_total_branches,2338984
gcc,tscl,128KB,0,sim_cycle,12448536
gcc,tscl,128KB,0,sim_IPC,0.8033
gcc,tscl,128KB,0,sim_CPI,1.2449
gcc,tscl,128KB,0,sim_exec_BW,0.9097
gcc,tscl,128KB,0,sim_IPB,4.8532
gcc,tscl,128KB,0,sim_slip,89235085
gcc,tscl,128KB,0,avg_sim_slip,8.9235
gcc,tscl,128KB,0,sim_invalid_addrs,0
gcc,tscl,128KB,1,sim_num_insn,10000000
gcc,tscl,128KB,1,sim_num_refs,3825174
gcc,tscl,128KB,1,sim_num_loads,2544354
gcc,tscl,128KB,1,sim_num_stores,1280820.0000
gcc,tscl,128KB,1,sim_num_branches,2060509
gcc,tscl,128KB,1,sim_elapsed_time,8
gcc,tscl,128KB,1,sim_inst_rate,1250000.0000
gcc,tscl,128KB,1,sim_total_insn,11331703
gcc,tscl,128KB,1,sim_total_refs,4270401
gcc,tscl,128KB,1,sim_total_loads,2892510
gcc,tscl,128KB,1,sim_total_stores,1377891.0000
gcc,tscl,128KB,1,sim_total_branches,2340687
gcc,tscl,128KB,1,sim_cycle,12449454
gcc,tscl,128KB,1,sim_IPC,0.8032
gcc,tscl,128KB,1,sim_CPI,1.2449
gcc,tscl,128KB,1,sim_exec_BW,0.9102
gcc,tscl,128KB,1,sim_IPB,4.8532
gcc,tscl,128KB,1,sim_slip,89247581
gcc,tscl,128KB,1,avg_sim_slip,8.9248
gcc,tscl,128KB,1,sim_invalid_addrs,0
gcc,tscl,16KB,0,sim_num_insn,10000000
gcc,tscl,16KB,0,sim_num_refs,3825174
gcc,tscl,16KB,0,sim_num_loads,2544354
gcc,tscl,16KB,0,sim_num_stores,1280820.0000
gcc,tscl,16KB,0,sim_num_branches,2060509
gcc,tscl,16KB,0,sim_elapsed_time,35
gcc,tscl,16KB,0,sim_inst_rate,285714.2857
gcc,tscl,16KB,0,sim_total_insn,11361623
gcc,tscl,16KB,0,sim_total_refs,4280915
gcc,tscl,16KB,0,sim_total_loads,2898821
gcc,tscl,16KB,0,sim_total_stores,1382094.0000
gcc,tscl,16KB,0,sim_total_branches,2348182
gcc,tscl,16KB,0,sim_cycle,12517628
gcc,tscl,16KB,0,sim_IPC,0.7989
gcc,tscl,16KB,0,sim_CPI,1.2518
gcc,tscl,16KB,0,sim_exec_BW,0.9076
gcc,tscl,16KB,0,sim_IPB,4.8532
gcc,tscl,16KB,0,sim_slip,89149525
gcc,tscl,16KB,0,avg_sim_slip,8.9150
gcc,tscl,16KB,0,sim_invalid_addrs,0
gcc,tscl,16KB,1,sim_num_insn,10000000
gcc,tscl,16KB,1,sim_num_refs,3825174
gcc,tscl,16KB,1,sim_num_loads,2544354
gcc,tscl,16KB,1,sim_num_stores,1280820.0000
gcc,tscl,16KB,1,sim_num_branches,2060509
gcc,tscl,16KB,1,sim_elapsed_time,34
gcc,tscl,16KB,1,sim_inst_rate,294117.6471
gcc,tscl,16KB,1,sim_total_insn,11374913
gcc,tscl,16KB,1,sim_total_refs,4286147
gcc,tscl,16KB,1,sim_total_loads,2904930
gcc,tscl,16KB,1,sim_total_stores,1381217.0000
gcc,tscl,16KB,1,sim_total_branches,2349470
gcc,tscl,16KB,1,sim_cycle,12580596
gcc,tscl,16KB,1,sim_IPC,0.7949
gcc,tscl,16KB,1,sim_CPI,1.2581
gcc,tscl,16KB,1,sim_exec_BW,0.9042
gcc,tscl,16KB,1,sim_IPB,4.8532
gcc,tscl,16KB,1,sim_slip,89214327
gcc,tscl,16KB,1,avg_sim_slip,8.9214
gcc,tscl,16KB,1,sim_invalid_addrs,0
gcc,tscl,1MB,0,sim_num_insn,10000000
gcc,tscl,1MB,0,sim_num_refs,3825174
gcc,tscl,1MB,0,sim_num_loads,2544354
gcc,tscl,1MB,0,sim_num_stores,1280820.0000
gcc,tscl,1MB,0,sim_num_branches,2060509
gcc,tscl,1MB,0,sim_elapsed_time,12
gcc,tscl,1MB,0,sim_inst_rate,833333.3333
gcc,tscl,1MB,0,sim_total_insn,11326343
gcc,tscl,1MB,0,sim_total_refs,4266863
gcc,tscl,1MB,0,sim_total_loads,2890186
gcc,tscl,1MB,0,sim_total_stores,1376677.0000
gcc,tscl,1MB,0,sim_total_branches,2340032
gcc,tscl,1MB,0,sim_cycle,12441870
gcc,tscl,1MB,0,sim_IPC,0.8037
gcc,tscl,1MB,0,sim_CPI,1.2442
gcc,tscl,1MB,0,sim_exec_BW,0.9103
gcc,tscl,1MB,0,sim_IPB,4.8532
gcc,tscl,1MB,0,sim_slip,89238146
gcc,tscl,1MB,0,avg_sim_slip,8.9238
gcc,tscl,1MB,0,sim_invalid_addrs,0
gcc,tscl,1MB,1,sim_num_insn,10000000
gcc,tscl,1MB,1,sim_num_refs,3825174
gcc,tscl,1MB,1,sim_num_loads,2544354
gcc,tscl,1MB,1,sim_num_stores,1280820.0000
gcc,tscl,1MB,1,sim_num_branches,2060509
gcc,tscl,1MB,1,sim_elapsed_time,9
gcc,tscl,1MB,1,sim_inst_rate,1111111.1111
gcc,tscl,1MB,1,sim_total_insn,11325051
gcc,tscl,1MB,1,sim_total_refs,4267089
gcc,tscl,1MB,1,sim_total_loads,2890407
gcc,tscl,1MB,1,sim_total_stores,1376682.0000
gcc,tscl,1MB,1,sim_total_branches,2339133
gcc,tscl,1MB,1,sim_cycle,12434141
gcc,tscl,1MB,1,sim_IPC,0.8042
gcc,tscl,1MB,1,sim_CPI,1.2434
gcc,tscl,1MB,1,sim_exec_BW,0.9108
gcc,tscl,1MB,1,sim_IPB,4.8532
gcc,tscl,1MB,1,sim_slip,89264383
gcc,tscl,1MB,1,avg_sim_slip,8.9264
gcc,tscl,1MB,1,sim_invalid_addrs,0
gcc,tscl,256KB,0,sim_num_insn,10000000
gcc,tscl,256KB,0,sim_num_refs,3825174
gcc,tscl,256KB,0,sim_num_loads,2544354
gcc,tscl,256KB,0,sim_num_stores,1280820.0000
gcc,tscl,256KB,0,sim_num_branches,2060509
gcc,tscl,256KB,0,sim_elapsed_time,13
gcc,tscl,256KB,0,sim_inst_rate,769230.7692
gcc,tscl,256KB,0,sim_total_insn,11324253
gcc,tscl,256KB,0,sim_total_refs,4266620
gcc,tscl,256KB,0,sim_total_loads,2888796
gcc,tscl,256KB,0,sim_total_stores,1377824.0000
gcc,tscl,256KB,0,sim_total_branches,2339315
gcc,tscl,256KB,0,sim_cycle,12449547
gcc,tscl,256KB,0,sim_IPC,0.8032
gcc,tscl,256KB,0,sim_CPI,1.2450
gcc,tscl,256KB,0,sim_exec_BW,0.9096
gcc,tscl,256KB,0,sim_IPB,4.8532
gcc,tscl,256KB,0,sim_slip,89241312
gcc,tscl,256KB,0,avg_sim_slip,8.9241
gcc,tscl,256KB,0,sim_invalid_addrs,0
gcc,tscl,256KB,1,sim_num_insn,10000000
gcc,tscl,256KB,1,sim_num_refs,3825174
gcc,tscl,256KB,1,sim_num_loads,2544354
gcc,tscl,256KB,1,sim_num_stores,1280820.0000
gcc,tscl,256KB,1,sim_num_branches,2060509
gcc,tscl,256KB,1,sim_elapsed_time,12
gcc,tscl,256KB,1,sim_inst_rate,833333.3333
gcc,tscl,256KB,1,sim_total_insn,11331418
gcc,tscl,256KB,1,sim_total_refs,4270207
gcc,tscl,256KB,1,sim_total_loads,2892082
gcc,tscl,256KB,1,sim_total_stores,1378125.0000
gcc,tscl,256KB,1,sim_total_branches,2340606
gcc,tscl,256KB,1,sim_cycle,12447243
gcc,tscl,256KB,1,sim_IPC,0.8034
gcc,tscl,256KB,1,sim_CPI,1.2447
gcc,tscl,256KB,1,sim_exec_BW,0.9104
gcc,tscl,256KB,1,sim_IPB,4.8532
gcc,tscl,256KB,1,sim_slip,89253652
gcc,tscl,256KB,1,avg_sim_slip,8.9254
gcc,tscl,256KB,1,sim_invalid_addrs,0
gcc,tscl,32KB,0,sim_num_insn,10000000
gcc,tscl,32KB,0,sim_num_refs,3825174
gcc,tscl,32KB,0,sim_num_loads,2544354
gcc,tscl,32KB,0,sim_num_stores,1280820.0000
gcc,tscl,32KB,0,sim_num_branches,2060509
gcc,tscl,32KB,0,sim_elapsed_time,35
gcc,tscl,32KB,0,sim_inst_rate,285714.2857
gcc,tscl,32KB,0,sim_total_insn,11350798
gcc,tscl,32KB,0,sim_total_refs,4277529
gcc,tscl,32KB,0,sim_total_loads,2896651
gcc,tscl,32KB,0,sim_total_stores,1380878.0000
gcc,tscl,32KB,0,sim_total_branches,2344647
gcc,tscl,32KB,0,sim_cycle,12501855
gcc,tscl,32KB,0,sim_IPC,0.7999
gcc,tscl,32KB,0,sim_CPI,1.2502
gcc,tscl,32KB,0,sim_exec_BW,0.9079
gcc,tscl,32KB,0,sim_IPB,4.8532
gcc,tscl,32KB,0,sim_slip,89156882
gcc,tscl,32KB,0,avg_sim_slip,8.9157
gcc,tscl,32KB,0,sim_invalid_addrs,0
gcc,tscl,32KB,1,sim_num_insn,10000000
gcc,tscl,32KB,1,sim_num_refs,3825174
gcc,tscl,32KB,1,sim_num_loads,2544354
gcc,tscl,32KB,1,sim_num_stores,1280820.0000
gcc,tscl,32KB,1,sim_num_branches,2060509
gcc,tscl,32KB,1,sim_elapsed_time,35
gcc,tscl,32KB,1,sim_inst_rate,285714.2857
gcc,tscl,32KB,1,sim_total_insn,11372430
gcc,tscl,32KB,1,sim_total_refs,4288102
gcc,tscl,32KB,1,sim_total_loads,2906848
gcc,tscl,32KB,1,sim_total_stores,1381254.0000
gcc,tscl,32KB,1,sim_total_branches,2347653
gcc,tscl,32KB,1,sim_cycle,12553026
gcc,tscl,32KB,1,sim_IPC,0.7966
gcc,tscl,32KB,1,sim_CPI,1.2553
gcc,tscl,32KB,1,sim_exec_BW,0.9060
gcc,tscl,32KB,1,sim_IPB,4.8532
gcc,tscl,32KB,1,sim_slip,89200329
gcc,tscl,32KB,1,avg_sim_slip,8.9200
gcc,tscl,32KB,1,sim_invalid_addrs,0
gcc,tscl,512KB,0,sim_num_insn,10000000
gcc,tscl,512KB,0,sim_num_refs,3825174
gcc,tscl,512KB,0,sim_num_loads,2544354
gcc,tscl,512KB,0,sim_num_stores,1280820.0000
gcc,tscl,512KB,0,sim_num_branches,2060509
gcc,tscl,512KB,0,sim_elapsed_time,14
gcc,tscl,512KB,0,sim_inst_rate,714285.7143
gcc,tscl,512KB,0,sim_total_insn,11315977
gcc,tscl,512KB,0,sim_total_refs,4264166
gcc,tscl,512KB,0,sim_total_loads,2888696
gcc,tscl,512KB,0,sim_total_stores,1375470.0000
gcc,tscl,512KB,0,sim_total_branches,2337747
gcc,tscl,512KB,0,sim_cycle,12437577
gcc,tscl,512KB,0,sim_IPC,0.8040
gcc,tscl,512KB,0,sim_CPI,1.2438
gcc,tscl,512KB,0,sim_exec_BW,0.9098
gcc,tscl,512KB,0,sim_IPB,4.8532
gcc,tscl,512KB,0,sim_slip,89255365
gcc,tscl,512KB,0,avg_sim_slip,8.9255
gcc,tscl,512KB,0,sim_invalid_addrs,0
gcc,tscl,512KB,1,sim_num_insn,10000000
gcc,tscl,512KB,1,sim_num_refs,3825174
gcc,tscl,512KB,1,sim_num_loads,2544354
gcc,tscl,512KB,1,sim_num_stores,1280820.0000
gcc,tscl,512KB,1,sim_num_branches,2060509
gcc,tscl,512KB,1,sim_elapsed_time,12
gcc,tscl,512KB,1,sim_inst_rate,833333.3333
gcc,tscl,512KB,1,sim_total_insn,11311101
gcc,tscl,512KB,1,sim_total_refs,4263915
gcc,tscl,512KB,1,sim_total_loads,2888142
gcc,tscl,512KB,1,sim_total_stores,1375773.0000
gcc,tscl,512KB,1,sim_total_branches,2335962
gcc,tscl,512KB,1,sim_cycle,12430493
gcc,tscl,512KB,1,sim_IPC,0.8045
gcc,tscl,512KB,1,sim_CPI,1.2430
gcc,tscl,512KB,1,sim_exec_BW,0.9099
gcc,tscl,512KB,1,sim_IPB,4.8532
gcc,tscl,512KB,1,sim_slip,89275917
gcc,tscl,512KB,1,avg_sim_slip,8.9276
gcc,tscl,512KB,1,sim_invalid_addrs,0
gcc,tscl,64KB,0,sim_num_insn,10000000
gcc,tscl,64KB,0,sim_num_refs,3825174
gcc,tscl,64KB,0,sim_num_loads,2544354
gcc,tscl,64KB,0,sim_num_stores,1280820.0000
gcc,tscl,64KB,0,sim_num_branches,2060509
gcc,tscl,64KB,0,sim_elapsed_time,35
gcc,tscl,64KB,0,sim_inst_rate,285714.2857
gcc,tscl,64KB,0,sim_total_insn,11353732
gcc,tscl,64KB,0,sim_total_refs,4277099
gcc,tscl,64KB,0,sim_total_loads,2897006
gcc,tscl,64KB,0,sim_total_stores,1380093.0000
gcc,tscl,64KB,0,sim_total_branches,2346468
gcc,tscl,64KB,0,sim_cycle,12479293
gcc,tscl,64KB,0,sim_IPC,0.8013
gcc,tscl,64KB,0,sim_CPI,1.2479
gcc,tscl,64KB,0,sim_exec_BW,0.9098
gcc,tscl,64KB,0,sim_IPB,4.8532
gcc,tscl,64KB,0,sim_slip,89150808
gcc,tscl,64KB,0,avg_sim_slip,8.9151
gcc,tscl,64KB,0,sim_invalid_addrs,0
gcc,tscl,64KB,1,sim_num_insn,10000000
gcc,tscl,64KB,1,sim_num_refs,3825174
gcc,tscl,64KB,1,sim_num_loads,2544354
gcc,tscl,64KB,1,sim_num_stores,1280820.0000
gcc,tscl,64KB,1,sim_num_branches,2060509
gcc,tscl,64KB,1,sim_elapsed_time,35
gcc,tscl,64KB,1,sim_inst_rate,285714.2857
gcc,tscl,64KB,1,sim_total_insn,11350450
gcc,tscl,64KB,1,sim_total_refs,4276793
gcc,tscl,64KB,1,sim_total_loads,2897564
gcc,tscl,64KB,1,sim_total_stores,1379229.0000
gcc,tscl,64KB,1,sim_total_branches,2344456
gcc,tscl,64KB,1,sim_cycle,12491230
gcc,tscl,64KB,1,sim_IPC,0.8006
gcc,tscl,64KB,1,sim_CPI,1.2491
gcc,tscl,64KB,1,sim_exec_BW,0.9087
gcc,tscl,64KB,1,sim_IPB,4.8532
gcc,tscl,64KB,1,sim_slip,89218436
gcc,tscl,64KB,1,avg_sim_slip,8.9218
gcc,tscl,64KB,1,sim_invalid_addrs,0
go,tscl,128KB,0,sim_num_insn,10000002
go,tscl,128KB,0,sim_num_refs,2709732
go,tscl,128KB,0,sim_num_loads,1952514
go,tscl,128KB,0,sim_num_stores,757218.0000
go,tscl,128KB,0,sim_num_branches,1810312
go,tscl,128KB,0,sim_elapsed_time,11
go,tscl,128KB,0,sim_inst_rate,909091.0909
go,tscl,128KB,0,sim_total_insn,11583647
go,tscl,128KB,0,sim_total_refs,3113948
go,tscl,128KB,0,sim_total_loads,2264338
go,tscl,128KB,0,sim_total_stores,849610.0000
go,tscl,128KB,0,sim_total_branches,2083795
go,tscl,128KB,0,sim_cycle,7519908
go,tscl,128KB,0,sim_IPC,1.3298
go,tscl,128KB,0,sim_CPI,0.7520
go,tscl,128KB,0,sim_exec_BW,1.5404
go,tscl,128KB,0,sim_IPB,5.5239
go,tscl,128KB,0,sim_slip,97105672
go,tscl,128KB,0,avg_sim_slip,9.7106
go,tscl,128KB,0,sim_invalid_addrs,0
go,tscl,128KB,1,sim_num_insn,10000002
go,tscl,128KB,1,sim_num_refs,2709732
go,tscl,128KB,1,sim_num_loads,1952514
go,tscl,128KB,1,sim_num_stores,757218.0000
go,tscl,128KB,1,sim_num_branches,1810312
go,tscl,128KB,1,sim_elapsed_time,8
go,tscl,128KB,1,sim_inst_rate,1250000.2500
go,tscl,128KB,1,sim_total_insn,11584627
go,tscl,128KB,1,sim_total_refs,3114630
go,tscl,128KB,1,sim_total_loads,2263174
go,tscl,128KB,1,sim_total_stores,851456.0000
go,tscl,128KB,1,sim_total_branches,2084539
go,tscl,128KB,1,sim_cycle,7522876
go,tscl,128KB,1,sim_IPC,1.3293
go,tscl,128KB,1,sim_CPI,0.7523
go,tscl,128KB,1,sim_exec_BW,1.5399
go,tscl,128KB,1,sim_IPB,5.5239
go,tscl,128KB,1,sim_slip,97112690
go,tscl,128KB,1,avg_sim_slip,9.7113
go,tscl,128KB,1,sim_invalid_addrs,0
go,tscl,16KB,0,sim_num_insn,10000002
go,tscl,16KB,0,sim_num_refs,2709732
go,tscl,16KB,0,sim_num_loads,1952514
go,tscl,16KB,0,sim_num_stores,757218.0000
go,tscl,16KB,0,sim_num_branches,1810312
go,tscl,16KB,0,sim_elapsed_time,34
go,tscl,16KB,0,sim_inst_rate,294117.7059
go,tscl,16KB,0,sim_total_insn,11573676
go,tscl,16KB,0,sim_total_refs,3113302
go,tscl,16KB,0,sim_total_loads,2262949
go,tscl,16KB,0,sim_total_stores,850353.0000
go,tscl,16KB,0,sim_total_branches,2082130
go,tscl,16KB,0,sim_cycle,7521504
go,tscl,16KB,0,sim_IPC,1.3295
go,tscl,16KB,0,sim_CPI,0.7522
go,tscl,16KB,0,sim_exec_BW,1.5387
go,tscl,16KB,0,sim_IPB,5.5239
go,tscl,16KB,0,sim_slip,97117529
go,tscl,16KB,0,avg_sim_slip,9.7118
go,tscl,16KB,0,sim_invalid_addrs,0
go,tscl,16KB,1,sim_num_insn,10000002
go,tscl,16KB,1,sim_num_refs,2709732
go,tscl,16KB,1,sim_num_loads,1952514
go,tscl,16KB,1,sim_num_stores,757218.0000
go,tscl,16KB,1,sim_num_branches,1810312
go,tscl,16KB,1,sim_elapsed_time,34
go,tscl,16KB,1,sim_inst_rate,294117.7059
go,tscl,16KB,1,sim_total_insn,11597673
go,tscl,16KB,1,sim_total_refs,3118069
go,tscl,16KB,1,sim_total_loads,2266223
go,tscl,16KB,1,sim_total_stores,851846.0000
go,tscl,16KB,1,sim_total_branches,2086376
go,tscl,16KB,1,sim_cycle,7537992
go,tscl,16KB,1,sim_IPC,1.3266
go,tscl,16KB,1,sim_CPI,0.7538
go,tscl,16KB,1,sim_exec_BW,1.5386
go,tscl,16KB,1,sim_IPB,5.5239
go,tscl,16KB,1,sim_slip,97043995
go,tscl,16KB,1,avg_sim_slip,9.7044
go,tscl,16KB,1,sim_invalid_addrs,0
go,tscl,1MB,0,sim_num_insn,10000002
go,tscl,1MB,0,sim_num_refs,2709732
go,tscl,1MB,0,sim_num_loads,1952514
go,tscl,1MB,0,sim_num_stores,757218.0000
go,tscl,1MB,0,sim_num_branches,1810312
go,tscl,1MB,0,sim_elapsed_time,9
go,tscl,1MB,0,sim_inst_rate,1111111.3333
go,tscl,1MB,0,sim_total_insn,11583887
go,tscl,1MB,0,sim_total_refs,3114383
go,tscl,1MB,0,sim_total_loads,2261493
go,tscl,1MB,0,sim_total_stores,852890.0000
go,tscl,1MB,0,sim_total_branches,2085028
go,tscl,1MB,0,sim_cycle,7517635
go,tscl,1MB,0,sim_IPC,1.3302
go,tscl,1MB,0,sim_CPI,0.7518
go,tscl,1MB,0,sim_exec_BW,1.5409
go,tscl,1MB,0,sim_IPB,5.5239
go,tscl,1MB,0,sim_slip,97125854
go,tscl,1MB,0,avg_sim_slip,9.7126
go,tscl,1MB,0,sim_invalid_addrs,0
go,tscl,1MB,1,sim_num_insn,10000002
go,tscl,1MB,1,sim_num_refs,2709732
go,tscl,1MB,1,sim_num_loads,1952514
go,tscl,1MB,1,sim_num_stores,757218.0000
go,tscl,1MB,1,sim_num_branches,1810312
go,tscl,1MB,1,sim_elapsed_time,8
go,tscl,1MB,1,sim_inst_rate,1250000.2500
go,tscl,1MB,1,sim_total_insn,11574444
go,tscl,1MB,1,sim_total_refs,3110341
go,tscl,1MB,1,sim_total_loads,2258031
go,tscl,1MB,1,sim_total_stores,852310.0000
go,tscl,1MB,1,sim_total_branches,2083610
go,tscl,1MB,1,sim_cycle,7508920
go,tscl,1MB,1,sim_IPC,1.3317
go,tscl,1MB,1,sim_CPI,0.7509
go,tscl,1MB,1,sim_exec_BW,1.5414
go,tscl,1MB,1,sim_IPB,5.5239
go,tscl,1MB,1,sim_slip,97145360
go,tscl,1MB,1,avg_sim_slip,9.7145
go,tscl,1MB,1,sim_invalid_addrs,0
go,tscl,256KB,0,sim_num_insn,10000002
go,tscl,256KB,0,sim_num_refs,2709732
go,tscl,256KB,0,sim_num_loads,1952514
go,tscl,256KB,0,sim_num_stores,757218.0000
go,tscl,256KB,0,sim_num_branches,1810312
go,tscl,256KB,0,sim_elapsed_time,11
go,tscl,256KB,0,sim_inst_rate,909091.0909
go,tscl,256KB,0,sim_total_insn,11572190
go,tscl,256KB,0,sim_total_refs,3109443
go,tscl,256KB,0,sim_total_loads,2259280
go,tscl,256KB,0,sim_total_stores,850163.0000
go,tscl,256KB,0,sim_total_branches,2082360
go,tscl,256KB,0,sim_cycle,7510011
go,tscl,256KB,0,sim_IPC,1.3316
go,tscl,256KB,0,sim_CPI,0.7510
go,tscl,256KB,0,sim_exec_BW,1.5409
go,tscl,256KB,0,sim_IPB,5.5239
go,tscl,256KB,0,sim_slip,97116226
go,tscl,256KB,0,avg_sim_slip,9.7116
go,tscl,256KB,0,sim_invalid_addrs,0
go,tscl,256KB,1,sim_num_insn,10000002
go,tscl,256KB,1,sim_num_refs,2709732
go,tscl,256KB,1,sim_num_loads,1952514
go,tscl,256KB,1,sim_num_stores,757218.0000
go,tscl,256KB,1,sim_num_branches,1810312
go,tscl,256KB,1,sim_elapsed_time,9
go,tscl,256KB,1,sim_inst_rate,1111111.3333
go,tscl,256KB,1,sim_total_insn,11589255
go,tscl,256KB,1,sim_total_refs,3116085
go,tscl,256KB,1,sim_total_loads,2264366
go,tscl,256KB,1,sim_total_stores,851719.0000
go,tscl,256KB,1,sim_total_branches,2087285
go,tscl,256KB,1,sim_cycle,7529536
go,tscl,256KB,1,sim_IPC,1.3281
go,tscl,256KB,1,sim_CPI,0.7530
go,tscl,256KB,1,sim_exec_BW,1.5392
go,tscl,256KB,1,sim_IPB,5.5239
go,tscl,256KB,1,sim_slip,97101931
go,tscl,256KB,1,avg_sim_slip,9.7102
go,tscl,256KB,1,sim_invalid_addrs,0
go,tscl,32KB,0,sim_num_insn,10000002
go,tscl,32KB,0,sim_num_refs,2709732
go,tscl,32KB,0,sim_num_loads,1952514
go,tscl,32KB,0,sim_num_stores,757218.0000
go,tscl,32KB,0,sim_num_branches,1810312
go,tscl,32KB,0,sim_elapsed_time,34
go,tscl,32KB,0,sim_inst_rate,294117.7059
go,tscl,32KB,0,sim_total_insn,11552745
go,tscl,32KB,0,sim_total_refs,3106827
go,tscl,32KB,0,sim_total_loads,2258163
go,tscl,32KB,0,sim_total_stores,848664.0000
go,tscl,32KB,0,sim_total_branches,2079485
go,tscl,32KB,0,sim_cycle,7505860
go,tscl,32KB,0,sim_IPC,1.3323
go,tscl,32KB,0,sim_CPI,0.7506
go,tscl,32KB,0,sim_exec_BW,1.5392
go,tscl,32KB,0,sim_IPB,5.5239
go,tscl,32KB,0,sim_slip,97100458
go,tscl,32KB,0,avg_sim_slip,9.7100
go,tscl,32KB,0,sim_invalid_addrs,0
go,tscl,32KB,1,sim_num_insn,10000002
go,tscl,32KB,1,sim_num_refs,2709732
go,tscl,32KB,1,sim_num_loads,1952514
go,tscl,32KB,1,sim_num_stores,757218.0000
go,tscl,32KB,1,sim_num_branches,1810312
go,tscl,32KB,1,sim_elapsed_time,33
go,tscl,32KB,1,sim_inst_rate,303030.3636
go,tscl,32KB,1,sim_total_insn,11581316
go,tscl,32KB,1,sim_total_refs,3115716
go,tscl,32KB,1,sim_total_loads,2265959
go,tscl,32KB,1,sim_total_stores,849757.0000
go,tscl,32KB,1,sim_total_branches,2082367
go,tscl,32KB,1,sim_cycle,7529222
go,tscl,32KB,1,sim_IPC,1.3282
go,tscl,32KB,1,sim_CPI,0.7529
go,tscl,32KB,1,sim_exec_BW,1.5382
go,tscl,32KB,1,sim_IPB,5.5239
go,tscl,32KB,1,sim_slip,97098918
go,tscl,32KB,1,avg_sim_slip,9.7099
go,tscl,32KB,1,sim_invalid_addrs,0
go,tscl,512KB,0,sim_num_insn,10000002
go,tscl,512KB,0,sim_num_refs,2709732
go,tscl,512KB,0,sim_num_loads,1952514
go,tscl,512KB,0,sim_num_stores,757218.0000
go,tscl,512KB,0,sim_num_branches,1810312
go,tscl,512KB,0,sim_elapsed_time,13
go,tscl,512KB,0,sim_inst_rate,769230.9231
go,tscl,512KB,0,sim_total_insn,11572643
go,tscl,512KB,0,sim_total_refs,3109058
go,tscl,512KB,0,sim_total_loads,2257980
go,tscl,512KB,0,sim_total_stores,851078.0000
go,tscl,512KB,0,sim_total_branches,2083451
go,tscl,512KB,0,sim_cycle,7510060
go,tscl,512KB,0,sim_IPC,1.3315
go,tscl,512KB,0,sim_CPI,0.7510
go,tscl,512KB,0,sim_exec_BW,1.5410
go,tscl,512KB,0,sim_IPB,5.5239
go,tscl,512KB,0,sim_slip,97133567
go,tscl,512KB,0,avg_sim_slip,9.7134
go,tscl,512KB,0,sim_invalid_addrs,0
go,tscl,512KB,1,sim_num_insn,10000002
go,tscl,512KB,1,sim_num_refs,2709732
go,tscl,512KB,1,sim_num_loads,1952514
go,tscl,512KB,1,sim_num_stores,757218.0000
go,tscl,512KB,1,sim_num_branches,1810312
go,tscl,512KB,1,sim_elapsed_time,10
go,tscl,512KB,1,sim_inst_rate,1000000.2000
go,tscl,512KB,1,sim_total_insn,11570855
go,tscl,512KB,1,sim_total_refs,3108647
go,tscl,512KB,1,sim_total_loads,2257147
go,tscl,512KB,1,sim_total_stores,851500.0000
go,tscl,512KB,1,sim_total_branches,2083205
go,tscl,512KB,1,sim_cycle,7505809
go,tscl,512KB,1,sim_IPC,1.3323
go,tscl,512KB,1,sim_CPI,0.7506
go,tscl,512KB,1,sim_exec_BW,1.5416
go,tscl,512KB,1,sim_IPB,5.5239
go,tscl,512KB,1,sim_slip,97140356
go,tscl,512KB,1,avg_sim_slip,9.7140
go,tscl,512KB,1,sim_invalid_addrs,0
go,tscl,64KB,0,sim_num_insn,10000002
go,tscl,64KB,0,sim_num_refs,2709732
go,tscl,64KB,0,sim_num_loads,1952514
go,tscl,64KB,0,sim_num_stores,757218.0000
go,tscl,64KB,0,sim_num_branches,1810312
go,tscl,64KB,0,sim_elapsed_time,36
go,tscl,64KB,0,sim_inst_rate,277777.8333
go,tscl,64KB,0,sim_total_insn,11546761
go,tscl,64KB,0,sim_total_refs,3105864
go,tscl,64KB,0,sim_total_loads,2256387
go,tscl,64KB,0,sim_total_stores,849477.0000
go,tscl,64KB,0,sim_total_branches,2080577
go,tscl,64KB,0,sim_cycle,7496350
go,tscl,64KB,0,sim_IPC,1.3340
go,tscl,64KB,0,sim_CPI,0.7496
go,tscl,64KB,0,sim_exec_BW,1.5403
go,tscl,64KB,0,sim_IPB,5.5239
go,tscl,64KB,0,sim_slip,97151078
go,tscl,64KB,0,avg_sim_slip,9.7151
go,tscl,64KB,0,sim_invalid_addrs,0
go,tscl,64KB,1,sim_num_insn,10000002
go,tscl,64KB,1,sim_num_refs,2709732
go,tscl,64KB,1,sim_num_loads,1952514
go,tscl,64KB,1,sim_num_stores,757218.0000
go,tscl,64KB,1,sim_num_branches,1810312
go,tscl,64KB,1,sim_elapsed_time,34
go,tscl,64KB,1,sim_inst_rate,294117.7059
go,tscl,64KB,1,sim_total_insn,11571667
go,tscl,64KB,1,sim_total_refs,3110799
go,tscl,64KB,1,sim_total_loads,2258956
go,tscl,64KB,1,sim_total_stores,851843.0000
go,tscl,64KB,1,sim_total_branches,2085740
go,tscl,64KB,1,sim_cycle,7512762
go,tscl,64KB,1,sim_IPC,1.3311
go,tscl,64KB,1,sim_CPI,0.7513
go,tscl,64KB,1,sim_exec_BW,1.5403
go,tscl,64KB,1,sim_IPB,5.5239
go,tscl,64KB,1,sim_slip,97112978
go,tscl,64KB,1,avg_sim_slip,9.7113
go,tscl,64KB,1,sim_invalid_addrs,0
ijpeg,tscl,128KB,0,sim_num_insn,10000000
ijpeg,tscl,128KB,0,sim_num_refs,3858713
ijpeg,tscl,128KB,0,sim_num_loads,2143319
ijpeg,tscl,128KB,0,sim_num_stores,1715394.0000
ijpeg,tscl,128KB,0,sim_num_branches,2283775
ijpeg,tscl,128KB,0,sim_elapsed_time,7
ijpeg,tscl,128KB,0,sim_inst_rate,1428571.4286
ijpeg,tscl,128KB,0,sim_total_insn,10004650
ijpeg,tscl,128KB,0,sim_total_refs,3860336
ijpeg,tscl,128KB,0,sim_total_loads,2144220
ijpeg,tscl,128KB,0,sim_total_stores,1716116.0000
ijpeg,tscl,128KB,0,sim_total_branches,2284700
ijpeg,tscl,128KB,0,sim_cycle,3740244
ijpeg,tscl,128KB,0,sim_IPC,2.6736
ijpeg,tscl,128KB,0,sim_CPI,0.3740
ijpeg,tscl,128KB,0,sim_exec_BW,2.6749
ijpeg,tscl,128KB,0,sim_IPB,4.3787
ijpeg,tscl,128KB,0,sim_slip,92161914
ijpeg,tscl,128KB,0,avg_sim_slip,9.2162
ijpeg,tscl,128KB,0,sim_invalid_addrs,0
ijpeg,tscl,128KB,1,sim_num_insn,10000000
ijpeg,tscl,128KB,1,sim_num_refs,3858713
ijpeg,tscl,128KB,1,sim_num_loads,2143319
ijpeg,tscl,128KB,1,sim_num_stores,1715394.0000
ijpeg,tscl,128KB,1,sim_num_branches,2283775
ijpeg,tscl,128KB,1,sim_elapsed_time,5
ijpeg,tscl,128KB,1,sim_inst_rate,2000000.0000
ijpeg,tscl,128KB,1,sim_total_insn,10004640
ijpeg,tscl,128KB,1,sim_total_refs,3860332
ijpeg,tscl,128KB,1,sim_total_loads,2144216
ijpeg,tscl,128KB,1,sim_total_stores,1716116.0000
ijpeg,tscl,128KB,1,sim_total_branches,2284696
ijpeg,tscl,128KB,1,sim_cycle,3740247
ijpeg,tscl,128KB,1,sim_IPC,2.6736
ijpeg,tscl,128KB,1,sim_CPI,0.3740
ijpeg,tscl,128KB,1,sim_exec_BW,2.6749
ijpeg,tscl,128KB,1,sim_IPB,4.3787
ijpeg,tscl,128KB,1,sim_slip,92161908
ijpeg,tscl,128KB,1,avg_sim_slip,9.2162
ijpeg,tscl,128KB,1,sim_invalid_addrs,0
ijpeg,tscl,16KB,0,sim_num_insn,10000000
ijpeg,tscl,16KB,0,sim_num_refs,3858713
ijpeg,tscl,16KB,0,sim_num_loads,2143319
ijpeg,tscl,16KB,0,sim_num_stores,1715394.0000
ijpeg,tscl,16KB,0,sim_num_branches,2283775
ijpeg,tscl,16KB,0,sim_elapsed_time,25
ijpeg,tscl,16KB,0,sim_inst_rate,400000.0000
ijpeg,tscl,16KB,0,sim_total_insn,10004650
ijpeg,tscl,16KB,0,sim_total_refs,3860336
ijpeg,tscl,16KB,0,sim_total_loads,2144220
ijpeg,tscl,16KB,0,sim_total_stores,1716116.0000
ijpeg,tscl,16KB,0,sim_total_branches,2284700
ijpeg,tscl,16KB,0,sim_cycle,3740244
ijpeg,tscl,16KB,0,sim_IPC,2.6736
ijpeg,tscl,16KB,0,sim_CPI,0.3740
ijpeg,tscl,16KB,0,sim_exec_BW,2.6749
ijpeg,tscl,16KB,0,sim_IPB,4.3787
ijpeg,tscl,16KB,0,sim_slip,92161914
ijpeg,tscl,16KB,0,avg_sim_slip,9.2162
ijpeg,tscl,16KB,0,sim_invalid_addrs,0
ijpeg,tscl,16KB,1,sim_num_insn,10000000
ijpeg,tscl,16KB,1,sim_num_refs,3858713
ijpeg,tscl,16KB,1,sim_num_loads,2143319
ijpeg,tscl,16KB,1,sim_num_stores,1715394.0000
ijpeg,tscl,16KB,1,sim_num_branches,2283775
ijpeg,tscl,16KB,1,sim_elapsed_time,20
ijpeg,tscl,16KB,1,sim_inst_rate,500000.0000
ijpeg,tscl,16KB,1,sim_total_insn,10004650
ijpeg,tscl,16KB,1,sim_total_refs,3860336
ijpeg,tscl,16KB,1,sim_total_loads,2144220
ijpeg,tscl,16KB,1,sim_total_stores,1716116.0000
ijpeg,tscl,16KB,1,sim_total_branches,2284700
ijpeg,tscl,16KB,1,sim_cycle,3740624
ijpeg,tscl,16KB,1,sim_IPC,2.6734
ijpeg,tscl,16KB,1,sim_CPI,0.3741
ijpeg,tscl,16KB,1,sim_exec_BW,2.6746
ijpeg,tscl,16KB,1,sim_IPB,4.3787
ijpeg,tscl,16KB,1,sim_slip,92160825
ijpeg,tscl,16KB,1,avg_sim_slip,9.2161
ijpeg,tscl,16KB,1,sim_invalid_addrs,0
ijpeg,tscl,1MB,0,sim_num_insn,10000000
ijpeg,tscl,1MB,0,sim_num_refs,3858713
ijpeg,tscl,1MB,0,sim_num_loads,2143319
ijpeg,tscl,1MB,0,sim_num_stores,1715394.0000
ijpeg,tscl,1MB,0,sim_num_branches,2283775
ijpeg,tscl,1MB,0,sim_elapsed_time,6
ijpeg,tscl,1MB,0,sim_inst_rate,1666666.6667
ijpeg,tscl,1MB,0,sim_total_insn,10004650
ijpeg,tscl,1MB,0,sim_total_refs,3860336
ijpeg,tscl,1MB,0,sim_total_loads,2144220
ijpeg,tscl,1MB,0,sim_total_stores,1716116.0000
ijpeg,tscl,1MB,0,sim_total_branches,2284700
ijpeg,tscl,1MB,0,sim_cycle,3740244
ijpeg,tscl,1MB,0,sim_IPC,2.6736
ijpeg,tscl,1MB,0,sim_CPI,0.3740
ijpeg,tscl,1MB,0,sim_exec_BW,2.6749
ijpeg,tscl,1MB,0,sim_IPB,4.3787
ijpeg,tscl,1MB,0,sim_slip,92161914
ijpeg,tscl,1MB,0,avg_sim_slip,9.2162
ijpeg,tscl,1MB,0,sim_invalid_addrs,0
ijpeg,tscl,1MB,1,sim_num_insn,10000000
ijpeg,tscl,1MB,1,sim_num_refs,3858713
ijpeg,tscl,1MB,1,sim_num_loads,2143319
ijpeg,tscl,1MB,1,sim_num_stores,1715394.0000
ijpeg,tscl,1MB,1,sim_num_branches,2283775
ijpeg,tscl,1MB,1,sim_elapsed_time,6
ijpeg,tscl,1MB,1,sim_inst_rate,1666666.6667
ijpeg,tscl,1MB,1,sim_total_insn,10004640
ijpeg,tscl,1MB,1,sim_total_refs,3860332
ijpeg,tscl,1MB,1,sim_total_loads,2144216
ijpeg,tscl,1MB,1,sim_total_stores,1716116.0000
ijpeg,tscl,1MB,1,sim_total_branches,2284696
ijpeg,tscl,1MB,1,sim_cycle,3740247
ijpeg,tscl,1MB,1,sim_IPC,2.6736
ijpeg,tscl,1MB,1,sim_CPI,0.3740
ijpeg,tscl,1MB,1,sim_exec_BW,2.6749
ijpeg,tscl,1MB,1,sim_IPB,4.3787
ijpeg,tscl,1MB,1,sim_slip,92161908
ijpeg,tscl,1MB,1,avg_sim_slip,9.2162
ijpeg,tscl,1MB,1,sim_invalid_addrs,0
ijpeg,tscl,256KB,0,sim_num_insn,10000000
ijpeg,tscl,256KB,0,sim_num_refs,3858713
ijpeg,tscl,256KB,0,sim_num_loads,2143319
ijpeg,tscl,256KB,0,sim_num_stores,1715394.0000
ijpeg,tscl,256KB,0,sim_num_branches,2283775
ijpeg,tscl,256KB,0,sim_elapsed_time,9
ijpeg,tscl,256KB,0,sim_inst_rate,1111111.1111
ijpeg,tscl,256KB,0,sim_total_insn,10004650
ijpeg,tscl,256KB,0,sim_total_refs,3860336
ijpeg,tscl,256KB,0,sim_total_loads,2144220
ijpeg,tscl,256KB,0,sim_total_stores,1716116.0000
ijpeg,tscl,256KB,0,sim_total_branches,2284700
ijpeg,tscl,256KB,0,sim_cycle,3740244
ijpeg,tscl,256KB,0,sim_IPC,2.6736
ijpeg,tscl,256KB,0,sim_CPI,0.3740
ijpeg,tscl,256KB,0,sim_exec_BW,2.6749
ijpeg,tscl,256KB,0,sim_IPB,4.3787
ijpeg,tscl,256KB,0,sim_slip,92161914
ijpeg,tscl,256KB,0,avg_sim_slip,9.2162
ijpeg,tscl,256KB,0,sim_invalid_addrs,0
ijpeg,tscl,256KB,1,sim_num_insn,10000000
ijpeg,tscl,256KB,1,sim_num_refs,3858713
ijpeg,tscl,256KB,1,sim_num_loads,2143319
ijpeg,tscl,256KB,1,sim_num_stores,1715394.0000
ijpeg,tscl,256KB,1,sim_num_branches,2283775
ijpeg,tscl,256KB,1,sim_elapsed_time,8
ijpeg,tscl,256KB,1,sim_inst_rate,1250000.0000
ijpeg,tscl,256KB,1,sim_total_insn,10004640
ijpeg,tscl,256KB,1,sim_total_refs,3860332
ijpeg,tscl,256KB,1,sim_total_loads,2144216
ijpeg,tscl,256KB,1,sim_total_stores,1716116.0000
ijpeg,tscl,256KB,1,sim_total_branches,2284696
ijpeg,tscl,256KB,1,sim_cycle,3740247
ijpeg,tscl,256KB,1,sim_IPC,2.6736
ijpeg,tscl,256KB,1,sim_CPI,0.3740
ijpeg,tscl,256KB,1,sim_exec_BW,2.6749
ijpeg,tscl,256KB,1,sim_IPB,4.3787
ijpeg,tscl,256KB,1,sim_slip,92161908
ijpeg,tscl,256KB,1,avg_sim_slip,9.2162
ijpeg,tscl,256KB,1,sim_invalid_addrs,0
ijpeg,tscl,32KB,0,sim_num_insn,10000000
ijpeg,tscl,32KB,0,sim_num_refs,3858713
ijpeg,tscl,32KB,0,sim_num_loads,2143319
ijpeg,tscl,32KB,0,sim_num_stores,1715394.0000
ijpeg,tscl,32KB,0,sim_num_branches,2283775
ijpeg,tscl,32KB,0,sim_elapsed_time,29
ijpeg,tscl,32KB,0,sim_inst_rate,344827.5862
ijpeg,tscl,32KB,0,sim_total_insn,10004650
ijpeg,tscl,32KB,0,sim_total_refs,3860336
ijpeg,tscl,32KB,0,sim_total_loads,2144220
ijpeg,tscl,32KB,0,sim_total_stores,1716116.0000
ijpeg,tscl,32KB,0,sim_total_branches,2284700
ijpeg,tscl,32KB,0,sim_cycle,3740244
ijpeg,tscl,32KB,0,sim_IPC,2.6736
ijpeg,tscl,32KB,0,sim_CPI,0.3740
ijpeg,tscl,32KB,0,sim_exec_BW,2.6749
ijpeg,tscl,32KB,0,sim_IPB,4.3787
ijpeg,tscl,32KB,0,sim_slip,92161914
ijpeg,tscl,32KB,0,avg_sim_slip,9.2162
ijpeg,tscl,32KB,0,sim_invalid_addrs,0
ijpeg,tscl,32KB,1,sim_num_insn,10000000
ijpeg,tscl,32KB,1,sim_num_refs,3858713
ijpeg,tscl,32KB,1,sim_num_loads,2143319
ijpeg,tscl,32KB,1,sim_num_stores,1715394.0000
ijpeg,tscl,32KB,1,sim_num_branches,2283775
ijpeg,tscl,32KB,1,sim_elapsed_time,24
ijpeg,tscl,32KB,1,sim_inst_rate,416666.6667
ijpeg,tscl,32KB,1,sim_total_insn,10004650
ijpeg,tscl,32KB,1,sim_total_refs,3860336
ijpeg,tscl,32KB,1,sim_total_loads,2144220
ijpeg,tscl,32KB,1,sim_total_stores,1716116.0000
ijpeg,tscl,32KB,1,sim_total_branches,2284700
ijpeg,tscl,32KB,1,sim_cycle,3740624
ijpeg,tscl,32KB,1,sim_IPC,2.6734
ijpeg,tscl,32KB,1,sim_CPI,0.3741
ijpeg,tscl,32KB,1,sim_exec_BW,2.6746
ijpeg,tscl,32KB,1,sim_IPB,4.3787
ijpeg,tscl,32KB,1,sim_slip,92160825
ijpeg,tscl,32KB,1,avg_sim_slip,9.2161
ijpeg,tscl,32KB,1,sim_invalid_addrs,0
ijpeg,tscl,512KB,0,sim_num_insn,10000000
ijpeg,tscl,512KB,0,sim_num_refs,3858713
ijpeg,tscl,512KB,0,sim_num_loads,2143319
ijpeg,tscl,512KB,0,sim_num_stores,1715394.0000
ijpeg,tscl,512KB,0,sim_num_branches,2283775
ijpeg,tscl,512KB,0,sim_elapsed_time,7
ijpeg,tscl,512KB,0,sim_inst_rate,1428571.4286
ijpeg,tscl,512KB,0,sim_total_insn,10004650
ijpeg,tscl,512KB,0,sim_total_refs,3860336
ijpeg,tscl,512KB,0,sim_total_loads,2144220
ijpeg,tscl,512KB,0,sim_total_stores,1716116.0000
ijpeg,tscl,512KB,0,sim_total_branches,2284700
ijpeg,tscl,512KB,0,sim_cycle,3740244
ijpeg,tscl,512KB,0,sim_IPC,2.6736
ijpeg,tscl,512KB,0,sim_CPI,0.3740
ijpeg,tscl,512KB,0,sim_exec_BW,2.6749
ijpeg,tscl,512KB,0,sim_IPB,4.3787
ijpeg,tscl,512KB,0,sim_slip,92161914
ijpeg,tscl,512KB,0,avg_sim_slip,9.2162
ijpeg,tscl,512KB,0,sim_invalid_addrs,0
ijpeg,tscl,512KB,1,sim_num_insn,10000000
ijpeg,tscl,512KB,1,sim_num_refs,3858713
ijpeg,tscl,512KB,1,sim_num_loads,2143319
ijpeg,tscl,512KB,1,sim_num_stores,1715394.0000
ijpeg,tscl,512KB,1,sim_num_branches,2283775
ijpeg,tscl,512KB,1,sim_elapsed_time,7
ijpeg,tscl,512KB,1,sim_inst_rate,1428571.4286
ijpeg,tscl,512KB,1,sim_total_insn,10004640
ijpeg,tscl,512KB,1,sim_total_refs,3860332
ijpeg,tscl,512KB,1,sim_total_loads,2144216
ijpeg,tscl,512KB,1,sim_total_stores,1716116.0000
ijpeg,tscl,512KB,1,sim_total_branches,2284696
ijpeg,tscl,512KB,1,sim_cycle,3740247
ijpeg,tscl,512KB,1,sim_IPC,2.6736
ijpeg,tscl,512KB,1,sim_CPI,0.3740
ijpeg,tscl,512KB,1,sim_exec_BW,2.6749
ijpeg,tscl,512KB,1,sim_IPB,4.3787
ijpeg,tscl,512KB,1,sim_slip,92161908
ijpeg,tscl,512KB,1,avg_sim_slip,9.2162
ijpeg,tscl,512KB,1,sim_invalid_addrs,0
ijpeg,tscl,64KB,0,sim_num_insn,10000000
ijpeg,tscl,64KB,0,sim_num_refs,3858713
ijpeg,tscl,64KB,0,sim_num_loads,2143319
ijpeg,tscl,64KB,0,sim_num_stores,1715394.0000
ijpeg,tscl,64KB,0,sim_num_branches,2283775
ijpeg,tscl,64KB,0,sim_elapsed_time,25
ijpeg,tscl,64KB,0,sim_inst_rate,400000.0000
ijpeg,tscl,64KB,0,sim_total_insn,10004650
ijpeg,tscl,64KB,0,sim_total_refs,3860336
ijpeg,tscl,64KB,0,sim_total_loads,2144220
ijpeg,tscl,64KB,0,sim_total_stores,1716116.0000
ijpeg,tscl,64KB,0,sim_total_branches,2284700
ijpeg,tscl,64KB,0,sim_cycle,3740244
ijpeg,tscl,64KB,0,sim_IPC,2.6736
ijpeg,tscl,64KB,0,sim_CPI,0.3740
ijpeg,tscl,64KB,0,sim_exec_BW,2.6749
ijpeg,tscl,64KB,0,sim_IPB,4.3787
ijpeg,tscl,64KB,0,sim_slip,92161914
ijpeg,tscl,64KB,0,avg_sim_slip,9.2162
ijpeg,tscl,64KB,0,sim_invalid_addrs,0
ijpeg,tscl,64KB,1,sim_num_insn,10000000
ijpeg,tscl,64KB,1,sim_num_refs,3858713
ijpeg,tscl,64KB,1,sim_num_loads,2143319
ijpeg,tscl,64KB,1,sim_num_stores,1715394.0000
ijpeg,tscl,64KB,1,sim_num_branches,2283775
ijpeg,tscl,64KB,1,sim_elapsed_time,26
ijpeg,tscl,64KB,1,sim_inst_rate,384615.3846
ijpeg,tscl,64KB,1,sim_total_insn,10004640
ijpeg,tscl,64KB,1,sim_total_refs,3860332
ijpeg,tscl,64KB,1,sim_total_loads,2144216
ijpeg,tscl,64KB,1,sim_total_stores,1716116.0000
ijpeg,tscl,64KB,1,sim_total_branches,2284696
ijpeg,tscl,64KB,1,sim_cycle,3740247
ijpeg,tscl,64KB,1,sim_IPC,2.6736
ijpeg,tscl,64KB,1,sim_CPI,0.3740
ijpeg,tscl,64KB,1,sim_exec_BW,2.6749
ijpeg,tscl,64KB,1,sim_IPB,4.3787
ijpeg,tscl,64KB,1,sim_slip,92161908
ijpeg,tscl,64KB,1,avg_sim_slip,9.2162
ijpeg,tscl,64KB,1,sim_invalid_addrs,0
li,tscl,128KB,0,sim_num_insn,10000001
li,tscl,128KB,0,sim_num_refs,4210216
li,tscl,128KB,0,sim_num_loads,2550730
li,tscl,128KB,0,sim_num_stores,1659486.0000
li,tscl,128KB,0,sim_num_branches,2297411
li,tscl,128KB,0,sim_elapsed_time,11
li,tscl,128KB,0,sim_inst_rate,909091.0000
li,tscl,128KB,0,sim_total_insn,11872979
li,tscl,128KB,0,sim_total_refs,4972974
li,tscl,128KB,0,sim_total_loads,3071225
li,tscl,128KB,0,sim_total_stores,1901749.0000
li,tscl,128KB,0,sim_total_branches,2693022
li,tscl,128KB,0,sim_cycle,6247911
li,tscl,128KB,0,sim_IPC,1.6005
li,tscl,128KB,0,sim_CPI,0.6248
li,tscl,128KB,0,sim_exec_BW,1.9003
li,tscl,128KB,0,sim_IPB,4.3527
li,tscl,128KB,0,sim_slip,99870481
li,tscl,128KB,0,avg_sim_slip,9.9870
li,tscl,128KB,0,sim_invalid_addrs,0
li,tscl,128KB,1,sim_num_insn,10000001
li,tscl,128KB,1,sim_num_refs,4210216
li,tscl,128KB,1,sim_num_loads,2550730
li,tscl,128KB,1,sim_num_stores,1659486.0000
li,tscl,128KB,1,sim_num_branches,2297411
li,tscl,128KB,1,sim_elapsed_time,9
li,tscl,128KB,1,sim_inst_rate,1111111.2222
li,tscl,128KB,1,sim_total_insn,11870664
li,tscl,128KB,1,sim_total_refs,4967782
li,tscl,128KB,1,sim_total_loads,3066157
li,tscl,128KB,1,sim_total_stores,1901625.0000
li,tscl,128KB,1,sim_total_branches,2693080
li,tscl,128KB,1,sim_cycle,6249734
li,tscl,128KB,1,sim_IPC,1.6001
li,tscl,128KB,1,sim_CPI,0.6250
li,tscl,128KB,1,sim_exec_BW,1.8994
li,tscl,128KB,1,sim_IPB,4.3527
li,tscl,128KB,1,sim_slip,99865797
li,tscl,128KB,1,avg_sim_slip,9.9866
li,tscl,128KB,1,sim_invalid_addrs,0
li,tscl,16KB,0,sim_num_insn,10000001
li,tscl,16KB,0,sim_num_refs,4210216
li,tscl,16KB,0,sim_num_loads,2550730
li,tscl,16KB,0,sim_num_stores,1659486.0000
li,tscl,16KB,0,sim_num_branches,2297411
li,tscl,16KB,0,sim_elapsed_time,34
li,tscl,16KB,0,sim_inst_rate,294117.6765
li,tscl,16KB,0,sim_total_insn,11990277
li,tscl,16KB,0,sim_total_refs,5000056
li,tscl,16KB,0,sim_total_loads,3088394
li,tscl,16KB,0,sim_total_stores,1911662.0000
li,tscl,16KB,0,sim_total_branches,2722857
li,tscl,16KB,0,sim_cycle,6316618
li,tscl,16KB,0,sim_IPC,1.5831
li,tscl,16KB,0,sim_CPI,0.6317
li,tscl,16KB,0,sim_exec_BW,1.8982
li,tscl,16KB,0,sim_IPB,4.3527
li,tscl,16KB,0,sim_slip,99736615
li,tscl,16KB,0,avg_sim_slip,9.9737
li,tscl,16KB,0,sim_invalid_addrs,0
li,tscl,16KB,1,sim_num_insn,10000001
li,tscl,16KB,1,sim_num_refs,4210216
li,tscl,16KB,1,sim_num_loads,2550730
li,tscl,16KB,1,sim_num_stores,1659486.0000
li,tscl,16KB,1,sim_num_branches,2297411
li,tscl,16KB,1,sim_elapsed_time,32
li,tscl,16KB,1,sim_inst_rate,312500.0312
li,tscl,16KB,1,sim_total_insn,11831339
li,tscl,16KB,1,sim_total_refs,4955403
li,tscl,16KB,1,sim_total_loads,3063710
li,tscl,16KB,1,sim_total_stores,1891693.0000
li,tscl,16KB,1,sim_total_branches,2683698
li,tscl,16KB,1,sim_cycle,6232017
li,tscl,16KB,1,sim_IPC,1.6046
li,tscl,16KB,1,sim_CPI,0.6232
li,tscl,16KB,1,sim_exec_BW,1.8985
li,tscl,16KB,1,sim_IPB,4.3527
li,tscl,16KB,1,sim_slip,99858049
li,tscl,16KB,1,avg_sim_slip,9.9858
li,tscl,16KB,1,sim_invalid_addrs,0
li,tscl,1MB,0,sim_num_insn,10000001
li,tscl,1MB,0,sim_num_refs,4210216
li,tscl,1MB,0,sim_num_loads,2550730
li,tscl,1MB,0,sim_num_stores,1659486.0000
li,tscl,1MB,0,sim_num_branches,2297411
li,tscl,1MB,0,sim_elapsed_time,10
li,tscl,1MB,0,sim_inst_rate,1000000.1000
li,tscl,1MB,0,sim_total_insn,12035213
li,tscl,1MB,0,sim_total_refs,5008019
li,tscl,1MB,0,sim_total_loads,3082915
li,tscl,1MB,0,sim_total_stores,1925104.0000
li,tscl,1MB,0,sim_total_branches,2733085
li,tscl,1MB,0,sim_cycle,6352008
li,tscl,1MB,0,sim_IPC,1.5743
li,tscl,1MB,0,sim_CPI,0.6352
li,tscl,1MB,0,sim_exec_BW,1.8947
li,tscl,1MB,0,sim_IPB,4.3527
li,tscl,1MB,0,sim_slip,99695234
li,tscl,1MB,0,avg_sim_slip,9.9695
li,tscl,1MB,0,sim_invalid_addrs,0
li,tscl,1MB,1,sim_num_insn,10000001
li,tscl,1MB,1,sim_num_refs,4210216
li,tscl,1MB,1,sim_num_loads,2550730
li,tscl,1MB,1,sim_num_stores,1659486.0000
li,tscl,1MB,1,sim_num_branches,2297411
li,tscl,1MB,1,sim_elapsed_time,8
li,tscl,1MB,1,sim_inst_rate,1250000.1250
li,tscl,1MB,1,sim_total_insn,11906260
li,tscl,1MB,1,sim_total_refs,4979776
li,tscl,1MB,1,sim_total_loads,3064598
li,tscl,1MB,1,sim_total_stores,1915178.0000
li,tscl,1MB,1,sim_total_branches,2695107
li,tscl,1MB,1,sim_cycle,6270329
li,tscl,1MB,1,sim_IPC,1.5948
li,tscl,1MB,1,sim_CPI,0.6270
li,tscl,1MB,1,sim_exec_BW,1.8988
li,tscl,1MB,1,sim_IPB,4.3527
li,tscl,1MB,1,sim_slip,99933109
li,tscl,1MB,1,avg_sim_slip,9.9933
li,tscl,1MB,1,sim_invalid_addrs,0
li,tscl,256KB,0,sim_num_insn,10000001
li,tscl,256KB,0,sim_num_refs,4210216
li,tscl,256KB,0,sim_num_loads,2550730
li,tscl,256KB,0,sim_num_stores,1659486.0000
li,tscl,256KB,0,sim_num_branches,2297411
li,tscl,256KB,0,sim_elapsed_time,9
li,tscl,256KB,0,sim_inst_rate,1111111.2222
li,tscl,256KB,0,sim_total_insn,11991663
li,tscl,256KB,0,sim_total_refs,4996058
li,tscl,256KB,0,sim_total_loads,3085458
li,tscl,256KB,0,sim_total_stores,1910600.0000
li,tscl,256KB,0,sim_total_branches,2729129
li,tscl,256KB,0,sim_cycle,6327356
li,tscl,256KB,0,sim_IPC,1.5804
li,tscl,256KB,0,sim_CPI,0.6327
li,tscl,256KB,0,sim_exec_BW,1.8952
li,tscl,256KB,0,sim_IPB,4.3527
li,tscl,256KB,0,sim_slip,99605867
li,tscl,256KB,0,avg_sim_slip,9.9606
li,tscl,256KB,0,sim_invalid_addrs,0
li,tscl,256KB,1,sim_num_insn,10000001
li,tscl,256KB,1,sim_num_refs,4210216
li,tscl,256KB,1,sim_num_loads,2550730
li,tscl,256KB,1,sim_num_stores,1659486.0000
li,tscl,256KB,1,sim_num_branches,2297411
li,tscl,256KB,1,sim_elapsed_time,8
li,tscl,256KB,1,sim_inst_rate,1250000.1250
li,tscl,256KB,1,sim_total_insn,11870892
li,tscl,256KB,1,sim_total_refs,4969370
li,tscl,256KB,1,sim_total_loads,3068304
li,tscl,256KB,1,sim_total_stores,1901066.0000
li,tscl,256KB,1,sim_total_branches,2694499
li,tscl,256KB,1,sim_cycle,6250327
li,tscl,256KB,1,sim_IPC,1.5999
li,tscl,256KB,1,sim_CPI,0.6250
li,tscl,256KB,1,sim_exec_BW,1.8992
li,tscl,256KB,1,sim_IPB,4.3527
li,tscl,256KB,1,sim_slip,99841446
li,tscl,256KB,1,avg_sim_slip,9.9841
li,tscl,256KB,1,sim_invalid_addrs,0
li,tscl,32KB,0,sim_num_insn,10000001
li,tscl,32KB,0,sim_num_refs,4210216
li,tscl,32KB,0,sim_num_loads,2550730
li,tscl,32KB,0,sim_num_stores,1659486.0000
li,tscl,32KB,0,sim_num_branches,2297411
li,tscl,32KB,0,sim_elapsed_time,33
li,tscl,32KB,0,sim_inst_rate,303030.3333
li,tscl,32KB,0,sim_total_insn,11992774
li,tscl,32KB,0,sim_total_refs,5003890
li,tscl,32KB,0,sim_total_loads,3091938
li,tscl,32KB,0,sim_total_stores,1911952.0000
li,tscl,32KB,0,sim_total_branches,2725163
li,tscl,32KB,0,sim_cycle,6323300
li,tscl,32KB,0,sim_IPC,1.5815
li,tscl,32KB,0,sim_CPI,0.6323
li,tscl,32KB,0,sim_exec_BW,1.8966
li,tscl,32KB,0,sim_IPB,4.3527
li,tscl,32KB,0,sim_slip,99638358
li,tscl,32KB,0,avg_sim_slip,9.9638
li,tscl,32KB,0,sim_invalid_addrs,0
li,tscl,32KB,1,sim_num_insn,10000001
li,tscl,32KB,1,sim_num_refs,4210216
li,tscl,32KB,1,sim_num_loads,2550730
li,tscl,32KB,1,sim_num_stores,1659486.0000
li,tscl,32KB,1,sim_num_branches,2297411
li,tscl,32KB,1,sim_elapsed_time,33
li,tscl,32KB,1,sim_inst_rate,303030.3333
li,tscl,32KB,1,sim_total_insn,11867536
li,tscl,32KB,1,sim_total_refs,4971488
li,tscl,32KB,1,sim_total_loads,3069589
li,tscl,32KB,1,sim_total_stores,1901899.0000
li,tscl,32KB,1,sim_total_branches,2689551
li,tscl,32KB,1,sim_cycle,6247601
li,tscl,32KB,1,sim_IPC,1.6006
li,tscl,32KB,1,sim_CPI,0.6248
li,tscl,32KB,1,sim_exec_BW,1.8995
li,tscl,32KB,1,sim_IPB,4.3527
li,tscl,32KB,1,sim_slip,99858978
li,tscl,32KB,1,avg_sim_slip,9.9859
li,tscl,32KB,1,sim_invalid_addrs,0
li,tscl,512KB,0,sim_num_insn,10000001
li,tscl,512KB,0,sim_num_refs,4210216
li,tscl,512KB,0,sim_num_loads,2550730
li,tscl,512KB,0,sim_num_stores,1659486.0000
li,tscl,512KB,0,sim_num_branches,2297411
li,tscl,512KB,0,sim_elapsed_time,11
li,tscl,512KB,0,sim_inst_rate,909091.0000
li,tscl,512KB,0,sim_total_insn,12022855
li,tscl,512KB,0,sim_total_refs,5003795
li,tscl,512KB,0,sim_total_loads,3082313
li,tscl,512KB,0,sim_total_stores,1921482.0000
li,tscl,512KB,0,sim_total_branches,2732005
li,tscl,512KB,0,sim_cycle,6345883
li,tscl,512KB,0,sim_IPC,1.5758
li,tscl,512KB,0,sim_CPI,0.6346
li,tscl,512KB,0,sim_exec_BW,1.8946
li,tscl,512KB,0,sim_IPB,4.3527
li,tscl,512KB,0,sim_slip,99680006
li,tscl,512KB,0,avg_sim_slip,9.9680
li,tscl,512KB,0,sim_invalid_addrs,0
li,tscl,512KB,1,sim_num_insn,10000001
li,tscl,512KB,1,sim_num_refs,4210216
li,tscl,512KB,1,sim_num_loads,2550730
li,tscl,512KB,1,sim_num_stores,1659486.0000
li,tscl,512KB,1,sim_num_branches,2297411
li,tscl,512KB,1,sim_elapsed_time,9
li,tscl,512KB,1,sim_inst_rate,1111111.2222
li,tscl,512KB,1,sim_total_insn,11901699
li,tscl,512KB,1,sim_total_refs,4978970
li,tscl,512KB,1,sim_total_loads,3066219
li,tscl,512KB,1,sim_total_stores,1912751.0000
li,tscl,512KB,1,sim_total_branches,2695012
li,tscl,512KB,1,sim_cycle,6273103
li,tscl,512KB,1,sim_IPC,1.5941
li,tscl,512KB,1,sim_CPI,0.6273
li,tscl,512KB,1,sim_exec_BW,1.8973
li,tscl,512KB,1,sim_IPB,4.3527
li,tscl,512KB,1,sim_slip,99937572
li,tscl,512KB,1,avg_sim_slip,9.9938
li,tscl,512KB,1,sim_invalid_addrs,0
li,tscl,64KB,0,sim_num_insn,10000001
li,tscl,64KB,0,sim_num_refs,4210216
li,tscl,64KB,0,sim_num_loads,2550730
li,tscl,64KB,0,sim_num_stores,1659486.0000
li,tscl,64KB,0,sim_num_branches,2297411
li,tscl,64KB,0,sim_elapsed_time,36
li,tscl,64KB,0,sim_inst_rate,277777.8056
li,tscl,64KB,0,sim_total_insn,11999100
li,tscl,64KB,0,sim_total_refs,5005444
li,tscl,64KB,0,sim_total_loads,3092436
li,tscl,64KB,0,sim_total_stores,1913008.0000
li,tscl,64KB,0,sim_total_branches,2727560
li,tscl,64KB,0,sim_cycle,6325846
li,tscl,64KB,0,sim_IPC,1.5808
li,tscl,64KB,0,sim_CPI,0.6326
li,tscl,64KB,0,sim_exec_BW,1.8968
li,tscl,64KB,0,sim_IPB,4.3527
li,tscl,64KB,0,sim_slip,99613625
li,tscl,64KB,0,avg_sim_slip,9.9614
li,tscl,64KB,0,sim_invalid_addrs,0
li,tscl,64KB,1,sim_num_insn,10000001
li,tscl,64KB,1,sim_num_refs,4210216
li,tscl,64KB,1,sim_num_loads,2550730
li,tscl,64KB,1,sim_num_stores,1659486.0000
li,tscl,64KB,1,sim_num_branches,2297411
li,tscl,64KB,1,sim_elapsed_time,31
li,tscl,64KB,1,sim_inst_rate,322580.6774
li,tscl,64KB,1,sim_total_insn,11870051
li,tscl,64KB,1,sim_total_refs,4972298
li,tscl,64KB,1,sim_total_loads,3069630
li,tscl,64KB,1,sim_total_stores,1902668.0000
li,tscl,64KB,1,sim_total_branches,2690430
li,tscl,64KB,1,sim_cycle,6247210
li,tscl,64KB,1,sim_IPC,1.6007
li,tscl,64KB,1,sim_CPI,0.6247
li,tscl,64KB,1,sim_exec_BW,1.9001
li,tscl,64KB,1,sim_IPB,4.3527
li,tscl,64KB,1,sim_slip,99854637
li,tscl,64KB,1,avg_sim_slip,9.9855
li,tscl,64KB,1,sim_invalid_addrs,0
perl,tscl,128KB,0,sim_num_insn,10000002
perl,tscl,128KB,0,sim_num_refs,4474345
perl,tscl,128KB,0,sim_num_loads,2743709
perl,tscl,128KB,0,sim_num_stores,1730636.0000
perl,tscl,128KB,0,sim_num_branches,2039368
perl,tscl,128KB,0,sim_elapsed_time,9
perl,tscl,128KB,0,sim_inst_rate,1111111.3333
perl,tscl,128KB,0,sim_total_insn,11408752
perl,tscl,128KB,0,sim_total_refs,5120508
perl,tscl,128KB,0,sim_total_loads,3202168
perl,tscl,128KB,0,sim_total_stores,1918340.0000
perl,tscl,128KB,0,sim_total_branches,2276805
perl,tscl,128KB,0,sim_cycle,9082196
perl,tscl,128KB,0,sim_IPC,1.1011
perl,tscl,128KB,0,sim_CPI,0.9082
perl,tscl,128KB,0,sim_exec_BW,1.2562
perl,tscl,128KB,0,sim_IPB,4.9035
perl,tscl,128KB,0,sim_slip,90801087
perl,tscl,128KB,0,avg_sim_slip,9.0801
perl,tscl,128KB,0,sim_invalid_addrs,0
perl,tscl,128KB,1,sim_num_insn,10000002
perl,tscl,128KB,1,sim_num_refs,4474345
perl,tscl,128KB,1,sim_num_loads,2743709
perl,tscl,128KB,1,sim_num_stores,1730636.0000
perl,tscl,128KB,1,sim_num_branches,2039368
perl,tscl,128KB,1,sim_elapsed_time,8
perl,tscl,128KB,1,sim_inst_rate,1250000.2500
perl,tscl,128KB,1,sim_total_insn,11423242
perl,tscl,128KB,1,sim_total_refs,5126785
perl,tscl,128KB,1,sim_total_loads,3206223
perl,tscl,128KB,1,sim_total_stores,1920562.0000
perl,tscl,128KB,1,sim_total_branches,2278538
perl,tscl,128KB,1,sim_cycle,9089537
perl,tscl,128KB,1,sim_IPC,1.1002
perl,tscl,128KB,1,sim_CPI,0.9090
perl,tscl,128KB,1,sim_exec_BW,1.2567
perl,tscl,128KB,1,sim_IPB,4.9035
perl,tscl,128KB,1,sim_slip,90781544
perl,tscl,128KB,1,avg_sim_slip,9.0782
perl,tscl,128KB,1,sim_invalid_addrs,0
perl,tscl,16KB,0,sim_num_insn,10000002
perl,tscl,16KB,0,sim_num_refs,4474345
perl,tscl,16KB,0,sim_num_loads,2743709
perl,tscl,16KB,0,sim_num_stores,1730636.0000
perl,tscl,16KB,0,sim_num_branches,2039368
perl,tscl,16KB,0,sim_elapsed_time,34
perl,tscl,16KB,0,sim_inst_rate,294117.7059
perl,tscl,16KB,0,sim_total_insn,11423236
perl,tscl,16KB,0,sim_total_refs,5126437
perl,tscl,16KB,0,sim_total_loads,3205171
perl,tscl,16KB,0,sim_total_stores,1921266.0000
perl,tscl,16KB,0,sim_total_branches,2277963
perl,tscl,16KB,0,sim_cycle,9092104
perl,tscl,16KB,0,sim_IPC,1.0999
perl,tscl,16KB,0,sim_CPI,0.9092
perl,tscl,16KB,0,sim_exec_BW,1.2564
perl,tscl,16KB,0,sim_IPB,4.9035
perl,tscl,16KB,0,sim_slip,90756976
perl,tscl,16KB,0,avg_sim_slip,9.0757
perl,tscl,16KB,0,sim_invalid_addrs,0
perl,tscl,16KB,1,sim_num_insn,10000002
perl,tscl,16KB,1,sim_num_refs,4474345
perl,tscl,16KB,1,sim_num_loads,2743709
perl,tscl,16KB,1,sim_num_stores,1730636.0000
perl,tscl,16KB,1,sim_num_branches,2039368
perl,tscl,16KB,1,sim_elapsed_time,34
perl,tscl,16KB,1,sim_inst_rate,294117.7059
perl,tscl,16KB,1,sim_total_insn,11427138
perl,tscl,16KB,1,sim_total_refs,5129192
perl,tscl,16KB,1,sim_total_loads,3205490
perl,tscl,16KB,1,sim_total_stores,1923702.0000
perl,tscl,16KB,1,sim_total_branches,2279241
perl,tscl,16KB,1,sim_cycle,9152903
perl,tscl,16KB,1,sim_IPC,1.0925
perl,tscl,16KB,1,sim_CPI,0.9153
perl,tscl,16KB,1,sim_exec_BW,1.2485
perl,tscl,16KB,1,sim_IPB,4.9035
perl,tscl,16KB,1,sim_slip,90751854
perl,tscl,16KB,1,avg_sim_slip,9.0752
perl,tscl,16KB,1,sim_invalid_addrs,0
perl,tscl,1MB,0,sim_num_insn,10000002
perl,tscl,1MB,0,sim_num_refs,4474345
perl,tscl,1MB,0,sim_num_loads,2743709
perl,tscl,1MB,0,sim_num_stores,1730636.0000
perl,tscl,1MB,0,sim_num_branches,2039368
perl,tscl,1MB,0,sim_elapsed_time,9
perl,tscl,1MB,0,sim_inst_rate,1111111.3333
perl,tscl,1MB,0,sim_total_insn,11410112
perl,tscl,1MB,0,sim_total_refs,5122046
perl,tscl,1MB,0,sim_total_loads,3203675
perl,tscl,1MB,0,sim_total_stores,1918371.0000
perl,tscl,1MB,0,sim_total_branches,2276701
perl,tscl,1MB,0,sim_cycle,9083775
perl,tscl,1MB,0,sim_IPC,1.1009
perl,tscl,1MB,0,sim_CPI,0.9084
perl,tscl,1MB,0,sim_exec_BW,1.2561
perl,tscl,1MB,0,sim_IPB,4.9035
perl,tscl,1MB,0,sim_slip,90798531
perl,tscl,1MB,0,avg_sim_slip,9.0799
perl,tscl,1MB,0,sim_invalid_addrs,0
perl,tscl,1MB,1,sim_num_insn,10000002
perl,tscl,1MB,1,sim_num_refs,4474345
perl,tscl,1MB,1,sim_num_loads,2743709
perl,tscl,1MB,1,sim_num_stores,1730636.0000
perl,tscl,1MB,1,sim_num_branches,2039368
perl,tscl,1MB,1,sim_elapsed_time,7
perl,tscl,1MB,1,sim_inst_rate,1428571.7143
perl,tscl,1MB,1,sim_total_insn,11395433
perl,tscl,1MB,1,sim_total_refs,5110738
perl,tscl,1MB,1,sim_total_loads,3191817
perl,tscl,1MB,1,sim_total_stores,1918921.0000
perl,tscl,1MB,1,sim_total_branches,2275423
perl,tscl,1MB,1,sim_cycle,9070427
perl,tscl,1MB,1,sim_IPC,1.1025
perl,tscl,1MB,1,sim_CPI,0.9070
perl,tscl,1MB,1,sim_exec_BW,1.2563
perl,tscl,1MB,1,sim_IPB,4.9035
perl,tscl,1MB,1,sim_slip,90831168
perl,tscl,1MB,1,avg_sim_slip,9.0831
perl,tscl,1MB,1,sim_invalid_addrs,0
perl,tscl,256KB,0,sim_num_insn,10000002
perl,tscl,256KB,0,sim_num_refs,4474345
perl,tscl,256KB,0,sim_num_loads,2743709
perl,tscl,256KB,0,sim_num_stores,1730636.0000
perl,tscl,256KB,0,sim_num_branches,2039368
perl,tscl,256KB,0,sim_elapsed_time,9
perl,tscl,256KB,0,sim_inst_rate,1111111.3333
perl,tscl,256KB,0,sim_total_insn,11422013
perl,tscl,256KB,0,sim_total_refs,5125731
perl,tscl,256KB,0,sim_total_loads,3205685
perl,tscl,256KB,0,sim_total_stores,1920046.0000
perl,tscl,256KB,0,sim_total_branches,2278017
perl,tscl,256KB,0,sim_cycle,9091045
perl,tscl,256KB,0,sim_IPC,1.1000
perl,tscl,256KB,0,sim_CPI,0.9091
perl,tscl,256KB,0,sim_exec_BW,1.2564
perl,tscl,256KB,0,sim_IPB,4.9035
perl,tscl,256KB,0,sim_slip,90771310
perl,tscl,256KB,0,avg_sim_slip,9.0771
perl,tscl,256KB,0,sim_invalid_addrs,0
perl,tscl,256KB,1,sim_num_insn,10000002
perl,tscl,256KB,1,sim_num_refs,4474345
perl,tscl,256KB,1,sim_num_loads,2743709
perl,tscl,256KB,1,sim_num_stores,1730636.0000
perl,tscl,256KB,1,sim_num_branches,2039368
perl,tscl,256KB,1,sim_elapsed_time,7
perl,tscl,256KB,1,sim_inst_rate,1428571.7143
perl,tscl,256KB,1,sim_total_insn,11407281
perl,tscl,256KB,1,sim_total_refs,5114520
perl,tscl,256KB,1,sim_total_loads,3193892
perl,tscl,256KB,1,sim_total_stores,1920628.0000
perl,tscl,256KB,1,sim_total_branches,2276594
perl,tscl,256KB,1,sim_cycle,9077848
perl,tscl,256KB,1,sim_IPC,1.1016
perl,tscl,256KB,1,sim_CPI,0.9078
perl,tscl,256KB,1,sim_exec_BW,1.2566
perl,tscl,256KB,1,sim_IPB,4.9035
perl,tscl,256KB,1,sim_slip,90804079
perl,tscl,256KB,1,avg_sim_slip,9.0804
perl,tscl,256KB,1,sim_invalid_addrs,0
perl,tscl,32KB,0,sim_num_insn,10000002
perl,tscl,32KB,0,sim_num_refs,4474345
perl,tscl,32KB,0,sim_num_loads,2743709
perl,tscl,32KB,0,sim_num_stores,1730636.0000
perl,tscl,32KB,0,sim_num_branches,2039368
perl,tscl,32KB,0,sim_elapsed_time,35
perl,tscl,32KB,0,sim_inst_rate,285714.3429
perl,tscl,32KB,0,sim_total_insn,11421264
perl,tscl,32KB,0,sim_total_refs,5125541
perl,tscl,32KB,0,sim_total_loads,3204834
perl,tscl,32KB,0,sim_total_stores,1920707.0000
perl,tscl,32KB,0,sim_total_branches,2278018
perl,tscl,32KB,0,sim_cycle,9090337
perl,tscl,32KB,0,sim_IPC,1.1001
perl,tscl,32KB,0,sim_CPI,0.9090
perl,tscl,32KB,0,sim_exec_BW,1.2564
perl,tscl,32KB,0,sim_IPB,4.9035
perl,tscl,32KB,0,sim_slip,90773346
perl,tscl,32KB,0,avg_sim_slip,9.0773
perl,tscl,32KB,0,sim_invalid_addrs,0
perl,tscl,32KB,1,sim_num_insn,10000002
perl,tscl,32KB,1,sim_num_refs,4474345
perl,tscl,32KB,1,sim_num_loads,2743709
perl,tscl,32KB,1,sim_num_stores,1730636.0000
perl,tscl,32KB,1,sim_num_branches,2039368
perl,tscl,32KB,1,sim_elapsed_time,35
perl,tscl,32KB,1,sim_inst_rate,285714.3429
perl,tscl,32KB,1,sim_total_insn,11421584
perl,tscl,32KB,1,sim_total_refs,5125706
perl,tscl,32KB,1,sim_total_loads,3204925
perl,tscl,32KB,1,sim_total_stores,1920781.0000
perl,tscl,32KB,1,sim_total_branches,2278285
perl,tscl,32KB,1,sim_cycle,9117458
perl,tscl,32KB,1,sim_IPC,1.0968
perl,tscl,32KB,1,sim_CPI,0.9117
perl,tscl,32KB,1,sim_exec_BW,1.2527
perl,tscl,32KB,1,sim_IPB,4.9035
perl,tscl,32KB,1,sim_slip,90754666
perl,tscl,32KB,1,avg_sim_slip,9.0755
perl,tscl,32KB,1,sim_invalid_addrs,0
perl,tscl,512KB,0,sim_num_insn,10000002
perl,tscl,512KB,0,sim_num_refs,4474345
perl,tscl,512KB,0,sim_num_loads,2743709
perl,tscl,512KB,0,sim_num_stores,1730636.0000
perl,tscl,512KB,0,sim_num_branches,2039368
perl,tscl,512KB,0,sim_elapsed_time,12
perl,tscl,512KB,0,sim_inst_rate,833333.5000
perl,tscl,512KB,0,sim_total_insn,11406513
perl,tscl,512KB,0,sim_total_refs,5113338
perl,tscl,512KB,0,sim_total_loads,3193307
perl,tscl,512KB,0,sim_total_stores,1920031.0000
perl,tscl,512KB,0,sim_total_branches,2276475
perl,tscl,512KB,0,sim_cycle,9079091
perl,tscl,512KB,0,sim_IPC,1.1014
perl,tscl,512KB,0,sim_CPI,0.9079
perl,tscl,512KB,0,sim_exec_BW,1.2563
perl,tscl,512KB,0,sim_IPB,4.9035
perl,tscl,512KB,0,sim_slip,90799902
perl,tscl,512KB,0,avg_sim_slip,9.0800
perl,tscl,512KB,0,sim_invalid_addrs,0
perl,tscl,512KB,1,sim_num_insn,10000002
perl,tscl,512KB,1,sim_num_refs,4474345
perl,tscl,512KB,1,sim_num_loads,2743709
perl,tscl,512KB,1,sim_num_stores,1730636.0000
perl,tscl,512KB,1,sim_num_branches,2039368
perl,tscl,512KB,1,sim_elapsed_time,9
perl,tscl,512KB,1,sim_inst_rate,1111111.3333
perl,tscl,512KB,1,sim_total_insn,11406691
perl,tscl,512KB,1,sim_total_refs,5113922
perl,tscl,512KB,1,sim_total_loads,3193337
perl,tscl,512KB,1,sim_total_stores,1920585.0000
perl,tscl,512KB,1,sim_total_branches,2276699
perl,tscl,512KB,1,sim_cycle,9077059
perl,tscl,512KB,1,sim_IPC,1.1017
perl,tscl,512KB,1,sim_CPI,0.9077
perl,tscl,512KB,1,sim_exec_BW,1.2567
perl,tscl,512KB,1,sim_IPB,4.9035
perl,tscl,512KB,1,sim_slip,90807555
perl,tscl,512KB,1,avg_sim_slip,9.0808
perl,tscl,512KB,1,sim_invalid_addrs,0
perl,tscl,64KB,0,sim_num_insn,10000002
perl,tscl,64KB,0,sim_num_refs,4474345
perl,tscl,64KB,0,sim_num_loads,2743709
perl,tscl,64KB,0,sim_num_stores,1730636.0000
perl,tscl,64KB,0,sim_num_branches,2039368
perl,tscl,64KB,0,sim_elapsed_time,35
perl,tscl,64KB,0,sim_inst_rate,285714.3429
perl,tscl,64KB,0,sim_total_insn,11422547
perl,tscl,64KB,0,sim_total_refs,5126401
perl,tscl,64KB,0,sim_total_loads,3205901
perl,tscl,64KB,0,sim_total_stores,1920500.0000
perl,tscl,64KB,0,sim_total_branches,2278304
perl,tscl,64KB,0,sim_cycle,9090134
perl,tscl,64KB,0,sim_IPC,1.1001
perl,tscl,64KB,0,sim_CPI,0.9090
perl,tscl,64KB,0,sim_exec_BW,1.2566
perl,tscl,64KB,0,sim_IPB,4.9035
perl,tscl,64KB,0,sim_slip,90778270
perl,tscl,64KB,0,avg_sim_slip,9.0778
perl,tscl,64KB,0,sim_invalid_addrs,0
perl,tscl,64KB,1,sim_num_insn,10000002
perl,tscl,64KB,1,sim_num_refs,4474345
perl,tscl,64KB,1,sim_num_loads,2743709
perl,tscl,64KB,1,sim_num_stores,1730636.0000
perl,tscl,64KB,1,sim_num_branches,2039368
perl,tscl,64KB,1,sim_elapsed_time,32
perl,tscl,64KB,1,sim_inst_rate,312500.0625
perl,tscl,64KB,1,sim_total_insn,11422499
perl,tscl,64KB,1,sim_total_refs,5126432
perl,tscl,64KB,1,sim_total_loads,3205944
perl,tscl,64KB,1,sim_total_stores,1920488.0000
perl,tscl,64KB,1,sim_total_branches,2278318
perl,tscl,64KB,1,sim_cycle,9089227
perl,tscl,64KB,1,sim_IPC,1.1002
perl,tscl,64KB,1,sim_CPI,0.9089
perl,tscl,64KB,1,sim_exec_BW,1.2567
perl,tscl,64KB,1,sim_IPB,4.9035
perl,tscl,64KB,1,sim_slip,90777004
perl,tscl,64KB,1,avg_sim_slip,9.0777
perl,tscl,64KB,1,sim_invalid_addrs,0
